t_s,A_40GHz_dB,A_1550nm_dB,ILWC_kg_m2
0,0.000000,0.0000,0.000000
1,0.000000,0.0000,0.000000
2,0.000000,0.0000,0.000000
3,0.000000,0.0000,0.000000
4,0.000000,0.0000,0.000000
5,0.000000,0.0000,0.000000
6,0.000000,0.0000,0.000000
7,0.000000,0.0000,0.000000
8,0.000000,0.0000,0.000000
9,0.000000,0.0000,0.000000
10,0.000000,0.0000,0.000000
11,0.000000,0.0000,0.000000
12,0.000000,0.0000,0.000000
13,0.000000,0.0000,0.000000
14,0.000000,0.0000,0.000000
15,0.000000,0.0000,0.000000
16,0.000000,0.0000,0.000000
17,0.000000,0.0000,0.000000
18,0.000000,0.0000,0.000000
19,0.000000,0.0000,0.000000
20,0.000000,0.0000,0.000000
21,0.000000,0.0000,0.000000
22,0.000000,0.0000,0.000000
23,0.000000,0.0000,0.000000
24,0.000000,0.0000,0.000000
25,0.000000,0.0000,0.000000
26,0.000000,0.0000,0.000000
27,0.000000,0.0000,0.000000
28,0.000000,0.0000,0.000000
29,0.000000,0.0000,0.000000
30,0.000000,0.0000,0.000000
31,0.000000,0.0000,0.000000
32,0.000000,0.0000,0.000000
33,0.000000,0.0000,0.000000
34,0.000000,0.0000,0.000000
35,0.000000,0.0000,0.000000
36,0.000000,0.0000,0.000000
37,0.000000,0.0000,0.000000
38,0.000000,0.0000,0.000000
39,0.000000,0.0000,0.000000
40,0.000000,0.0000,0.000000
41,0.000000,0.0000,0.000000
42,0.000000,0.0000,0.000000
43,0.000000,0.0000,0.000000
44,0.000000,0.0000,0.000000
45,0.000000,0.0000,0.000000
46,0.000000,0.0000,0.000000
47,0.000000,0.0000,0.000000
48,0.000000,0.0000,0.000000
49,0.000000,0.0000,0.000000
50,0.000000,0.0000,0.000000
51,0.000000,0.0000,0.000000
52,0.000000,0.0000,0.000000
53,0.000000,0.0000,0.000000
54,0.000000,0.0000,0.000000
55,0.000000,0.0000,0.000000
56,0.000000,0.0000,0.000000
57,0.000000,0.0000,0.000000
58,0.000000,0.0000,0.000000
59,0.000000,0.0000,0.000000
60,0.000000,0.0000,0.000000
61,0.000000,0.0000,0.000000
62,0.000000,0.0000,0.000000
63,0.000000,0.0000,0.000000
64,0.000000,0.0000,0.000000
65,0.000000,0.0000,0.000000
66,0.000000,0.0000,0.000000
67,0.000000,0.0000,0.000000
68,0.000000,0.0000,0.000000
69,0.000000,0.0000,0.000000
70,0.000000,0.0000,0.000000
71,0.000000,0.0000,0.000000
72,0.000000,0.0000,0.000000
73,0.000000,0.0000,0.000000
74,0.000000,0.0000,0.000000
75,0.000000,0.0000,0.000000
76,0.000000,0.0000,0.000000
77,0.000000,0.0000,0.000000
78,0.000000,0.0000,0.000000
79,0.000000,0.0000,0.000000
80,0.000000,0.0000,0.000000
81,0.000000,0.0000,0.000000
82,0.000000,0.0000,0.000000
83,0.000000,0.0000,0.000000
84,0.000000,0.0000,0.000000
85,0.000000,0.0000,0.000000
86,0.000000,0.0000,0.000000
87,0.000000,0.0000,0.000000
88,0.000000,0.0000,0.000000
89,0.000000,0.0000,0.000000
90,0.000000,0.0000,0.000000
91,0.000000,0.0000,0.000000
92,0.000000,0.0000,0.000000
93,0.000000,0.0000,0.000000
94,0.000000,0.0000,0.000000
95,0.000000,0.0000,0.000000
96,0.000000,0.0000,0.000000
97,0.000000,0.0000,0.000000
98,0.000000,0.0000,0.000000
99,0.000000,0.0000,0.000000
100,0.000000,0.0000,0.000000
101,0.000000,0.0000,0.000000
102,0.000000,0.0000,0.000000
103,0.000000,0.0000,0.000000
104,0.000000,0.0000,0.000000
105,0.000000,0.0000,0.000000
106,0.000000,0.0000,0.000000
107,0.000000,0.0000,0.000000
108,0.000000,0.0000,0.000000
109,0.000000,0.0000,0.000000
110,0.000000,0.0000,0.000000
111,0.000000,0.0000,0.000000
112,0.000000,0.0000,0.000000
113,0.000000,0.0000,0.000000
114,0.000000,0.0000,0.000000
115,0.000000,0.0000,0.000000
116,0.000000,0.0000,0.000000
117,0.000000,0.0000,0.000000
118,0.000000,0.0000,0.000000
119,0.000000,0.0000,0.000000
120,0.000000,0.0000,0.000000
121,0.000000,0.0000,0.000000
122,0.000000,0.0000,0.000000
123,0.000000,0.0000,0.000000
124,0.000000,0.0000,0.000000
125,0.000000,0.0000,0.000000
126,0.000000,0.0000,0.000000
127,0.000000,0.0000,0.000000
128,0.000000,0.0000,0.000000
129,0.000000,0.0000,0.000000
130,0.000000,0.0000,0.000000
131,0.000000,0.0000,0.000000
132,0.000000,0.0000,0.000000
133,0.000000,0.0000,0.000000
134,0.000000,0.0000,0.000000
135,0.000000,0.0000,0.000000
136,0.000000,0.0000,0.000000
137,0.000000,0.0000,0.000000
138,0.000000,0.0000,0.000000
139,0.000000,0.0000,0.000000
140,0.000000,0.0000,0.000000
141,0.000000,0.0000,0.000000
142,0.000000,0.0000,0.000000
143,0.000000,0.0000,0.000000
144,0.000000,0.0000,0.000000
145,0.000000,0.0000,0.000000
146,0.000000,0.0000,0.000000
147,0.000000,0.0000,0.000000
148,0.000000,0.0000,0.000000
149,0.000000,0.0000,0.000000
150,0.000000,0.0000,0.000000
151,0.000000,0.0000,0.000000
152,0.000000,0.0000,0.000000
153,0.000000,0.0000,0.000000
154,0.000000,0.0000,0.000000
155,0.000000,0.0000,0.000000
156,0.000000,0.0000,0.000000
157,0.000000,0.0000,0.000000
158,0.000000,0.0000,0.000000
159,0.000000,0.0000,0.000000
160,0.000000,0.0000,0.000000
161,0.000000,0.0000,0.000000
162,0.000000,0.0000,0.000000
163,0.000000,0.0000,0.000000
164,0.000000,0.0000,0.000000
165,0.000000,0.0000,0.000000
166,0.000000,0.0000,0.000000
167,0.000000,0.0000,0.000000
168,0.000000,0.0000,0.000000
169,0.000000,0.0000,0.000000
170,0.000000,0.0000,0.000000
171,0.000000,0.0000,0.000000
172,0.000000,0.0000,0.000000
173,0.000000,0.0000,0.000000
174,0.000000,0.0000,0.000000
175,0.000000,0.0000,0.000000
176,0.000000,0.0000,0.000000
177,0.000000,0.0000,0.000000
178,0.000000,0.0000,0.000000
179,0.000000,0.0000,0.000000
180,0.000000,0.0000,0.000000
181,0.000000,0.0000,0.000000
182,0.000000,0.0000,0.000000
183,0.000000,0.0000,0.000000
184,0.000000,0.0000,0.000000
185,0.000000,0.0000,0.000000
186,0.000000,0.0000,0.000000
187,0.000000,0.0000,0.000000
188,0.000000,0.0000,0.000000
189,0.000000,0.0000,0.000000
190,0.000000,0.0000,0.000000
191,0.000000,0.0000,0.000000
192,0.000000,0.0000,0.000000
193,0.000000,0.0000,0.000000
194,0.000000,0.0000,0.000000
195,0.000000,0.0000,0.000000
196,0.000000,0.0000,0.000000
197,0.000000,0.0000,0.000000
198,0.000000,0.0000,0.000000
199,0.000000,0.0000,0.000000
200,0.000000,0.0000,0.000000
201,0.000000,0.0000,0.000000
202,0.000000,0.0000,0.000000
203,0.000000,0.0000,0.000000
204,0.000000,0.0000,0.000000
205,0.000000,0.0000,0.000000
206,0.000000,0.0000,0.000000
207,0.000000,0.0000,0.000000
208,0.000000,0.0000,0.000000
209,0.000000,0.0000,0.000000
210,0.000000,0.0000,0.000000
211,0.000000,0.0000,0.000000
212,0.000000,0.0000,0.000000
213,0.000000,0.0000,0.000000
214,0.000000,0.0000,0.000000
215,0.000000,0.0000,0.000000
216,0.000000,0.0000,0.000000
217,0.000000,0.0000,0.000000
218,0.000000,0.0000,0.000000
219,0.000000,0.0000,0.000000
220,0.000000,0.0000,0.000000
221,0.000000,0.0000,0.000000
222,0.000000,0.0000,0.000000
223,0.000000,0.0000,0.000000
224,0.000000,0.0000,0.000000
225,0.000000,0.0000,0.000000
226,0.000000,0.0000,0.000000
227,0.000000,0.0000,0.000000
228,0.000000,0.0000,0.000000
229,0.000000,0.0000,0.000000
230,0.000000,0.0000,0.000000
231,0.000000,0.0000,0.000000
232,0.000000,0.0000,0.000000
233,0.000000,0.0000,0.000000
234,0.000000,0.0000,0.000000
235,0.000000,0.0000,0.000000
236,0.000000,0.0000,0.000000
237,0.000000,0.0000,0.000000
238,0.000000,0.0000,0.000000
239,0.000000,0.0000,0.000000
240,0.000000,0.0000,0.000000
241,0.000000,0.0000,0.000000
242,0.000000,0.0000,0.000000
243,0.000000,0.0000,0.000000
244,0.000000,0.0000,0.000000
245,0.000000,0.0000,0.000000
246,0.000000,0.0000,0.000000
247,0.000000,0.0000,0.000000
248,0.000000,0.0000,0.000000
249,0.000000,0.0000,0.000000
250,0.000000,0.0000,0.000000
251,0.000000,0.0000,0.000000
252,0.000000,0.0000,0.000000
253,0.000000,0.0000,0.000000
254,0.000000,0.0000,0.000000
255,0.000000,0.0000,0.000000
256,0.000000,0.0000,0.000000
257,0.000000,0.0000,0.000000
258,0.000000,0.0000,0.000000
259,0.000000,0.0000,0.000000
260,0.000000,0.0000,0.000000
261,0.000000,0.0000,0.000000
262,0.000000,0.0000,0.000000
263,0.000000,0.0000,0.000000
264,0.000000,0.0000,0.000000
265,0.000000,0.0000,0.000000
266,0.000000,0.0000,0.000000
267,0.000000,0.0000,0.000000
268,0.000000,0.0000,0.000000
269,0.000000,0.0000,0.000000
270,0.000000,0.0000,0.000000
271,0.000000,0.0000,0.000000
272,0.000000,0.0000,0.000000
273,0.000000,0.0000,0.000000
274,0.000000,0.0000,0.000000
275,0.000000,0.0000,0.000000
276,0.000000,0.0000,0.000000
277,0.000000,0.0000,0.000000
278,0.000000,0.0000,0.000000
279,0.000000,0.0000,0.000000
280,0.000000,0.0000,0.000000
281,0.000000,0.0000,0.000000
282,0.000000,0.0000,0.000000
283,0.000000,0.0000,0.000000
284,0.000000,0.0000,0.000000
285,0.000000,0.0000,0.000000
286,0.000000,0.0000,0.000000
287,0.000000,0.0000,0.000000
288,0.000000,0.0000,0.000000
289,0.000000,0.0000,0.000000
290,0.000000,0.0000,0.000000
291,0.000000,0.0000,0.000000
292,0.000000,0.0000,0.000000
293,0.000000,0.0000,0.000000
294,0.000000,0.0000,0.000000
295,0.000000,0.0000,0.000000
296,0.000000,0.0000,0.000000
297,0.000000,0.0000,0.000000
298,0.000000,0.0000,0.000000
299,0.000000,0.0000,0.000000
300,0.000000,0.0000,0.000000
301,0.000000,0.0000,0.000000
302,0.000000,0.0000,0.000000
303,0.000000,0.0000,0.000000
304,0.000000,0.0000,0.000000
305,0.000000,0.0000,0.000000
306,0.000000,0.0000,0.000000
307,0.000000,0.0000,0.000000
308,0.000000,0.0000,0.000000
309,0.000000,0.0000,0.000000
310,0.000000,0.0000,0.000000
311,0.000000,0.0000,0.000000
312,0.000000,0.0000,0.000000
313,0.000000,0.0000,0.000000
314,0.000000,0.0000,0.000000
315,0.000000,0.0000,0.000000
316,0.000000,0.0000,0.000000
317,0.000000,0.0000,0.000000
318,0.000000,0.0000,0.000000
319,0.000000,0.0000,0.000000
320,0.000000,0.0000,0.000000
321,0.000000,0.0000,0.000000
322,0.000000,0.0000,0.000000
323,0.000000,0.0000,0.000000
324,0.000000,0.0000,0.000000
325,0.000000,0.0000,0.000000
326,0.000000,0.0000,0.000000
327,0.000000,0.0000,0.000000
328,0.000000,0.0000,0.000000
329,0.000000,0.0000,0.000000
330,0.000000,0.0000,0.000000
331,0.000000,0.0000,0.000000
332,0.000000,0.0000,0.000000
333,0.000000,0.0000,0.000000
334,0.000000,0.0000,0.000000
335,0.000000,0.0000,0.000000
336,0.000000,0.0000,0.000000
337,0.000000,0.0000,0.000000
338,0.000000,0.0000,0.000000
339,0.000000,0.0000,0.000000
340,0.000000,0.0000,0.000000
341,0.000000,0.0000,0.000000
342,0.000000,0.0000,0.000000
343,0.000000,0.0000,0.000000
344,0.000000,0.0000,0.000000
345,0.000000,0.0000,0.000000
346,0.000000,0.0000,0.000000
347,0.000000,0.0000,0.000000
348,0.000000,0.0000,0.000000
349,0.000000,0.0000,0.000000
350,0.000000,0.0000,0.000000
351,0.000000,0.0000,0.000000
352,0.000000,0.0000,0.000000
353,0.000000,0.0000,0.000000
354,0.000000,0.0000,0.000000
355,0.000000,0.0000,0.000000
356,0.000000,0.0000,0.000000
357,0.000000,0.0000,0.000000
358,0.000000,0.0000,0.000000
359,0.000000,0.0000,0.000000
360,0.000000,0.0000,0.000000
361,0.000000,0.0000,0.000000
362,0.000000,0.0000,0.000000
363,0.000000,0.0000,0.000000
364,0.000000,0.0000,0.000000
365,0.000000,0.0000,0.000000
366,0.000000,0.0000,0.000000
367,0.000000,0.0000,0.000000
368,0.000000,0.0000,0.000000
369,0.000000,0.0000,0.000000
370,0.000000,0.0000,0.000000
371,0.000000,0.0000,0.000000
372,0.000000,0.0000,0.000000
373,0.000000,0.0000,0.000000
374,0.000000,0.0000,0.000000
375,0.000000,0.0000,0.000000
376,0.000000,0.0000,0.000000
377,0.000000,0.0000,0.000000
378,0.000000,0.0000,0.000000
379,0.000000,0.0000,0.000000
380,0.000000,0.0000,0.000000
381,0.000000,0.0000,0.000000
382,0.000000,0.0000,0.000000
383,0.000000,0.0000,0.000000
384,0.000000,0.0000,0.000000
385,0.000000,0.0000,0.000000
386,0.000000,0.0000,0.000000
387,0.000000,0.0000,0.000000
388,0.000000,0.0000,0.000000
389,0.000000,0.0000,0.000000
390,0.000000,0.0000,0.000000
391,0.000000,0.0000,0.000000
392,0.000000,0.0000,0.000000
393,0.000000,0.0000,0.000000
394,0.000000,0.0000,0.000000
395,0.000000,0.0000,0.000000
396,0.000000,0.0000,0.000000
397,0.000000,0.0000,0.000000
398,0.000000,0.0000,0.000000
399,0.000000,0.0000,0.000000
400,0.000000,0.0000,0.000000
401,0.000000,0.0000,0.000000
402,0.000000,0.0000,0.000000
403,0.000000,0.0000,0.000000
404,0.000000,0.0000,0.000000
405,0.000000,0.0000,0.000000
406,0.000000,0.0000,0.000000
407,0.000000,0.0000,0.000000
408,0.000000,0.0000,0.000000
409,0.000000,0.0000,0.000000
410,0.000000,0.0000,0.000000
411,0.000000,0.0000,0.000000
412,0.000000,0.0000,0.000000
413,0.000000,0.0000,0.000000
414,0.000000,0.0000,0.000000
415,0.000000,0.0000,0.000000
416,0.000000,0.0000,0.000000
417,0.000000,0.0000,0.000000
418,0.000000,0.0000,0.000000
419,0.000000,0.0000,0.000000
420,0.000000,0.0000,0.000000
421,0.000000,0.0000,0.000000
422,0.000000,0.0000,0.000000
423,0.000000,0.0000,0.000000
424,0.000000,0.0000,0.000000
425,0.000000,0.0000,0.000000
426,0.000000,0.0000,0.000000
427,0.000000,0.0000,0.000000
428,0.000000,0.0000,0.000000
429,0.000000,0.0000,0.000000
430,0.000000,0.0000,0.000000
431,0.000000,0.0000,0.000000
432,0.000000,0.0000,0.000000
433,0.000000,0.0000,0.000000
434,0.000000,0.0000,0.000000
435,0.000000,0.0000,0.000000
436,0.000000,0.0000,0.000000
437,0.000000,0.0000,0.000000
438,0.000000,0.0000,0.000000
439,0.000000,0.0000,0.000000
440,0.000000,0.0000,0.000000
441,0.000000,0.0000,0.000000
442,0.000000,0.0000,0.000000
443,0.000000,0.0000,0.000000
444,0.000000,0.0000,0.000000
445,0.000000,0.0000,0.000000
446,0.000000,0.0000,0.000000
447,0.000000,0.0000,0.000000
448,0.000000,0.0000,0.000000
449,0.000000,0.0000,0.000000
450,0.000000,0.0000,0.000000
451,0.000000,0.0000,0.000000
452,0.000000,0.0000,0.000000
453,0.000000,0.0000,0.000000
454,0.000000,0.0000,0.000000
455,0.000000,0.0000,0.000000
456,0.000000,0.0000,0.000000
457,0.000000,0.0000,0.000000
458,0.000000,0.0000,0.000000
459,0.000000,0.0000,0.000000
460,0.000000,0.0000,0.000000
461,0.000000,0.0000,0.000000
462,0.000000,0.0000,0.000000
463,0.000000,0.0000,0.000000
464,0.000000,0.0000,0.000000
465,0.000000,0.0000,0.000000
466,0.000000,0.0000,0.000000
467,0.000000,0.0000,0.000000
468,0.000000,0.0000,0.000000
469,0.000000,0.0000,0.000000
470,0.000000,0.0000,0.000000
471,0.000000,0.0000,0.000000
472,0.000000,0.0000,0.000000
473,0.000000,0.0000,0.000000
474,0.000000,0.0000,0.000000
475,0.000000,0.0000,0.000000
476,0.000000,0.0000,0.000000
477,0.000000,0.0000,0.000000
478,0.000000,0.0000,0.000000
479,0.000000,0.0000,0.000000
480,0.000000,0.0000,0.000000
481,0.000000,0.0000,0.000000
482,0.000000,0.0000,0.000000
483,0.000000,0.0000,0.000000
484,0.000000,0.0000,0.000000
485,0.000000,0.0000,0.000000
486,0.000000,0.0000,0.000000
487,0.000000,0.0000,0.000000
488,0.000000,0.0000,0.000000
489,0.000000,0.0000,0.000000
490,0.000000,0.0000,0.000000
491,0.000000,0.0000,0.000000
492,0.000000,0.0000,0.000000
493,0.000000,0.0000,0.000000
494,0.000000,0.0000,0.000000
495,0.000000,0.0000,0.000000
496,0.000000,0.0000,0.000000
497,0.000000,0.0000,0.000000
498,0.000000,0.0000,0.000000
499,0.000000,0.0000,0.000000
500,0.000000,0.0000,0.000000
501,0.000000,0.0000,0.000000
502,0.000000,0.0000,0.000000
503,0.000000,0.0000,0.000000
504,0.000000,0.0000,0.000000
505,0.000000,0.0000,0.000000
506,0.000000,0.0000,0.000000
507,0.000000,0.0000,0.000000
508,0.000000,0.0000,0.000000
509,0.000000,0.0000,0.000000
510,0.000000,0.0000,0.000000
511,0.000000,0.0000,0.000000
512,0.000000,0.0000,0.000000
513,0.000000,0.0000,0.000000
514,0.000000,0.0000,0.000000
515,0.000000,0.0000,0.000000
516,0.000000,0.0000,0.000000
517,0.000000,0.0000,0.000000
518,0.000000,0.0000,0.000000
519,0.000000,0.0000,0.000000
520,0.000000,0.0000,0.000000
521,0.000000,0.0000,0.000000
522,0.000000,0.0000,0.000000
523,0.000000,0.0000,0.000000
524,0.000000,0.0000,0.000000
525,0.000000,0.0000,0.000000
526,0.000000,0.0000,0.000000
527,0.000000,0.0000,0.000000
528,0.000000,0.0000,0.000000
529,0.000000,0.0000,0.000000
530,0.000000,0.0000,0.000000
531,0.000000,0.0000,0.000000
532,0.000000,0.0000,0.000000
533,0.000000,0.0000,0.000000
534,0.000000,0.0000,0.000000
535,0.000000,0.0000,0.000000
536,0.000000,0.0000,0.000000
537,0.000000,0.0000,0.000000
538,0.000000,0.0000,0.000000
539,0.000000,0.0000,0.000000
540,0.000000,0.0000,0.000000
541,0.000000,0.0000,0.000000
542,0.000000,0.0000,0.000000
543,0.000000,0.0000,0.000000
544,0.000000,0.0000,0.000000
545,0.000000,0.0000,0.000000
546,0.000000,0.0000,0.000000
547,0.000000,0.0000,0.000000
548,0.000000,0.0000,0.000000
549,0.000000,0.0000,0.000000
550,0.000000,0.0000,0.000000
551,0.000000,0.0000,0.000000
552,0.000000,0.0000,0.000000
553,0.000000,0.0000,0.000000
554,0.000000,0.0000,0.000000
555,0.000000,0.0000,0.000000
556,0.000000,0.0000,0.000000
557,0.000000,0.0000,0.000000
558,0.000000,0.0000,0.000000
559,0.000000,0.0000,0.000000
560,0.000000,0.0000,0.000000
561,0.000000,0.0000,0.000000
562,0.000000,0.0000,0.000000
563,0.000000,0.0000,0.000000
564,0.000000,0.0000,0.000000
565,0.000000,0.0000,0.000000
566,0.000000,0.0000,0.000000
567,0.000000,0.0000,0.000000
568,0.000000,0.0000,0.000000
569,0.000000,0.0000,0.000000
570,0.000000,0.0000,0.000000
571,0.000000,0.0000,0.000000
572,0.000000,0.0000,0.000000
573,0.000000,0.0000,0.000000
574,0.000000,0.0000,0.000000
575,0.000000,0.0000,0.000000
576,0.000000,0.0000,0.000000
577,0.000000,0.0000,0.000000
578,0.000000,0.0000,0.000000
579,0.000000,0.0000,0.000000
580,0.000000,0.0000,0.000000
581,0.000000,0.0000,0.000000
582,0.000000,0.0000,0.000000
583,0.000000,0.0000,0.000000
584,0.000000,0.0000,0.000000
585,0.000000,0.0000,0.000000
586,0.000000,0.0000,0.000000
587,0.000000,0.0000,0.000000
588,0.000000,0.0000,0.000000
589,0.000000,0.0000,0.000000
590,0.000000,0.0000,0.000000
591,0.000000,0.0000,0.000000
592,0.000000,0.0000,0.000000
593,0.000000,0.0000,0.000000
594,0.000000,0.0000,0.000000
595,0.000000,0.0000,0.000000
596,0.000000,0.0000,0.000000
597,0.000000,0.0000,0.000000
598,0.000000,0.0000,0.000000
599,0.000000,0.0000,0.000000
600,0.000000,0.0000,0.000000
601,0.000000,0.0000,0.000000
602,0.000000,0.0000,0.000000
603,0.000000,0.0000,0.000000
604,0.000000,0.0000,0.000000
605,0.000000,0.0000,0.000000
606,0.000000,0.0000,0.000000
607,0.000000,0.0000,0.000000
608,0.000000,0.0000,0.000000
609,0.000000,0.0000,0.000000
610,0.000000,0.0000,0.000000
611,0.000000,0.0000,0.000000
612,0.000000,0.0000,0.000000
613,0.000000,0.0000,0.000000
614,0.000000,0.0000,0.000000
615,0.000000,0.0000,0.000000
616,0.000000,0.0000,0.000000
617,0.000000,0.0000,0.000000
618,0.000000,0.0000,0.000000
619,0.000000,0.0000,0.000000
620,0.000000,0.0000,0.000000
621,0.000000,0.0000,0.000000
622,0.000000,0.0000,0.000000
623,0.000000,0.0000,0.000000
624,0.000000,0.0000,0.000000
625,0.000000,0.0000,0.000000
626,0.000000,0.0000,0.000000
627,0.000000,0.0000,0.000000
628,0.000000,0.0000,0.000000
629,0.000000,0.0000,0.000000
630,0.000000,0.0000,0.000000
631,0.000000,0.0000,0.000000
632,0.000000,0.0000,0.000000
633,0.000000,0.0000,0.000000
634,0.000000,0.0000,0.000000
635,0.000000,0.0000,0.000000
636,0.000000,0.0000,0.000000
637,0.000000,0.0000,0.000000
638,0.000000,0.0000,0.000000
639,0.000000,0.0000,0.000000
640,0.000000,0.0000,0.000000
641,0.000000,0.0000,0.000000
642,0.000000,0.0000,0.000000
643,0.000000,0.0000,0.000000
644,0.000000,0.0000,0.000000
645,0.000000,0.0000,0.000000
646,0.000000,0.0000,0.000000
647,0.000000,0.0000,0.000000
648,0.000000,0.0000,0.000000
649,0.000000,0.0000,0.000000
650,0.000000,0.0000,0.000000
651,0.000000,0.0000,0.000000
652,0.000000,0.0000,0.000000
653,0.000000,0.0000,0.000000
654,0.000000,0.0000,0.000000
655,0.000000,0.0000,0.000000
656,0.000000,0.0000,0.000000
657,0.000000,0.0000,0.000000
658,0.000000,0.0000,0.000000
659,0.000000,0.0000,0.000000
660,0.000000,0.0000,0.000000
661,0.000000,0.0000,0.000000
662,0.000000,0.0000,0.000000
663,0.000000,0.0000,0.000000
664,0.000000,0.0000,0.000000
665,0.000000,0.0000,0.000000
666,0.000000,0.0000,0.000000
667,0.000000,0.0000,0.000000
668,0.000000,0.0000,0.000000
669,0.000000,0.0000,0.000000
670,0.000000,0.0000,0.000000
671,0.000000,0.0000,0.000000
672,0.000000,0.0000,0.000000
673,0.000000,0.0000,0.000000
674,0.000000,0.0000,0.000000
675,0.000000,0.0000,0.000000
676,0.000000,0.0000,0.000000
677,0.000000,0.0000,0.000000
678,0.000000,0.0000,0.000000
679,0.000000,0.0000,0.000000
680,0.000000,0.0000,0.000000
681,0.000000,0.0000,0.000000
682,0.000000,0.0000,0.000000
683,0.000000,0.0000,0.000000
684,0.000000,0.0000,0.000000
685,0.000000,0.0000,0.000000
686,0.000000,0.0000,0.000000
687,0.000000,0.0000,0.000000
688,0.000000,0.0000,0.000000
689,0.000000,0.0000,0.000000
690,0.000000,0.0000,0.000000
691,0.000000,0.0000,0.000000
692,0.000000,0.0000,0.000000
693,0.000000,0.0000,0.000000
694,0.000000,0.0000,0.000000
695,0.000000,0.0000,0.000000
696,0.000000,0.0000,0.000000
697,0.000000,0.0000,0.000000
698,0.000000,0.0000,0.000000
699,0.000000,0.0000,0.000000
700,0.000000,0.0000,0.000000
701,0.000000,0.0000,0.000000
702,0.000000,0.0000,0.000000
703,0.000000,0.0000,0.000000
704,0.000000,0.0000,0.000000
705,0.000000,0.0000,0.000000
706,0.000000,0.0000,0.000000
707,0.000000,0.0000,0.000000
708,0.000000,0.0000,0.000000
709,0.000000,0.0000,0.000000
710,0.000000,0.0000,0.000000
711,0.000000,0.0000,0.000000
712,0.000000,0.0000,0.000000
713,0.000000,0.0000,0.000000
714,0.000000,0.0000,0.000000
715,0.000000,0.0000,0.000000
716,0.000000,0.0000,0.000000
717,0.000000,0.0000,0.000000
718,0.000000,0.0000,0.000000
719,0.000000,0.0000,0.000000
720,0.000000,0.0000,0.000000
721,0.000000,0.0000,0.000000
722,0.000000,0.0000,0.000000
723,0.000000,0.0000,0.000000
724,0.000000,0.0000,0.000000
725,0.000000,0.0000,0.000000
726,0.000000,0.0000,0.000000
727,0.000000,0.0000,0.000000
728,0.092205,43.0837,0.000000
729,0.088628,41.4119,0.000000
730,0.081239,37.9593,0.000000
731,0.107909,50.4211,0.000000
732,0.106584,49.8022,0.000000
733,0.099729,46.5993,0.000000
734,0.111960,52.3143,0.000000
735,0.131948,61.6536,0.000000
736,0.147976,69.1429,0.000000
737,0.136164,63.6234,0.000000
738,0.148958,69.6019,0.000000
739,0.136116,63.6012,0.000000
740,0.139266,65.0728,0.000000
741,0.151131,70.6169,0.000000
742,0.158219,73.9289,0.000000
743,0.170733,79.7762,0.000000
744,0.166806,77.9412,0.000000
745,0.165313,77.2436,0.000000
746,0.166953,78.0098,0.000000
747,0.156062,72.9209,0.000000
748,0.158770,74.1865,0.000000
749,0.135012,63.0853,0.000000
750,0.125155,58.4794,0.000000
751,0.121013,56.5440,0.000000
752,0.084307,39.3931,0.000000
753,0.085566,39.9812,0.000000
754,0.112984,52.7925,0.000000
755,0.104388,48.7760,0.000000
756,0.100153,46.7970,0.000000
757,0.094396,44.1073,0.000000
758,0.087637,40.9489,0.000000
759,0.000000,0.0000,0.000000
760,0.000000,0.0000,0.000000
761,0.000000,0.0000,0.000000
762,0.000000,0.0000,0.000000
763,0.000000,0.0000,0.000000
764,0.000000,0.0000,0.000000
765,0.000000,0.0000,0.000000
766,0.000000,0.0000,0.000000
767,0.000000,0.0000,0.000000
768,0.000000,0.0000,0.000000
769,0.000000,0.0000,0.000000
770,0.000000,0.0000,0.000000
771,0.000000,0.0000,0.000000
772,0.000000,0.0000,0.000000
773,0.000000,0.0000,0.000000
774,0.000000,0.0000,0.000000
775,0.000000,0.0000,0.000000
776,0.000000,0.0000,0.000000
777,0.000000,0.0000,0.000000
778,0.000000,0.0000,0.000000
779,0.000000,0.0000,0.000000
780,0.000000,0.0000,0.000000
781,0.000000,0.0000,0.000000
782,0.000000,0.0000,0.000000
783,0.000000,0.0000,0.000000
784,0.000000,0.0000,0.000000
785,0.000000,0.0000,0.000000
786,0.000000,0.0000,0.000000
787,0.000000,0.0000,0.000000
788,0.000000,0.0000,0.000000
789,0.000000,0.0000,0.000000
790,0.000000,0.0000,0.000000
791,0.000000,0.0000,0.000000
792,0.000000,0.0000,0.000000
793,0.000000,0.0000,0.000000
794,0.000000,0.0000,0.000000
795,0.000000,0.0000,0.000000
796,0.000000,0.0000,0.000000
797,0.000000,0.0000,0.000000
798,0.000000,0.0000,0.000000
799,0.000000,0.0000,0.000000
800,0.000000,0.0000,0.000000
801,0.000000,0.0000,0.000000
802,0.000000,0.0000,0.000000
803,0.000000,0.0000,0.000000
804,0.000000,0.0000,0.000000
805,0.000000,0.0000,0.000000
806,0.000000,0.0000,0.000000
807,0.000000,0.0000,0.000000
808,0.000000,0.0000,0.000000
809,0.000000,0.0000,0.000000
810,0.000000,0.0000,0.000000
811,0.000000,0.0000,0.000000
812,0.000000,0.0000,0.000000
813,0.000000,0.0000,0.000000
814,0.000000,0.0000,0.000000
815,0.000000,0.0000,0.000000
816,0.000000,0.0000,0.000000
817,0.000000,0.0000,0.000000
818,0.000000,0.0000,0.000000
819,0.000000,0.0000,0.000000
820,0.000000,0.0000,0.000000
821,0.000000,0.0000,0.000000
822,0.000000,0.0000,0.000000
823,0.000000,0.0000,0.000000
824,0.000000,0.0000,0.000000
825,0.000000,0.0000,0.000000
826,0.000000,0.0000,0.000000
827,0.000000,0.0000,0.000000
828,0.000000,0.0000,0.000000
829,0.000000,0.0000,0.000000
830,0.000000,0.0000,0.000000
831,0.000000,0.0000,0.000000
832,0.000000,0.0000,0.000000
833,0.000000,0.0000,0.000000
834,0.000000,0.0000,0.000000
835,0.000000,0.0000,0.000000
836,0.000000,0.0000,0.000000
837,0.000000,0.0000,0.000000
838,0.000000,0.0000,0.000000
839,0.000000,0.0000,0.000000
840,0.000000,0.0000,0.000000
841,0.000000,0.0000,0.000000
842,0.000000,0.0000,0.000000
843,0.000000,0.0000,0.000000
844,0.000000,0.0000,0.000000
845,0.000000,0.0000,0.000000
846,0.000000,0.0000,0.000000
847,0.000000,0.0000,0.000000
848,0.000000,0.0000,0.000000
849,0.000000,0.0000,0.000000
850,0.000000,0.0000,0.000000
851,0.000000,0.0000,0.000000
852,0.000000,0.0000,0.000000
853,0.000000,0.0000,0.000000
854,0.000000,0.0000,0.000000
855,0.000000,0.0000,0.000000
856,0.000000,0.0000,0.000000
857,0.000000,0.0000,0.000000
858,0.000000,0.0000,0.000000
859,0.000000,0.0000,0.000000
860,0.000000,0.0000,0.000000
861,0.000000,0.0000,0.000000
862,0.000000,0.0000,0.000000
863,0.000000,0.0000,0.000000
864,0.000000,0.0000,0.000000
865,0.000000,0.0000,0.000000
866,0.000000,0.0000,0.000000
867,0.000000,0.0000,0.000000
868,0.000000,0.0000,0.000000
869,0.000000,0.0000,0.000000
870,0.000000,0.0000,0.000000
871,0.000000,0.0000,0.000000
872,0.000000,0.0000,0.000000
873,0.000000,0.0000,0.000000
874,0.000000,0.0000,0.000000
875,0.000000,0.0000,0.000000
876,0.000000,0.0000,0.000000
877,0.000000,0.0000,0.000000
878,0.000000,0.0000,0.000000
879,0.000000,0.0000,0.000000
880,0.000000,0.0000,0.000000
881,0.000000,0.0000,0.000000
882,0.000000,0.0000,0.000000
883,0.000000,0.0000,0.000000
884,0.000000,0.0000,0.000000
885,0.000000,0.0000,0.000000
886,0.000000,0.0000,0.000000
887,0.000000,0.0000,0.000000
888,0.000000,0.0000,0.000000
889,0.000000,0.0000,0.000000
890,0.000000,0.0000,0.000000
891,0.000000,0.0000,0.000000
892,0.000000,0.0000,0.000000
893,0.000000,0.0000,0.000000
894,0.000000,0.0000,0.000000
895,0.000000,0.0000,0.000000
896,0.000000,0.0000,0.000000
897,0.000000,0.0000,0.000000
898,0.000000,0.0000,0.000000
899,0.000000,0.0000,0.000000
900,0.000000,0.0000,0.000000
901,0.000000,0.0000,0.000000
902,0.000000,0.0000,0.000000
903,0.000000,0.0000,0.000000
904,0.000000,0.0000,0.000000
905,0.000000,0.0000,0.000000
906,0.000000,0.0000,0.000000
907,0.000000,0.0000,0.000000
908,0.000000,0.0000,0.000000
909,0.000000,0.0000,0.000000
910,0.000000,0.0000,0.000000
911,0.000000,0.0000,0.000000
912,0.000000,0.0000,0.000000
913,0.000000,0.0000,0.000000
914,0.000000,0.0000,0.000000
915,0.000000,0.0000,0.000000
916,0.000000,0.0000,0.000000
917,0.000000,0.0000,0.000000
918,0.000000,0.0000,0.000000
919,0.000000,0.0000,0.000000
920,0.000000,0.0000,0.000000
921,0.000000,0.0000,0.000000
922,0.000000,0.0000,0.000000
923,0.000000,0.0000,0.000000
924,0.000000,0.0000,0.000000
925,0.000000,0.0000,0.000000
926,0.000000,0.0000,0.000000
927,0.000000,0.0000,0.000000
928,0.000000,0.0000,0.000000
929,0.000000,0.0000,0.000000
930,0.000000,0.0000,0.000000
931,0.000000,0.0000,0.000000
932,0.000000,0.0000,0.000000
933,0.000000,0.0000,0.000000
934,0.000000,0.0000,0.000000
935,0.000000,0.0000,0.000000
936,0.000000,0.0000,0.000000
937,0.000000,0.0000,0.000000
938,0.000000,0.0000,0.000000
939,0.000000,0.0000,0.000000
940,0.000000,0.0000,0.000000
941,0.000000,0.0000,0.000000
942,0.000000,0.0000,0.000000
943,0.000000,0.0000,0.000000
944,0.000000,0.0000,0.000000
945,0.000000,0.0000,0.000000
946,0.000000,0.0000,0.000000
947,0.000000,0.0000,0.000000
948,0.000000,0.0000,0.000000
949,0.000000,0.0000,0.000000
950,0.000000,0.0000,0.000000
951,0.000000,0.0000,0.000000
952,0.000000,0.0000,0.000000
953,0.000000,0.0000,0.000000
954,0.000000,0.0000,0.000000
955,0.000000,0.0000,0.000000
956,0.000000,0.0000,0.000000
957,0.000000,0.0000,0.000000
958,0.000000,0.0000,0.000000
959,0.000000,0.0000,0.000000
960,0.000000,0.0000,0.000000
961,0.000000,0.0000,0.000000
962,0.000000,0.0000,0.000000
963,0.000000,0.0000,0.000000
964,0.000000,0.0000,0.000000
965,0.000000,0.0000,0.000000
966,0.000000,0.0000,0.000000
967,0.000000,0.0000,0.000000
968,0.000000,0.0000,0.000000
969,0.000000,0.0000,0.000000
970,0.000000,0.0000,0.000000
971,0.000000,0.0000,0.000000
972,0.000000,0.0000,0.000000
973,0.000000,0.0000,0.000000
974,0.000000,0.0000,0.000000
975,0.000000,0.0000,0.000000
976,0.000000,0.0000,0.000000
977,0.000000,0.0000,0.000000
978,0.000000,0.0000,0.000000
979,0.000000,0.0000,0.000000
980,0.000000,0.0000,0.000000
981,0.000000,0.0000,0.000000
982,0.000000,0.0000,0.000000
983,0.000000,0.0000,0.000000
984,0.000000,0.0000,0.000000
985,0.000000,0.0000,0.000000
986,0.000000,0.0000,0.000000
987,0.000000,0.0000,0.000000
988,0.000000,0.0000,0.000000
989,0.000000,0.0000,0.000000
990,0.000000,0.0000,0.000000
991,0.000000,0.0000,0.000000
992,0.000000,0.0000,0.000000
993,0.000000,0.0000,0.000000
994,0.000000,0.0000,0.000000
995,0.000000,0.0000,0.000000
996,0.000000,0.0000,0.000000
997,0.000000,0.0000,0.000000
998,0.000000,0.0000,0.000000
999,0.000000,0.0000,0.000000
1000,0.000000,0.0000,0.000000
1001,0.000000,0.0000,0.000000
1002,0.000000,0.0000,0.000000
1003,0.000000,0.0000,0.000000
1004,0.000000,0.0000,0.000000
1005,0.000000,0.0000,0.000000
1006,0.000000,0.0000,0.000000
1007,0.000000,0.0000,0.000000
1008,0.000000,0.0000,0.000000
1009,0.000000,0.0000,0.000000
1010,0.000000,0.0000,0.000000
1011,0.000000,0.0000,0.000000
1012,0.000000,0.0000,0.000000
1013,0.000000,0.0000,0.000000
1014,0.000000,0.0000,0.000000
1015,0.000000,0.0000,0.000000
1016,0.000000,0.0000,0.000000
1017,0.000000,0.0000,0.000000
1018,0.000000,0.0000,0.000000
1019,0.000000,0.0000,0.000000
1020,0.000000,0.0000,0.000000
1021,0.000000,0.0000,0.000000
1022,0.000000,0.0000,0.000000
1023,0.000000,0.0000,0.000000
1024,0.000000,0.0000,0.000000
1025,0.000000,0.0000,0.000000
1026,0.000000,0.0000,0.000000
1027,0.000000,0.0000,0.000000
1028,0.000000,0.0000,0.000000
1029,0.000000,0.0000,0.000000
1030,0.000000,0.0000,0.000000
1031,0.000000,0.0000,0.000000
1032,0.000000,0.0000,0.000000
1033,0.000000,0.0000,0.000000
1034,0.000000,0.0000,0.000000
1035,0.000000,0.0000,0.000000
1036,0.000000,0.0000,0.000000
1037,0.000000,0.0000,0.000000
1038,0.000000,0.0000,0.000000
1039,0.000000,0.0000,0.000000
1040,0.000000,0.0000,0.000000
1041,0.000000,0.0000,0.000000
1042,0.000000,0.0000,0.000000
1043,0.000000,0.0000,0.000000
1044,0.000000,0.0000,0.000000
1045,0.000000,0.0000,0.000000
1046,0.000000,0.0000,0.000000
1047,0.000000,0.0000,0.000000
1048,0.000000,0.0000,0.000000
1049,0.000000,0.0000,0.000000
1050,0.000000,0.0000,0.000000
1051,0.000000,0.0000,0.000000
1052,0.000000,0.0000,0.000000
1053,0.000000,0.0000,0.000000
1054,0.000000,0.0000,0.000000
1055,0.000000,0.0000,0.000000
1056,0.000000,0.0000,0.000000
1057,0.000000,0.0000,0.000000
1058,0.000000,0.0000,0.000000
1059,0.000000,0.0000,0.000000
1060,0.000000,0.0000,0.000000
1061,0.000000,0.0000,0.000000
1062,0.000000,0.0000,0.000000
1063,0.000000,0.0000,0.000000
1064,0.000000,0.0000,0.000000
1065,0.000000,0.0000,0.000000
1066,0.000000,0.0000,0.000000
1067,0.000000,0.0000,0.000000
1068,0.000000,0.0000,0.000000
1069,0.000000,0.0000,0.000000
1070,0.000000,0.0000,0.000000
1071,0.000000,0.0000,0.000000
1072,0.000000,0.0000,0.000000
1073,0.000000,0.0000,0.000000
1074,0.000000,0.0000,0.000000
1075,0.000000,0.0000,0.000000
1076,0.000000,0.0000,0.000000
1077,0.000000,0.0000,0.000000
1078,0.000000,0.0000,0.000000
1079,0.000000,0.0000,0.000000
1080,0.000000,0.0000,0.000000
1081,0.000000,0.0000,0.000000
1082,0.000000,0.0000,0.000000
1083,0.000000,0.0000,0.000000
1084,0.000000,0.0000,0.000000
1085,0.000000,0.0000,0.000000
1086,0.000000,0.0000,0.000000
1087,0.000000,0.0000,0.000000
1088,0.000000,0.0000,0.000000
1089,0.000000,0.0000,0.000000
1090,0.000000,0.0000,0.000000
1091,0.000000,0.0000,0.000000
1092,0.000000,0.0000,0.000000
1093,0.000000,0.0000,0.000000
1094,0.000000,0.0000,0.000000
1095,0.000000,0.0000,0.000000
1096,0.000000,0.0000,0.000000
1097,0.000000,0.0000,0.000000
1098,0.000000,0.0000,0.000000
1099,0.000000,0.0000,0.000000
1100,0.000000,0.0000,0.000000
1101,0.000000,0.0000,0.000000
1102,0.000000,0.0000,0.000000
1103,0.000000,0.0000,0.000000
1104,0.000000,0.0000,0.000000
1105,0.000000,0.0000,0.000000
1106,0.000000,0.0000,0.000000
1107,0.000000,0.0000,0.000000
1108,0.000000,0.0000,0.000000
1109,0.000000,0.0000,0.000000
1110,0.000000,0.0000,0.000000
1111,0.000000,0.0000,0.000000
1112,0.000000,0.0000,0.000000
1113,0.000000,0.0000,0.000000
1114,0.000000,0.0000,0.000000
1115,0.000000,0.0000,0.000000
1116,0.000000,0.0000,0.000000
1117,0.000000,0.0000,0.000000
1118,0.000000,0.0000,0.000000
1119,0.000000,0.0000,0.000000
1120,0.000000,0.0000,0.000000
1121,0.000000,0.0000,0.000000
1122,0.000000,0.0000,0.000000
1123,0.000000,0.0000,0.000000
1124,0.000000,0.0000,0.000000
1125,0.000000,0.0000,0.000000
1126,0.000000,0.0000,0.000000
1127,0.000000,0.0000,0.000000
1128,0.000000,0.0000,0.000000
1129,0.000000,0.0000,0.000000
1130,0.000000,0.0000,0.000000
1131,0.000000,0.0000,0.000000
1132,0.000000,0.0000,0.000000
1133,0.000000,0.0000,0.000000
1134,0.000000,0.0000,0.000000
1135,0.000000,0.0000,0.000000
1136,0.000000,0.0000,0.000000
1137,0.000000,0.0000,0.000000
1138,0.000000,0.0000,0.000000
1139,0.000000,0.0000,0.000000
1140,0.000000,0.0000,0.000000
1141,0.000000,0.0000,0.000000
1142,0.000000,0.0000,0.000000
1143,0.000000,0.0000,0.000000
1144,0.000000,0.0000,0.000000
1145,0.000000,0.0000,0.000000
1146,0.000000,0.0000,0.000000
1147,0.000000,0.0000,0.000000
1148,0.000000,0.0000,0.000000
1149,0.000000,0.0000,0.000000
1150,0.000000,0.0000,0.000000
1151,0.000000,0.0000,0.000000
1152,0.000000,0.0000,0.000000
1153,0.000000,0.0000,0.000000
1154,0.000000,0.0000,0.000000
1155,0.000000,0.0000,0.000000
1156,0.000000,0.0000,0.000000
1157,0.000000,0.0000,0.000000
1158,0.000000,0.0000,0.000000
1159,0.000000,0.0000,0.000000
1160,0.000000,0.0000,0.000000
1161,0.000000,0.0000,0.000000
1162,0.000000,0.0000,0.000000
1163,0.000000,0.0000,0.000000
1164,0.000000,0.0000,0.000000
1165,0.000000,0.0000,0.000000
1166,0.000000,0.0000,0.000000
1167,0.000000,0.0000,0.000000
1168,0.000000,0.0000,0.000000
1169,0.000000,0.0000,0.000000
1170,0.000000,0.0000,0.000000
1171,0.000000,0.0000,0.000000
1172,0.000000,0.0000,0.000000
1173,0.000000,0.0000,0.000000
1174,0.000000,0.0000,0.000000
1175,0.000000,0.0000,0.000000
1176,0.000000,0.0000,0.000000
1177,0.000000,0.0000,0.000000
1178,0.000000,0.0000,0.000000
1179,0.000000,0.0000,0.000000
1180,0.000000,0.0000,0.000000
1181,0.000000,0.0000,0.000000
1182,0.000000,0.0000,0.000000
1183,0.000000,0.0000,0.000000
1184,0.000000,0.0000,0.000000
1185,0.000000,0.0000,0.000000
1186,0.000000,0.0000,0.000000
1187,0.000000,0.0000,0.000000
1188,0.000000,0.0000,0.000000
1189,0.000000,0.0000,0.000000
1190,0.000000,0.0000,0.000000
1191,0.000000,0.0000,0.000000
1192,0.000000,0.0000,0.000000
1193,0.000000,0.0000,0.000000
1194,0.000000,0.0000,0.000000
1195,0.000000,0.0000,0.000000
1196,0.000000,0.0000,0.000000
1197,0.000000,0.0000,0.000000
1198,0.000000,0.0000,0.000000
1199,0.000000,0.0000,0.000000
1200,0.000000,0.0000,0.000000
1201,0.000000,0.0000,0.000000
1202,0.000000,0.0000,0.000000
1203,0.000000,0.0000,0.000000
1204,0.000000,0.0000,0.000000
1205,0.000000,0.0000,0.000000
1206,0.000000,0.0000,0.000000
1207,0.000000,0.0000,0.000000
1208,0.000000,0.0000,0.000000
1209,0.000000,0.0000,0.000000
1210,0.000000,0.0000,0.000000
1211,0.000000,0.0000,0.000000
1212,0.000000,0.0000,0.000000
1213,0.000000,0.0000,0.000000
1214,0.000000,0.0000,0.000000
1215,0.000000,0.0000,0.000000
1216,0.000000,0.0000,0.000000
1217,0.000000,0.0000,0.000000
1218,0.000000,0.0000,0.000000
1219,0.000000,0.0000,0.000000
1220,0.000000,0.0000,0.000000
1221,0.000000,0.0000,0.000000
1222,0.000000,0.0000,0.000000
1223,0.000000,0.0000,0.000000
1224,0.000000,0.0000,0.000000
1225,0.000000,0.0000,0.000000
1226,0.000000,0.0000,0.000000
1227,0.000000,0.0000,0.000000
1228,0.000000,0.0000,0.000000
1229,0.081725,38.1868,0.000000
1230,0.091018,42.5289,0.000000
1231,0.085528,39.9636,0.000000
1232,0.110905,51.8213,0.000000
1233,0.101066,47.2236,0.000000
1234,0.090660,42.3616,0.000000
1235,0.071904,33.5976,0.000000
1236,0.090403,42.2415,0.000000
1237,0.099515,46.4991,0.000000
1238,0.109225,51.0364,0.000000
1239,0.113409,52.9913,0.000000
1240,0.104240,48.7071,0.000000
1241,0.113553,53.0586,0.000000
1242,0.105604,49.3443,0.000000
1243,0.113662,53.1092,0.000000
1244,0.116834,54.5913,0.000000
1245,0.111299,52.0051,0.000000
1246,0.117267,54.7939,0.000000
1247,0.121347,56.7004,0.000000
1248,0.132217,61.7793,0.000000
1249,0.127135,59.4045,0.000000
1250,0.120210,56.1688,0.000000
1251,0.114441,53.4736,0.000000
1252,0.109450,51.1413,0.000000
1253,0.120619,56.3600,0.000000
1254,0.123190,57.5616,0.000000
1255,0.129915,60.7039,0.000000
1256,0.134448,62.8220,0.000000
1257,0.132079,61.7149,0.000000
1258,0.135248,63.1957,0.000000
1259,0.121059,56.5659,0.000000
1260,0.127239,59.4535,0.000000
1261,0.116908,54.6262,0.000000
1262,0.114746,53.6157,0.000000
1263,0.104770,48.9546,0.000000
1264,0.101496,47.4246,0.000000
1265,0.109960,51.3796,0.000000
1266,0.110731,51.7401,0.000000
1267,0.126781,59.2394,0.000000
1268,0.125418,58.6026,0.000000
1269,0.135303,63.2214,0.000000
1270,0.143917,67.2463,0.000000
1271,0.147546,68.9419,0.000000
1272,0.153756,71.8434,0.000000
1273,0.157757,73.7131,0.000000
1274,0.154754,72.3097,0.000000
1275,0.157278,73.4894,0.000000
1276,0.162396,75.8807,0.000000
1277,0.167681,78.3502,0.000000
1278,0.166578,77.8346,0.000000
1279,0.163461,76.3784,0.000000
1280,0.164633,76.9260,0.000000
1281,0.167558,78.2928,0.000000
1282,0.164842,77.0236,0.000000
1283,0.153120,71.5463,0.000000
1284,0.154782,72.3231,0.000000
1285,0.151295,70.6935,0.000000
1286,0.151180,70.6398,0.000000
1287,0.159092,74.3370,0.000000
1288,0.163078,76.1992,0.000000
1289,0.166112,77.6169,0.000000
1290,0.169964,79.4170,0.000000
1291,0.173179,80.9190,0.000000
1292,0.172071,80.4015,0.000000
1293,0.166113,77.6174,0.000000
1294,0.162621,75.9856,0.000000
1295,0.169833,79.3557,0.000000
1296,0.167429,78.2324,0.000000
1297,0.164395,76.8149,0.000000
1298,0.157503,73.5945,0.000000
1299,0.156407,73.0821,0.000000
1300,0.152663,71.3331,0.000000
1301,0.149090,69.6634,0.000000
1302,0.146371,68.3930,0.000000
1303,0.148564,69.4178,0.000000
1304,0.150170,70.1682,0.000000
1305,0.155284,72.5574,0.000000
1306,0.162525,75.9411,0.000000
1307,0.167058,78.0589,0.000000
1308,0.163531,76.4112,0.000000
1309,0.163511,76.4016,0.000000
1310,0.159254,74.4127,0.000000
1311,0.155653,72.7302,0.000000
1312,0.158061,73.8553,0.000000
1313,0.161406,75.4182,0.000000
1314,0.158910,74.2518,0.000000
1315,0.147997,69.1524,0.000000
1316,0.151255,70.6748,0.000000
1317,0.154376,72.1335,0.000000
1318,0.157508,73.5966,0.000000
1319,0.156146,72.9602,0.000000
1320,0.155925,72.8569,0.000000
1321,0.152312,71.1690,0.000000
1322,0.151286,70.6896,0.000000
1323,0.155825,72.8106,0.000000
1324,0.158894,74.2444,0.000000
1325,0.157667,73.6709,0.000000
1326,0.163677,76.4795,0.000000
1327,0.162781,76.0606,0.000000
1328,0.165112,77.1496,0.000000
1329,0.169738,79.3111,0.000000
1330,0.164964,77.0804,0.000000
1331,0.164773,76.9915,0.000000
1332,0.165309,77.2418,0.000000
1333,0.171118,79.9560,0.000000
1334,0.171754,80.2532,0.000000
1335,0.173604,81.1177,0.000000
1336,0.176169,82.3163,0.000000
1337,0.174288,81.4371,0.000000
1338,0.174537,81.5536,0.000000
1339,0.173271,80.9620,0.000000
1340,0.172796,80.7401,0.000000
1341,0.177749,83.0543,0.000000
1342,0.177095,82.7491,0.000000
1343,0.178008,83.1754,0.000000
1344,0.173756,81.1888,0.000000
1345,0.173000,80.8354,0.000000
1346,0.173572,81.1025,0.000000
1347,0.172557,80.6286,0.000000
1348,0.171893,80.3180,0.000000
1349,0.172281,80.4997,0.000000
1350,0.177225,82.8097,0.000000
1351,0.182895,85.4590,0.000000
1352,0.178618,83.4604,0.000000
1353,0.179026,83.6513,0.000000
1354,0.180443,84.3134,0.000000
1355,0.178797,83.5441,0.000000
1356,0.181467,84.7915,0.000000
1357,0.180225,84.2116,0.000000
1358,0.174065,81.3329,0.000000
1359,0.173405,81.0249,0.000000
1360,0.177639,83.0031,0.000000
1361,0.180524,84.3511,0.000000
1362,0.176722,82.5746,0.000000
1363,0.172992,80.8319,0.000000
1364,0.175171,81.8501,0.000000
1365,0.173943,81.2762,0.000000
1366,0.172478,80.5915,0.000000
1367,0.173100,80.8823,0.000000
1368,0.175218,81.8720,0.000000
1369,0.172521,80.6116,0.000000
1370,0.172624,80.6600,0.000000
1371,0.177156,82.7776,0.000000
1372,0.172999,80.8348,0.000000
1373,0.172821,80.7518,0.000000
1374,0.171453,80.1126,0.000000
1375,0.175194,81.8606,0.000000
1376,0.177204,82.7998,0.000000
1377,0.177426,82.9038,0.000000
1378,0.179817,84.0206,0.000000
1379,0.176972,82.6914,0.000000
1380,0.177603,82.9861,0.000000
1381,0.174188,81.3906,0.000000
1382,0.173014,80.8421,0.000000
1383,0.175470,81.9897,0.000000
1384,0.175369,81.9425,0.000000
1385,0.175548,82.0261,0.000000
1386,0.172589,80.6433,0.000000
1387,0.174876,81.7122,0.000000
1388,0.179649,83.9425,0.000000
1389,0.180087,84.1472,0.000000
1390,0.179551,83.8964,0.000000
1391,0.179026,83.6510,0.000000
1392,0.176364,82.4075,0.000000
1393,0.174844,81.6973,0.000000
1394,0.175112,81.8224,0.000000
1395,0.176052,82.2615,0.000000
1396,0.176186,82.3242,0.000000
1397,0.174479,81.5264,0.000000
1398,0.176172,82.3176,0.000000
1399,0.174069,81.3351,0.000000
1400,0.172612,80.6543,0.000000
1401,0.170299,79.5732,0.000000
1402,0.171228,80.0074,0.000000
1403,0.170980,79.8916,0.000000
1404,0.172516,80.6092,0.000000
1405,0.171617,80.1892,0.000000
1406,0.169745,79.3146,0.000000
1407,0.170557,79.6938,0.000000
1408,0.166160,77.6393,0.000000
1409,0.168825,78.8846,0.000000
1410,0.173125,80.8939,0.000000
1411,0.170717,79.7688,0.000000
1412,0.169534,79.2158,0.000000
1413,0.170161,79.5090,0.000000
1414,0.175184,81.8559,0.000000
1415,0.176724,82.5755,0.000000
1416,0.177055,82.7301,0.000000
1417,0.176161,82.3124,0.000000
1418,0.177773,83.0659,0.000000
1419,0.182231,85.1487,0.000000
1420,0.185730,86.7835,0.000000
1421,0.185980,86.9004,0.000000
1422,0.193027,90.1935,0.000000
1423,0.192639,90.0118,0.000000
1424,0.197566,92.3143,0.000000
1425,0.198162,92.5928,0.000000
1426,0.190279,88.9090,0.000000
1427,0.187395,87.5616,0.000000
1428,0.185645,86.7438,0.000000
1429,0.189052,88.3358,0.000000
1430,0.189001,88.3122,0.000000
1431,0.188607,88.1282,0.000000
1432,0.189974,88.7668,0.000000
1433,0.194432,90.8496,0.000000
1434,0.196837,91.9733,0.000000
1435,0.196339,91.7407,0.000000
1436,0.195831,91.5033,0.000000
1437,0.195121,91.1715,0.000000
1438,0.192931,90.1485,0.000000
1439,0.192250,89.8304,0.000000
1440,0.191157,89.3195,0.000000
1441,0.194404,90.8369,0.000000
1442,0.191403,89.4346,0.000000
1443,0.195126,91.1740,0.000000
1444,0.196631,91.8772,0.000000
1445,0.195271,91.2420,0.000000
1446,0.197558,92.3106,0.000000
1447,0.199275,93.1127,0.000000
1448,0.195739,91.4606,0.000000
1449,0.195472,91.3356,0.000000
1450,0.216493,101.1577,0.000000
1451,0.221300,103.4041,0.000000
1452,0.221132,103.3257,0.000000
1453,0.223106,104.2479,0.000000
1454,0.230252,107.5869,0.000000
1455,0.233269,108.9965,0.000000
1456,0.230843,107.8630,0.000000
1457,0.225812,105.5121,0.000000
1458,0.221703,103.5923,0.000000
1459,0.222793,104.1017,0.000000
1460,0.215524,100.7049,0.000000
1461,0.222511,103.9699,0.000000
1462,0.224711,104.9977,0.000000
1463,0.229155,107.0741,0.000000
1464,0.235115,109.8593,0.000000
1465,0.230711,107.8013,0.000000
1466,0.216464,101.1444,0.000000
1467,0.213251,99.6429,0.000000
1468,0.219501,102.5633,0.000000
1469,0.223424,104.3963,0.000000
1470,0.221572,103.5311,0.000000
1471,0.228959,106.9827,0.000000
1472,0.228258,106.6550,0.000000
1473,0.232158,108.4775,0.000000
1474,0.235985,110.2657,0.000000
1475,0.236813,110.6526,0.000000
1476,0.240596,112.4201,0.000000
1477,0.240646,112.4434,0.000000
1478,0.240947,112.5843,0.000000
1479,0.242918,113.5050,0.000000
1480,0.236805,110.6489,0.000000
1481,0.238402,111.3950,0.000000
1482,0.233022,108.8814,0.000000
1483,0.230006,107.4719,0.000000
1484,0.237422,110.9373,0.000000
1485,0.241657,112.9161,0.000000
1486,0.247934,115.8488,0.000000
1487,0.242562,113.3388,0.000000
1488,0.242621,113.3665,0.000000
1489,0.239805,112.0506,0.000000
1490,0.242448,113.2853,0.000000
1491,0.234784,109.7044,0.000000
1492,0.235217,109.9067,0.000000
1493,0.224124,104.7236,0.000000
1494,0.220279,102.9268,0.000000
1495,0.228314,106.6815,0.000000
1496,0.239699,112.0013,0.000000
1497,0.238816,111.5887,0.000000
1498,0.242188,113.1640,0.000000
1499,0.241307,112.7522,0.000000
1500,0.233229,108.9778,0.000000
1501,0.231745,108.2846,0.000000
1502,0.234619,109.6273,0.000000
1503,0.233377,109.0471,0.000000
1504,0.234912,109.7641,0.000000
1505,0.230150,107.5393,0.000000
1506,0.228901,106.9557,0.000000
1507,0.230513,107.7086,0.000000
1508,0.245631,114.7728,0.000000
1509,0.241974,113.0639,0.000000
1510,0.234439,109.5432,0.000000
1511,0.235777,110.1686,0.000000
1512,0.236771,110.6330,0.000000
1513,0.240180,112.2258,0.000000
1514,0.237310,110.8847,0.000000
1515,0.229814,107.3821,0.000000
1516,0.225664,105.4429,0.000000
1517,0.220408,102.9872,0.000000
1518,0.222947,104.1737,0.000000
1519,0.226834,105.9900,0.000000
1520,0.227771,106.4278,0.000000
1521,0.229962,107.4516,0.000000
1522,0.231214,108.0366,0.000000
1523,0.240145,112.2096,0.000000
1524,0.238556,111.4671,0.000000
1525,0.240799,112.5152,0.000000
1526,0.241137,112.6728,0.000000
1527,0.239010,111.6793,0.000000
1528,0.241682,112.9277,0.000000
1529,0.229717,107.3371,0.000000
1530,0.235043,109.8254,0.000000
1531,0.240870,112.5481,0.000000
1532,0.233769,109.2302,0.000000
1533,0.229385,107.1819,0.000000
1534,0.222856,104.1309,0.000000
1535,0.222910,104.1562,0.000000
1536,0.217893,101.8121,0.000000
1537,0.202975,94.8414,0.000000
1538,0.204415,95.5143,0.000000
1539,0.202908,94.8104,0.000000
1540,0.204744,95.6680,0.000000
1541,0.204243,95.4341,0.000000
1542,0.204806,95.6972,0.000000
1543,0.207908,97.1466,0.000000
1544,0.209657,97.9636,0.000000
1545,0.215058,100.4874,0.000000
1546,0.214041,100.0123,0.000000
1547,0.213311,99.6711,0.000000
1548,0.211980,99.0492,0.000000
1549,0.212658,99.3659,0.000000
1550,0.214775,100.3551,0.000000
1551,0.216062,100.9563,0.000000
1552,0.212177,99.1412,0.000000
1553,0.211699,98.9180,0.000000
1554,0.210435,98.3272,0.000000
1555,0.209204,97.7519,0.000000
1556,0.209075,97.6919,0.000000
1557,0.205727,96.1275,0.000000
1558,0.207286,96.8558,0.000000
1559,0.206266,96.3792,0.000000
1560,0.203777,95.2165,0.000000
1561,0.201236,94.0289,0.000000
1562,0.199260,93.1058,0.000000
1563,0.201983,94.3782,0.000000
1564,0.203817,95.2351,0.000000
1565,0.205143,95.8546,0.000000
1566,0.205201,95.8817,0.000000
1567,0.203357,95.0202,0.000000
1568,0.205951,96.2319,0.000000
1569,0.207164,96.7990,0.000000
1570,0.207555,96.9815,0.000000
1571,0.208543,97.4434,0.000000
1572,0.207591,96.9985,0.000000
1573,0.209606,97.9398,0.000000
1574,0.207692,97.0455,0.000000
1575,0.206321,96.4048,0.000000
1576,0.205994,96.2520,0.000000
1577,0.205127,95.8472,0.000000
1578,0.203877,95.2631,0.000000
1579,0.204344,95.4813,0.000000
1580,0.202511,94.6248,0.000000
1581,0.203107,94.9033,0.000000
1582,0.199338,93.1420,0.000000
1583,0.200269,93.5773,0.000000
1584,0.195875,91.5242,0.000000
1585,0.195897,91.5345,0.000000
1586,0.195871,91.5222,0.000000
1587,0.198650,92.8208,0.000000
1588,0.198882,92.9289,0.000000
1589,0.197851,92.4471,0.000000
1590,0.198943,92.9574,0.000000
1591,0.195493,91.3455,0.000000
1592,0.198233,92.6258,0.000000
1593,0.198807,92.8939,0.000000
1594,0.197173,92.1304,0.000000
1595,0.201605,94.2014,0.000000
1596,0.201974,94.3738,0.000000
1597,0.202725,94.7247,0.000000
1598,0.201954,94.3645,0.000000
1599,0.201925,94.3509,0.000000
1600,0.204962,95.7702,0.000000
1601,0.202384,94.5652,0.000000
1602,0.211445,98.7994,0.000000
1603,0.201261,94.0407,0.000000
1604,0.200730,93.7927,0.000000
1605,0.201633,94.2146,0.000000
1606,0.203838,95.2448,0.000000
1607,0.204265,95.4441,0.000000
1608,0.205537,96.0388,0.000000
1609,0.207432,96.9240,0.000000
1610,0.207459,96.9367,0.000000
1611,0.205700,96.1148,0.000000
1612,0.206529,96.5022,0.000000
1613,0.205465,96.0048,0.000000
1614,0.205120,95.8437,0.000000
1615,0.202312,94.5316,0.000000
1616,0.202716,94.7205,0.000000
1617,0.205085,95.8275,0.000000
1618,0.205690,96.1102,0.000000
1619,0.204399,95.5068,0.000000
1620,0.202684,94.7055,0.000000
1621,0.205265,95.9113,0.000000
1622,0.206349,96.4182,0.000000
1623,0.209660,97.9650,0.000000
1624,0.209251,97.7739,0.000000
1625,0.207965,97.1730,0.000000
1626,0.206729,96.5956,0.000000
1627,0.207809,97.1001,0.000000
1628,0.213701,99.8534,0.000000
1629,0.212815,99.4393,0.000000
1630,0.212664,99.3687,0.000000
1631,0.214247,100.1086,0.000000
1632,0.214623,100.2843,0.000000
1633,0.213568,99.7913,0.000000
1634,0.215355,100.6261,0.000000
1635,0.215083,100.4992,0.000000
1636,0.216474,101.1489,0.000000
1637,0.216083,100.9664,0.000000
1638,0.214132,100.0549,0.000000
1639,0.212664,99.3689,0.000000
1640,0.214101,100.0401,0.000000
1641,0.210691,98.4470,0.000000
1642,0.208871,97.5966,0.000000
1643,0.209630,97.9512,0.000000
1644,0.211136,98.6547,0.000000
1645,0.212068,99.0904,0.000000
1646,0.215473,100.6814,0.000000
1647,0.216739,101.2729,0.000000
1648,0.217601,101.6757,0.000000
1649,0.218577,102.1317,0.000000
1650,0.221917,103.6923,0.000000
1651,0.218615,102.1496,0.000000
1652,0.216922,101.3582,0.000000
1653,0.217145,101.4627,0.000000
1654,0.218818,102.2444,0.000000
1655,0.220399,102.9828,0.000000
1656,0.219394,102.5134,0.000000
1657,0.218236,101.9722,0.000000
1658,0.217952,101.8398,0.000000
1659,0.217877,101.8047,0.000000
1660,0.218115,101.9160,0.000000
1661,0.217320,101.5445,0.000000
1662,0.215948,100.9032,0.000000
1663,0.214714,100.3265,0.000000
1664,0.213910,99.9512,0.000000
1665,0.212184,99.1443,0.000000
1666,0.211024,98.6026,0.000000
1667,0.208852,97.5878,0.000000
1668,0.208297,97.3281,0.000000
1669,0.210378,98.3005,0.000000
1670,0.212873,99.4664,0.000000
1671,0.211810,98.9697,0.000000
1672,0.208989,97.6517,0.000000
1673,0.210129,98.1842,0.000000
1674,0.206177,96.3376,0.000000
1675,0.206592,96.5314,0.000000
1676,0.207811,97.1010,0.000000
1677,0.211441,98.7972,0.000000
1678,0.209759,98.0116,0.000000
1679,0.210696,98.4490,0.000000
1680,0.211886,99.0054,0.000000
1681,0.211527,98.8376,0.000000
1682,0.212800,99.4322,0.000000
1683,0.214346,100.1549,0.000000
1684,0.214152,100.0642,0.000000
1685,0.216150,100.9976,0.000000
1686,0.216622,101.2180,0.000000
1687,0.212923,99.4899,0.000000
1688,0.214277,100.1223,0.000000
1689,0.214562,100.2558,0.000000
1690,0.214819,100.3755,0.000000
1691,0.215712,100.7928,0.000000
1692,0.214767,100.3515,0.000000
1693,0.216114,100.9806,0.000000
1694,0.216157,101.0008,0.000000
1695,0.215325,100.6123,0.000000
1696,0.216196,101.0191,0.000000
1697,0.217812,101.7744,0.000000
1698,0.218954,102.3079,0.000000
1699,0.220435,102.9999,0.000000
1700,0.215761,100.8156,0.000000
1701,0.217468,101.6134,0.000000
1702,0.217353,101.5595,0.000000
1703,0.219543,102.5828,0.000000
1704,0.218877,102.2718,0.000000
1705,0.219687,102.6502,0.000000
1706,0.218948,102.3051,0.000000
1707,0.217488,101.6228,0.000000
1708,0.216163,101.0037,0.000000
1709,0.216619,101.2168,0.000000
1710,0.215699,100.7870,0.000000
1711,0.217854,101.7937,0.000000
1712,0.220912,103.2227,0.000000
1713,0.220907,103.2204,0.000000
1714,0.221004,103.2658,0.000000
1715,0.219353,102.4940,0.000000
1716,0.221889,103.6793,0.000000
1717,0.221556,103.5237,0.000000
1718,0.221619,103.5531,0.000000
1719,0.222613,104.0177,0.000000
1720,0.221368,103.4356,0.000000
1721,0.222617,104.0192,0.000000
1722,0.223350,104.3621,0.000000
1723,0.224106,104.7150,0.000000
1724,0.223931,104.6336,0.000000
1725,0.226957,103.6365,0.000000
1726,0.226566,103.4583,0.000000
1727,0.227680,103.9668,0.000000
1728,0.228425,104.3071,0.000000
1729,0.227331,103.8076,0.000000
1730,0.227247,103.7692,0.000000
1731,0.227331,103.8074,0.000000
1732,0.226932,103.6252,0.000000
1733,0.225591,103.0131,0.000000
1734,0.226419,103.3910,0.000000
1735,0.226613,103.4796,0.000000
1736,0.223352,104.3630,0.000000
1737,0.222381,103.9090,0.000000
1738,0.220137,102.8607,0.000000
1739,0.219690,102.6518,0.000000
1740,0.218052,101.8862,0.000000
1741,0.216098,100.9731,0.000000
1742,0.216777,101.2906,0.000000
1743,0.212192,99.1484,0.000000
1744,0.213193,99.6159,0.000000
1745,0.209543,97.9106,0.000000
1746,0.209076,97.6924,0.000000
1747,0.209264,97.7800,0.000000
1748,0.208329,97.3434,0.000000
1749,0.207433,96.9245,0.000000
1750,0.207002,96.7232,0.000000
1751,0.204988,95.7821,0.000000
1752,0.203513,95.0931,0.000000
1753,0.204127,95.3799,0.000000
1754,0.201754,94.2709,0.000000
1755,0.206183,96.3407,0.000000
1756,0.209345,97.8177,0.000000
1757,0.210340,98.2830,0.000000
1758,0.212215,99.1592,0.000000
1759,0.208826,97.5755,0.000000
1760,0.208943,97.6299,0.000000
1761,0.207806,97.0987,0.000000
1762,0.208771,97.5499,0.000000
1763,0.208074,97.2241,0.000000
1764,0.208167,97.2673,0.000000
1765,0.208862,97.5921,0.000000
1766,0.209557,97.9169,0.000000
1767,0.209183,97.7422,0.000000
1768,0.205241,95.9002,0.000000
1769,0.205605,96.0705,0.000000
1770,0.207042,96.7417,0.000000
1771,0.208267,97.3140,0.000000
1772,0.209935,98.0938,0.000000
1773,0.207503,96.9571,0.000000
1774,0.207541,96.9751,0.000000
1775,0.206838,96.6465,0.000000
1776,0.208347,97.3518,0.000000
1777,0.208090,97.2317,0.000000
1778,0.210983,98.5832,0.000000
1779,0.210809,98.5020,0.000000
1780,0.209332,97.8116,0.000000
1781,0.207877,97.1322,0.000000
1782,0.209491,97.8862,0.000000
1783,0.208121,97.2462,0.000000
1784,0.210680,98.4417,0.000000
1785,0.206281,96.3861,0.000000
1786,0.204125,95.3787,0.000000
1787,0.205998,96.2541,0.000000
1788,0.204183,95.4062,0.000000
1789,0.202189,94.4741,0.000000
1790,0.199843,93.3782,0.000000
1791,0.198939,92.9555,0.000000
1792,0.194785,91.0145,0.000000
1793,0.192384,89.8927,0.000000
1794,0.191592,89.5227,0.000000
1795,0.190960,89.2276,0.000000
1796,0.190246,88.8940,0.000000
1797,0.191040,89.2646,0.000000
1798,0.187621,87.6671,0.000000
1799,0.179762,83.9953,0.000000
1800,0.183782,85.8737,0.000000
1801,0.181755,84.9264,0.000000
1802,0.189246,88.4267,0.000000
1803,0.189559,88.5729,0.000000
1804,0.189011,88.3168,0.000000
1805,0.186467,87.1279,0.000000
1806,0.190210,88.8769,0.000000
1807,0.184906,86.3985,0.000000
1808,0.184469,86.1944,0.000000
1809,0.186758,87.2641,0.000000
1810,0.188909,88.2690,0.000000
1811,0.187436,87.5810,0.000000
1812,0.184989,86.4372,0.000000
1813,0.182722,85.3783,0.000000
1814,0.184427,86.1748,0.000000
1815,0.184679,86.2928,0.000000
1816,0.183429,85.7083,0.000000
1817,0.179637,83.9365,0.000000
1818,0.181121,84.6302,0.000000
1819,0.179236,83.7493,0.000000
1820,0.177672,83.0185,0.000000
1821,0.174297,81.4414,0.000000
1822,0.175643,82.0703,0.000000
1823,0.173624,81.1271,0.000000
1824,0.170212,79.5326,0.000000
1825,0.170383,79.6125,0.000000
1826,0.165351,77.2613,0.000000
1827,0.167470,78.2516,0.000000
1828,0.166676,77.8804,0.000000
1829,0.169497,79.1986,0.000000
1830,0.169116,79.0204,0.000000
1831,0.171808,80.2786,0.000000
1832,0.178822,83.5560,0.000000
1833,0.177315,82.8519,0.000000
1834,0.177501,82.9386,0.000000
1835,0.170916,79.8615,0.000000
1836,0.173493,81.0658,0.000000
1837,0.169618,79.2551,0.000000
1838,0.171824,80.2861,0.000000
1839,0.170753,79.7856,0.000000
1840,0.173903,81.2573,0.000000
1841,0.178550,83.4290,0.000000
1842,0.179578,83.9091,0.000000
1843,0.180162,84.1820,0.000000
1844,0.180931,84.5414,0.000000
1845,0.180224,84.2111,0.000000
1846,0.180609,84.3908,0.000000
1847,0.176222,82.3411,0.000000
1848,0.176410,82.4290,0.000000
1849,0.176688,82.5587,0.000000
1850,0.176501,82.4715,0.000000
1851,0.176090,82.2794,0.000000
1852,0.179063,83.6685,0.000000
1853,0.177309,82.8491,0.000000
1854,0.175100,81.8170,0.000000
1855,0.180183,84.1918,0.000000
1856,0.175248,81.8860,0.000000
1857,0.174386,81.4831,0.000000
1858,0.172720,80.7047,0.000000
1859,0.176962,82.6870,0.000000
1860,0.180044,84.1268,0.000000
1861,0.176663,82.5471,0.000000
1862,0.173107,80.8856,0.000000
1863,0.171851,80.2986,0.000000
1864,0.173766,81.1933,0.000000
1865,0.173930,81.2702,0.000000
1866,0.175680,82.0878,0.000000
1867,0.176150,82.3072,0.000000
1868,0.171261,80.0230,0.000000
1869,0.172668,80.6805,0.000000
1870,0.173449,81.0451,0.000000
1871,0.170485,79.6604,0.000000
1872,0.175946,82.2119,0.000000
1873,0.178233,83.2808,0.000000
1874,0.176468,82.4558,0.000000
1875,0.173211,80.9343,0.000000
1876,0.173085,80.8751,0.000000
1877,0.170681,79.7522,0.000000
1878,0.170123,79.4912,0.000000
1879,0.169161,79.0418,0.000000
1880,0.173706,81.1654,0.000000
1881,0.170659,79.7414,0.000000
1882,0.170365,79.6041,0.000000
1883,0.168888,78.9141,0.000000
1884,0.165205,77.1932,0.000000
1885,0.170072,79.4673,0.000000
1886,0.166388,77.7458,0.000000
1887,0.160907,75.1849,0.000000
1888,0.163822,76.5470,0.000000
1889,0.162365,75.8663,0.000000
1890,0.160388,74.9425,0.000000
1891,0.163534,76.4125,0.000000
1892,0.162693,76.0196,0.000000
1893,0.164837,77.0214,0.000000
1894,0.163924,76.5947,0.000000
1895,0.160812,75.1404,0.000000
1896,0.162359,75.8634,0.000000
1897,0.167284,78.1648,0.000000
1898,0.168714,78.8330,0.000000
1899,0.167310,78.1769,0.000000
1900,0.171799,80.2745,0.000000
1901,0.176957,82.6845,0.000000
1902,0.180883,84.5187,0.000000
1903,0.180004,84.1082,0.000000
1904,0.182233,85.1498,0.000000
1905,0.179266,83.7634,0.000000
1906,0.175675,82.0852,0.000000
1907,0.172113,80.4210,0.000000
1908,0.175065,81.8006,0.000000
1909,0.166704,77.8936,0.000000
1910,0.169900,79.3869,0.000000
1911,0.170641,79.7330,0.000000
1912,0.169359,79.1340,0.000000
1913,0.170092,79.4767,0.000000
1914,0.164282,76.7619,0.000000
1915,0.157575,73.6283,0.000000
1916,0.159131,74.3553,0.000000
1917,0.161618,75.5170,0.000000
1918,0.158345,73.9879,0.000000
1919,0.155397,72.6102,0.000000
1920,0.154533,72.2068,0.000000
1921,0.151645,70.8570,0.000000
1922,0.151834,70.9456,0.000000
1923,0.154244,72.0718,0.000000
1924,0.158781,74.1916,0.000000
1925,0.152829,71.4102,0.000000
1926,0.153417,71.6851,0.000000
1927,0.150729,70.4292,0.000000
1928,0.150372,70.2622,0.000000
1929,0.151276,70.6848,0.000000
1930,0.150911,70.5141,0.000000
1931,0.146657,68.5265,0.000000
1932,0.147341,68.8461,0.000000
1933,0.149704,69.9504,0.000000
1934,0.150119,70.1441,0.000000
1935,0.154652,72.2622,0.000000
1936,0.154175,72.0392,0.000000
1937,0.154597,72.2364,0.000000
1938,0.150613,70.3751,0.000000
1939,0.153840,71.8827,0.000000
1940,0.156210,72.9903,0.000000
1941,0.159093,74.3373,0.000000
1942,0.154668,72.2695,0.000000
1943,0.157522,73.6034,0.000000
1944,0.158561,74.0886,0.000000
1945,0.164049,76.6531,0.000000
1946,0.166807,77.9417,0.000000
1947,0.169970,79.4199,0.000000
1948,0.168030,78.5132,0.000000
1949,0.165623,77.3886,0.000000
1950,0.160546,75.0164,0.000000
1951,0.154454,72.1698,0.000000
1952,0.151393,70.7394,0.000000
1953,0.158221,73.9300,0.000000
1954,0.158825,74.2122,0.000000
1955,0.162555,75.9548,0.000000
1956,0.161158,75.3024,0.000000
1957,0.156943,73.3326,0.000000
1958,0.157161,73.4346,0.000000
1959,0.157168,73.4380,0.000000
1960,0.153526,71.7363,0.000000
1961,0.153061,71.5187,0.000000
1962,0.157820,73.7425,0.000000
1963,0.159502,74.5284,0.000000
1964,0.158780,74.1912,0.000000
1965,0.153535,71.7402,0.000000
1966,0.151449,70.7657,0.000000
1967,0.157458,73.5736,0.000000
1968,0.150242,70.2015,0.000000
1969,0.146584,68.4926,0.000000
1970,0.141085,65.9228,0.000000
1971,0.143072,66.8516,0.000000
1972,0.147840,69.0794,0.000000
1973,0.151842,70.9494,0.000000
1974,0.157076,73.3947,0.000000
1975,0.162207,75.7923,0.000000
1976,0.163574,76.4309,0.000000
1977,0.164811,77.0093,0.000000
1978,0.163428,76.3629,0.000000
1979,0.158894,74.2444,0.000000
1980,0.156411,73.0841,0.000000
1981,0.150973,70.5434,0.000000
1982,0.155485,72.6514,0.000000
1983,0.157112,73.4118,0.000000
1984,0.159356,74.4600,0.000000
1985,0.159846,74.6890,0.000000
1986,0.163610,76.4478,0.000000
1987,0.157973,73.8140,0.000000
1988,0.155482,72.6501,0.000000
1989,0.155924,72.8564,0.000000
1990,0.151620,70.8457,0.000000
1991,0.146737,68.5637,0.000000
1992,0.148645,69.4554,0.000000
1993,0.149640,69.9206,0.000000
1994,0.155117,72.4793,0.000000
1995,0.158283,73.9588,0.000000
1996,0.156854,73.2911,0.000000
1997,0.148031,69.1685,0.000000
1998,0.140874,65.8245,0.000000
1999,0.144334,67.4413,0.000000
2000,0.142199,66.4436,0.000000
2001,0.142938,66.7886,0.000000
2002,0.138060,64.5096,0.000000
2003,0.136960,63.9955,0.000000
2004,0.134925,63.0446,0.000000
2005,0.136279,63.6776,0.000000
2006,0.125656,58.7137,0.000000
2007,0.122306,57.1482,0.000000
2008,0.118128,55.1961,0.000000
2009,0.117360,54.8372,0.000000
2010,0.110099,51.4445,0.000000
2011,0.114033,53.2826,0.000000
2012,0.113146,52.8683,0.000000
2013,0.121141,56.6040,0.000000
2014,0.117155,54.7413,0.000000
2015,0.119377,55.7799,0.000000
2016,0.122955,57.4517,0.000000
2017,0.124362,58.1089,0.000000
2018,0.122405,57.1946,0.000000
2019,0.115616,54.0222,0.000000
2020,0.116433,54.4041,0.000000
2021,0.116857,54.6025,0.000000
2022,0.115283,53.8666,0.000000
2023,0.122226,57.1112,0.000000
2024,0.127829,59.7289,0.000000
2025,0.128806,60.1855,0.000000
2026,0.122518,57.2473,0.000000
2027,0.119028,55.6166,0.000000
2028,0.128457,60.0226,0.000000
2029,0.133002,62.1459,0.000000
2030,0.137856,64.4140,0.000000
2031,0.138712,64.8142,0.000000
2032,0.142382,66.5288,0.000000
2033,0.144849,67.6817,0.000000
2034,0.153413,71.6832,0.000000
2035,0.146110,68.2707,0.000000
2036,0.139734,65.2916,0.000000
2037,0.143624,67.1092,0.000000
2038,0.145207,67.8489,0.000000
2039,0.150810,70.4670,0.000000
2040,0.147834,69.0764,0.000000
2041,0.151361,70.7246,0.000000
2042,0.151086,70.5962,0.000000
2043,0.148743,69.5010,0.000000
2044,0.147078,68.7231,0.000000
2045,0.144403,67.4732,0.000000
2046,0.145213,67.8520,0.000000
2047,0.145227,67.8585,0.000000
2048,0.139700,65.2759,0.000000
2049,0.141478,66.1065,0.000000
2050,0.146141,68.2852,0.000000
2051,0.143644,67.1186,0.000000
2052,0.145507,67.9893,0.000000
2053,0.145580,68.0233,0.000000
2054,0.145998,68.2185,0.000000
2055,0.154336,72.1145,0.000000
2056,0.149753,69.9734,0.000000
2057,0.150947,70.5311,0.000000
2058,0.147784,69.0531,0.000000
2059,0.144078,67.3213,0.000000
2060,0.140142,65.4822,0.000000
2061,0.134072,62.6461,0.000000
2062,0.143366,66.9886,0.000000
2063,0.139085,64.9887,0.000000
2064,0.132526,61.9235,0.000000
2065,0.132103,61.7261,0.000000
2066,0.129578,60.5465,0.000000
2067,0.134816,62.9936,0.000000
2068,0.135262,63.2023,0.000000
2069,0.138869,64.8877,0.000000
2070,0.130482,60.9687,0.000000
2071,0.121805,56.9141,0.000000
2072,0.125757,58.7610,0.000000
2073,0.133869,62.5510,0.000000
2074,0.128264,59.9323,0.000000
2075,0.127779,59.7056,0.000000
2076,0.114775,53.6293,0.000000
2077,0.108800,50.8378,0.000000
2078,0.121346,56.6997,0.000000
2079,0.115755,54.0872,0.000000
2080,0.115208,53.8318,0.000000
2081,0.126344,59.0350,0.000000
2082,0.131556,61.4706,0.000000
2083,0.131464,61.4275,0.000000
2084,0.128580,60.0800,0.000000
2085,0.123927,57.9059,0.000000
2086,0.119997,56.0693,0.000000
2087,0.115142,53.8010,0.000000
2088,0.104740,48.9405,0.000000
2089,0.096740,45.2023,0.000000
2090,0.093549,43.7116,0.000000
2091,0.091112,42.5730,0.000000
2092,0.082330,38.4693,0.000000
2093,0.059498,27.8010,0.000000
2094,0.000000,0.0000,0.000000
2095,0.000000,0.0000,0.000000
2096,0.000000,0.0000,0.000000
2097,0.000000,0.0000,0.000000
2098,0.000000,0.0000,0.000000
2099,0.000000,0.0000,0.000000
2100,0.000000,0.0000,0.000000
2101,0.000000,0.0000,0.000000
2102,0.000000,0.0000,0.000000
2103,0.000000,0.0000,0.000000
2104,0.000000,0.0000,0.000000
2105,0.000000,0.0000,0.000000
2106,0.000000,0.0000,0.000000
2107,0.000000,0.0000,0.000000
2108,0.000000,0.0000,0.000000
2109,0.000000,0.0000,0.000000
2110,0.000000,0.0000,0.000000
2111,0.000000,0.0000,0.000000
2112,0.000000,0.0000,0.000000
2113,0.000000,0.0000,0.000000
2114,0.000000,0.0000,0.000000
2115,0.000000,0.0000,0.000000
2116,0.000000,0.0000,0.000000
2117,0.000000,0.0000,0.000000
2118,0.000000,0.0000,0.000000
2119,0.000000,0.0000,0.000000
2120,0.000000,0.0000,0.000000
2121,0.000000,0.0000,0.000000
2122,0.000000,0.0000,0.000000
2123,0.000000,0.0000,0.000000
2124,0.000000,0.0000,0.000000
2125,0.000000,0.0000,0.000000
2126,0.000000,0.0000,0.000000
2127,0.000000,0.0000,0.000000
2128,0.000000,0.0000,0.000000
2129,0.000000,0.0000,0.000000
2130,0.000000,0.0000,0.000000
2131,0.000000,0.0000,0.000000
2132,0.000000,0.0000,0.000000
2133,0.000000,0.0000,0.000000
2134,0.000000,0.0000,0.000000
2135,0.000000,0.0000,0.000000
2136,0.000000,0.0000,0.000000
2137,0.000000,0.0000,0.000000
2138,0.000000,0.0000,0.000000
2139,0.000000,0.0000,0.000000
2140,0.000000,0.0000,0.000000
2141,0.000000,0.0000,0.000000
2142,0.000000,0.0000,0.000000
2143,0.000000,0.0000,0.000000
2144,0.000000,0.0000,0.000000
2145,0.000000,0.0000,0.000000
2146,0.000000,0.0000,0.000000
2147,0.000000,0.0000,0.000000
2148,0.000000,0.0000,0.000000
2149,0.000000,0.0000,0.000000
2150,0.000000,0.0000,0.000000
2151,0.000000,0.0000,0.000000
2152,0.000000,0.0000,0.000000
2153,0.000000,0.0000,0.000000
2154,0.000000,0.0000,0.000000
2155,0.000000,0.0000,0.000000
2156,0.000000,0.0000,0.000000
2157,0.000000,0.0000,0.000000
2158,0.000000,0.0000,0.000000
2159,0.000000,0.0000,0.000000
2160,0.000000,0.0000,0.000000
2161,0.000000,0.0000,0.000000
2162,0.000000,0.0000,0.000000
2163,0.000000,0.0000,0.000000
2164,0.000000,0.0000,0.000000
2165,0.000000,0.0000,0.000000
2166,0.000000,0.0000,0.000000
2167,0.000000,0.0000,0.000000
2168,0.000000,0.0000,0.000000
2169,0.000000,0.0000,0.000000
2170,0.000000,0.0000,0.000000
2171,0.000000,0.0000,0.000000
2172,0.000000,0.0000,0.000000
2173,0.000000,0.0000,0.000000
2174,0.000000,0.0000,0.000000
2175,0.000000,0.0000,0.000000
2176,0.000000,0.0000,0.000000
2177,0.000000,0.0000,0.000000
2178,0.000000,0.0000,0.000000
2179,0.000000,0.0000,0.000000
2180,0.000000,0.0000,0.000000
2181,0.000000,0.0000,0.000000
2182,0.000000,0.0000,0.000000
2183,0.000000,0.0000,0.000000
2184,0.000000,0.0000,0.000000
2185,0.000000,0.0000,0.000000
2186,0.000000,0.0000,0.000000
2187,0.000000,0.0000,0.000000
2188,0.000000,0.0000,0.000000
2189,0.000000,0.0000,0.000000
2190,0.000000,0.0000,0.000000
2191,0.000000,0.0000,0.000000
2192,0.000000,0.0000,0.000000
2193,0.000000,0.0000,0.000000
2194,0.000000,0.0000,0.000000
2195,0.000000,0.0000,0.000000
2196,0.000000,0.0000,0.000000
2197,0.000000,0.0000,0.000000
2198,0.000000,0.0000,0.000000
2199,0.000000,0.0000,0.000000
2200,0.000000,0.0000,0.000000
2201,0.000000,0.0000,0.000000
2202,0.000000,0.0000,0.000000
2203,0.000000,0.0000,0.000000
2204,0.000000,0.0000,0.000000
2205,0.000000,0.0000,0.000000
2206,0.000000,0.0000,0.000000
2207,0.000000,0.0000,0.000000
2208,0.000000,0.0000,0.000000
2209,0.000000,0.0000,0.000000
2210,0.000000,0.0000,0.000000
2211,0.000000,0.0000,0.000000
2212,0.000000,0.0000,0.000000
2213,0.000000,0.0000,0.000000
2214,0.000000,0.0000,0.000000
2215,0.000000,0.0000,0.000000
2216,0.000000,0.0000,0.000000
2217,0.000000,0.0000,0.000000
2218,0.000000,0.0000,0.000000
2219,0.000000,0.0000,0.000000
2220,0.000000,0.0000,0.000000
2221,0.000000,0.0000,0.000000
2222,0.000000,0.0000,0.000000
2223,0.000000,0.0000,0.000000
2224,0.000000,0.0000,0.000000
2225,0.000000,0.0000,0.000000
2226,0.000000,0.0000,0.000000
2227,0.000000,0.0000,0.000000
2228,0.000000,0.0000,0.000000
2229,0.000000,0.0000,0.000000
2230,0.000000,0.0000,0.000000
2231,0.000000,0.0000,0.000000
2232,0.000000,0.0000,0.000000
2233,0.000000,0.0000,0.000000
2234,0.000000,0.0000,0.000000
2235,0.000000,0.0000,0.000000
2236,0.000000,0.0000,0.000000
2237,0.000000,0.0000,0.000000
2238,0.000000,0.0000,0.000000
2239,0.000000,0.0000,0.000000
2240,0.000000,0.0000,0.000000
2241,0.000000,0.0000,0.000000
2242,0.000000,0.0000,0.000000
2243,0.000000,0.0000,0.000000
2244,0.000000,0.0000,0.000000
2245,0.000000,0.0000,0.000000
2246,0.000000,0.0000,0.000000
2247,0.000000,0.0000,0.000000
2248,0.000000,0.0000,0.000000
2249,0.000000,0.0000,0.000000
2250,0.000000,0.0000,0.000000
2251,0.000000,0.0000,0.000000
2252,0.000000,0.0000,0.000000
2253,0.000000,0.0000,0.000000
2254,0.000000,0.0000,0.000000
2255,0.000000,0.0000,0.000000
2256,0.000000,0.0000,0.000000
2257,0.000000,0.0000,0.000000
2258,0.000000,0.0000,0.000000
2259,0.000000,0.0000,0.000000
2260,0.000000,0.0000,0.000000
2261,0.000000,0.0000,0.000000
2262,0.000000,0.0000,0.000000
2263,0.000000,0.0000,0.000000
2264,0.000000,0.0000,0.000000
2265,0.000000,0.0000,0.000000
2266,0.000000,0.0000,0.000000
2267,0.000000,0.0000,0.000000
2268,0.000000,0.0000,0.000000
2269,0.000000,0.0000,0.000000
2270,0.000000,0.0000,0.000000
2271,0.000000,0.0000,0.000000
2272,0.000000,0.0000,0.000000
2273,0.000000,0.0000,0.000000
2274,0.000000,0.0000,0.000000
2275,0.000000,0.0000,0.000000
2276,0.000000,0.0000,0.000000
2277,0.000000,0.0000,0.000000
2278,0.000000,0.0000,0.000000
2279,0.000000,0.0000,0.000000
2280,0.000000,0.0000,0.000000
2281,0.000000,0.0000,0.000000
2282,0.000000,0.0000,0.000000
2283,0.000000,0.0000,0.000000
2284,0.000000,0.0000,0.000000
2285,0.000000,0.0000,0.000000
2286,0.000000,0.0000,0.000000
2287,0.000000,0.0000,0.000000
2288,0.000000,0.0000,0.000000
2289,0.000000,0.0000,0.000000
2290,0.000000,0.0000,0.000000
2291,0.000000,0.0000,0.000000
2292,0.000000,0.0000,0.000000
2293,0.000000,0.0000,0.000000
2294,0.000000,0.0000,0.000000
2295,0.000000,0.0000,0.000000
2296,0.000000,0.0000,0.000000
2297,0.000000,0.0000,0.000000
2298,0.000000,0.0000,0.000000
2299,0.000000,0.0000,0.000000
2300,0.000000,0.0000,0.000000
2301,0.000000,0.0000,0.000000
2302,0.000000,0.0000,0.000000
2303,0.000000,0.0000,0.000000
2304,0.000000,0.0000,0.000000
2305,0.000000,0.0000,0.000000
2306,0.000000,0.0000,0.000000
2307,0.000000,0.0000,0.000000
2308,0.000000,0.0000,0.000000
2309,0.000000,0.0000,0.000000
2310,0.000000,0.0000,0.000000
2311,0.000000,0.0000,0.000000
2312,0.000000,0.0000,0.000000
2313,0.000000,0.0000,0.000000
2314,0.000000,0.0000,0.000000
2315,0.000000,0.0000,0.000000
2316,0.000000,0.0000,0.000000
2317,0.000000,0.0000,0.000000
2318,0.000000,0.0000,0.000000
2319,0.000000,0.0000,0.000000
2320,0.000000,0.0000,0.000000
2321,0.000000,0.0000,0.000000
2322,0.000000,0.0000,0.000000
2323,0.000000,0.0000,0.000000
2324,0.000000,0.0000,0.000000
2325,0.000000,0.0000,0.000000
2326,0.000000,0.0000,0.000000
2327,0.000000,0.0000,0.000000
2328,0.000000,0.0000,0.000000
2329,0.000000,0.0000,0.000000
2330,0.000000,0.0000,0.000000
2331,0.000000,0.0000,0.000000
2332,0.000000,0.0000,0.000000
2333,0.000000,0.0000,0.000000
2334,0.000000,0.0000,0.000000
2335,0.000000,0.0000,0.000000
2336,0.000000,0.0000,0.000000
2337,0.000000,0.0000,0.000000
2338,0.000000,0.0000,0.000000
2339,0.000000,0.0000,0.000000
2340,0.000000,0.0000,0.000000
2341,0.000000,0.0000,0.000000
2342,0.000000,0.0000,0.000000
2343,0.000000,0.0000,0.000000
2344,0.000000,0.0000,0.000000
2345,0.000000,0.0000,0.000000
2346,0.000000,0.0000,0.000000
2347,0.000000,0.0000,0.000000
2348,0.000000,0.0000,0.000000
2349,0.000000,0.0000,0.000000
2350,0.000000,0.0000,0.000000
2351,0.000000,0.0000,0.000000
2352,0.000000,0.0000,0.000000
2353,0.000000,0.0000,0.000000
2354,0.000000,0.0000,0.000000
2355,0.000000,0.0000,0.000000
2356,0.000000,0.0000,0.000000
2357,0.000000,0.0000,0.000000
2358,0.000000,0.0000,0.000000
2359,0.000000,0.0000,0.000000
2360,0.000000,0.0000,0.000000
2361,0.000000,0.0000,0.000000
2362,0.000000,0.0000,0.000000
2363,0.000000,0.0000,0.000000
2364,0.000000,0.0000,0.000000
2365,0.000000,0.0000,0.000000
2366,0.000000,0.0000,0.000000
2367,0.000000,0.0000,0.000000
2368,0.000000,0.0000,0.000000
2369,0.000000,0.0000,0.000000
2370,0.000000,0.0000,0.000000
2371,0.000000,0.0000,0.000000
2372,0.000000,0.0000,0.000000
2373,0.000000,0.0000,0.000000
2374,0.000000,0.0000,0.000000
2375,0.000000,0.0000,0.000000
2376,0.000000,0.0000,0.000000
2377,0.000000,0.0000,0.000000
2378,0.000000,0.0000,0.000000
2379,0.000000,0.0000,0.000000
2380,0.000000,0.0000,0.000000
2381,0.000000,0.0000,0.000000
2382,0.000000,0.0000,0.000000
2383,0.000000,0.0000,0.000000
2384,0.000000,0.0000,0.000000
2385,0.000000,0.0000,0.000000
2386,0.000000,0.0000,0.000000
2387,0.000000,0.0000,0.000000
2388,0.000000,0.0000,0.000000
2389,0.000000,0.0000,0.000000
2390,0.000000,0.0000,0.000000
2391,0.000000,0.0000,0.000000
2392,0.000000,0.0000,0.000000
2393,0.000000,0.0000,0.000000
2394,0.000000,0.0000,0.000000
2395,0.000000,0.0000,0.000000
2396,0.000000,0.0000,0.000000
2397,0.000000,0.0000,0.000000
2398,0.000000,0.0000,0.000000
2399,0.000000,0.0000,0.000000
2400,0.000000,0.0000,0.000000
2401,0.000000,0.0000,0.000000
2402,0.000000,0.0000,0.000000
2403,0.000000,0.0000,0.000000
2404,0.000000,0.0000,0.000000
2405,0.000000,0.0000,0.000000
2406,0.000000,0.0000,0.000000
2407,0.000000,0.0000,0.000000
2408,0.000000,0.0000,0.000000
2409,0.000000,0.0000,0.000000
2410,0.000000,0.0000,0.000000
2411,0.000000,0.0000,0.000000
2412,0.000000,0.0000,0.000000
2413,0.000000,0.0000,0.000000
2414,0.000000,0.0000,0.000000
2415,0.000000,0.0000,0.000000
2416,0.000000,0.0000,0.000000
2417,0.000000,0.0000,0.000000
2418,0.000000,0.0000,0.000000
2419,0.000000,0.0000,0.000000
2420,0.000000,0.0000,0.000000
2421,0.000000,0.0000,0.000000
2422,0.000000,0.0000,0.000000
2423,0.000000,0.0000,0.000000
2424,0.000000,0.0000,0.000000
2425,0.000000,0.0000,0.000000
2426,0.000000,0.0000,0.000000
2427,0.000000,0.0000,0.000000
2428,0.000000,0.0000,0.000000
2429,0.000000,0.0000,0.000000
2430,0.000000,0.0000,0.000000
2431,0.000000,0.0000,0.000000
2432,0.000000,0.0000,0.000000
2433,0.000000,0.0000,0.000000
2434,0.000000,0.0000,0.000000
2435,0.000000,0.0000,0.000000
2436,0.000000,0.0000,0.000000
2437,0.000000,0.0000,0.000000
2438,0.000000,0.0000,0.000000
2439,0.000000,0.0000,0.000000
2440,0.000000,0.0000,0.000000
2441,0.000000,0.0000,0.000000
2442,0.000000,0.0000,0.000000
2443,0.000000,0.0000,0.000000
2444,0.000000,0.0000,0.000000
2445,0.000000,0.0000,0.000000
2446,0.000000,0.0000,0.000000
2447,0.000000,0.0000,0.000000
2448,0.000000,0.0000,0.000000
2449,0.000000,0.0000,0.000000
2450,0.000000,0.0000,0.000000
2451,0.000000,0.0000,0.000000
2452,0.000000,0.0000,0.000000
2453,0.000000,0.0000,0.000000
2454,0.000000,0.0000,0.000000
2455,0.000000,0.0000,0.000000
2456,0.000000,0.0000,0.000000
2457,0.000000,0.0000,0.000000
2458,0.000000,0.0000,0.000000
2459,0.000000,0.0000,0.000000
2460,0.000000,0.0000,0.000000
2461,0.000000,0.0000,0.000000
2462,0.000000,0.0000,0.000000
2463,0.000000,0.0000,0.000000
2464,0.000000,0.0000,0.000000
2465,0.000000,0.0000,0.000000
2466,0.000000,0.0000,0.000000
2467,0.000000,0.0000,0.000000
2468,0.000000,0.0000,0.000000
2469,0.000000,0.0000,0.000000
2470,0.000000,0.0000,0.000000
2471,0.000000,0.0000,0.000000
2472,0.000000,0.0000,0.000000
2473,0.000000,0.0000,0.000000
2474,0.000000,0.0000,0.000000
2475,0.000000,0.0000,0.000000
2476,0.000000,0.0000,0.000000
2477,0.000000,0.0000,0.000000
2478,0.000000,0.0000,0.000000
2479,0.000000,0.0000,0.000000
2480,0.000000,0.0000,0.000000
2481,0.000000,0.0000,0.000000
2482,0.000000,0.0000,0.000000
2483,0.000000,0.0000,0.000000
2484,0.000000,0.0000,0.000000
2485,0.000000,0.0000,0.000000
2486,0.000000,0.0000,0.000000
2487,0.000000,0.0000,0.000000
2488,0.000000,0.0000,0.000000
2489,0.000000,0.0000,0.000000
2490,0.000000,0.0000,0.000000
2491,0.000000,0.0000,0.000000
2492,0.000000,0.0000,0.000000
2493,0.000000,0.0000,0.000000
2494,0.000000,0.0000,0.000000
2495,0.000000,0.0000,0.000000
2496,0.000000,0.0000,0.000000
2497,0.000000,0.0000,0.000000
2498,0.000000,0.0000,0.000000
2499,0.000000,0.0000,0.000000
2500,0.000000,0.0000,0.000000
2501,0.000000,0.0000,0.000000
2502,0.000000,0.0000,0.000000
2503,0.000000,0.0000,0.000000
2504,0.000000,0.0000,0.000000
2505,0.000000,0.0000,0.000000
2506,0.000000,0.0000,0.000000
2507,0.000000,0.0000,0.000000
2508,0.000000,0.0000,0.000000
2509,0.000000,0.0000,0.000000
2510,0.000000,0.0000,0.000000
2511,0.000000,0.0000,0.000000
2512,0.000000,0.0000,0.000000
2513,0.000000,0.0000,0.000000
2514,0.000000,0.0000,0.000000
2515,0.000000,0.0000,0.000000
2516,0.000000,0.0000,0.000000
2517,0.000000,0.0000,0.000000
2518,0.000000,0.0000,0.000000
2519,0.000000,0.0000,0.000000
2520,0.000000,0.0000,0.000000
2521,0.000000,0.0000,0.000000
2522,0.000000,0.0000,0.000000
2523,0.000000,0.0000,0.000000
2524,0.000000,0.0000,0.000000
2525,0.000000,0.0000,0.000000
2526,0.000000,0.0000,0.000000
2527,0.000000,0.0000,0.000000
2528,0.000000,0.0000,0.000000
2529,0.000000,0.0000,0.000000
2530,0.000000,0.0000,0.000000
2531,0.000000,0.0000,0.000000
2532,0.000000,0.0000,0.000000
2533,0.000000,0.0000,0.000000
2534,0.000000,0.0000,0.000000
2535,0.000000,0.0000,0.000000
2536,0.000000,0.0000,0.000000
2537,0.000000,0.0000,0.000000
2538,0.000000,0.0000,0.000000
2539,0.000000,0.0000,0.000000
2540,0.000000,0.0000,0.000000
2541,0.000000,0.0000,0.000000
2542,0.000000,0.0000,0.000000
2543,0.000000,0.0000,0.000000
2544,0.000000,0.0000,0.000000
2545,0.000000,0.0000,0.000000
2546,0.000000,0.0000,0.000000
2547,0.000000,0.0000,0.000000
2548,0.000000,0.0000,0.000000
2549,0.000000,0.0000,0.000000
2550,0.000000,0.0000,0.000000
2551,0.000000,0.0000,0.000000
2552,0.000000,0.0000,0.000000
2553,0.000000,0.0000,0.000000
2554,0.000000,0.0000,0.000000
2555,0.000000,0.0000,0.000000
2556,0.000000,0.0000,0.000000
2557,0.000000,0.0000,0.000000
2558,0.000000,0.0000,0.000000
2559,0.000000,0.0000,0.000000
2560,0.000000,0.0000,0.000000
2561,0.000000,0.0000,0.000000
2562,0.000000,0.0000,0.000000
2563,0.000000,0.0000,0.000000
2564,0.000000,0.0000,0.000000
2565,0.000000,0.0000,0.000000
2566,0.000000,0.0000,0.000000
2567,0.000000,0.0000,0.000000
2568,0.000000,0.0000,0.000000
2569,0.000000,0.0000,0.000000
2570,0.000000,0.0000,0.000000
2571,0.000000,0.0000,0.000000
2572,0.000000,0.0000,0.000000
2573,0.000000,0.0000,0.000000
2574,0.000000,0.0000,0.000000
2575,0.000000,0.0000,0.000000
2576,0.000000,0.0000,0.000000
2577,0.000000,0.0000,0.000000
2578,0.000000,0.0000,0.000000
2579,0.000000,0.0000,0.000000
2580,0.000000,0.0000,0.000000
2581,0.000000,0.0000,0.000000
2582,0.000000,0.0000,0.000000
2583,0.000000,0.0000,0.000000
2584,0.000000,0.0000,0.000000
2585,0.000000,0.0000,0.000000
2586,0.000000,0.0000,0.000000
2587,0.000000,0.0000,0.000000
2588,0.000000,0.0000,0.000000
2589,0.000000,0.0000,0.000000
2590,0.000000,0.0000,0.000000
2591,0.000000,0.0000,0.000000
2592,0.000000,0.0000,0.000000
2593,0.000000,0.0000,0.000000
2594,0.000000,0.0000,0.000000
2595,0.000000,0.0000,0.000000
2596,0.000000,0.0000,0.000000
2597,0.000000,0.0000,0.000000
2598,0.000000,0.0000,0.000000
2599,0.000000,0.0000,0.000000
2600,0.000000,0.0000,0.000000
2601,0.000000,0.0000,0.000000
2602,0.000000,0.0000,0.000000
2603,0.000000,0.0000,0.000000
2604,0.000000,0.0000,0.000000
2605,0.000000,0.0000,0.000000
2606,0.000000,0.0000,0.000000
2607,0.000000,0.0000,0.000000
2608,0.000000,0.0000,0.000000
2609,0.000000,0.0000,0.000000
2610,0.000000,0.0000,0.000000
2611,0.000000,0.0000,0.000000
2612,0.000000,0.0000,0.000000
2613,0.000000,0.0000,0.000000
2614,0.000000,0.0000,0.000000
2615,0.000000,0.0000,0.000000
2616,0.000000,0.0000,0.000000
2617,0.000000,0.0000,0.000000
2618,0.000000,0.0000,0.000000
2619,0.000000,0.0000,0.000000
2620,0.000000,0.0000,0.000000
2621,0.000000,0.0000,0.000000
2622,0.000000,0.0000,0.000000
2623,0.000000,0.0000,0.000000
2624,0.000000,0.0000,0.000000
2625,0.000000,0.0000,0.000000
2626,0.000000,0.0000,0.000000
2627,0.000000,0.0000,0.000000
2628,0.000000,0.0000,0.000000
2629,0.000000,0.0000,0.000000
2630,0.000000,0.0000,0.000000
2631,0.000000,0.0000,0.000000
2632,0.000000,0.0000,0.000000
2633,0.000000,0.0000,0.000000
2634,0.000000,0.0000,0.000000
2635,0.000000,0.0000,0.000000
2636,0.000000,0.0000,0.000000
2637,0.000000,0.0000,0.000000
2638,0.000000,0.0000,0.000000
2639,0.000000,0.0000,0.000000
2640,0.000000,0.0000,0.000000
2641,0.000000,0.0000,0.000000
2642,0.000000,0.0000,0.000000
2643,0.000000,0.0000,0.000000
2644,0.000000,0.0000,0.000000
2645,0.000000,0.0000,0.000000
2646,0.000000,0.0000,0.000000
2647,0.000000,0.0000,0.000000
2648,0.000000,0.0000,0.000000
2649,0.000000,0.0000,0.000000
2650,0.000000,0.0000,0.000000
2651,0.000000,0.0000,0.000000
2652,0.000000,0.0000,0.000000
2653,0.000000,0.0000,0.000000
2654,0.000000,0.0000,0.000000
2655,0.000000,0.0000,0.000000
2656,0.000000,0.0000,0.000000
2657,0.000000,0.0000,0.000000
2658,0.000000,0.0000,0.000000
2659,0.000000,0.0000,0.000000
2660,0.000000,0.0000,0.000000
2661,0.000000,0.0000,0.000000
2662,0.000000,0.0000,0.000000
2663,0.000000,0.0000,0.000000
2664,0.000000,0.0000,0.000000
2665,0.000000,0.0000,0.000000
2666,0.000000,0.0000,0.000000
2667,0.000000,0.0000,0.000000
2668,0.000000,0.0000,0.000000
2669,0.000000,0.0000,0.000000
2670,0.000000,0.0000,0.000000
2671,0.000000,0.0000,0.000000
2672,0.000000,0.0000,0.000000
2673,0.000000,0.0000,0.000000
2674,0.000000,0.0000,0.000000
2675,0.000000,0.0000,0.000000
2676,0.000000,0.0000,0.000000
2677,0.000000,0.0000,0.000000
2678,0.000000,0.0000,0.000000
2679,0.000000,0.0000,0.000000
2680,0.000000,0.0000,0.000000
2681,0.000000,0.0000,0.000000
2682,0.000000,0.0000,0.000000
2683,0.000000,0.0000,0.000000
2684,0.000000,0.0000,0.000000
2685,0.000000,0.0000,0.000000
2686,0.000000,0.0000,0.000000
2687,0.000000,0.0000,0.000000
2688,0.000000,0.0000,0.000000
2689,0.000000,0.0000,0.000000
2690,0.000000,0.0000,0.000000
2691,0.000000,0.0000,0.000000
2692,0.000000,0.0000,0.000000
2693,0.000000,0.0000,0.000000
2694,0.000000,0.0000,0.000000
2695,0.000000,0.0000,0.000000
2696,0.000000,0.0000,0.000000
2697,0.000000,0.0000,0.000000
2698,0.000000,0.0000,0.000000
2699,0.000000,0.0000,0.000000
2700,0.000000,0.0000,0.000000
2701,0.000000,0.0000,0.000000
2702,0.000000,0.0000,0.000000
2703,0.000000,0.0000,0.000000
2704,0.000000,0.0000,0.000000
2705,0.000000,0.0000,0.000000
2706,0.000000,0.0000,0.000000
2707,0.000000,0.0000,0.000000
2708,0.000000,0.0000,0.000000
2709,0.000000,0.0000,0.000000
2710,0.000000,0.0000,0.000000
2711,0.000000,0.0000,0.000000
2712,0.000000,0.0000,0.000000
2713,0.000000,0.0000,0.000000
2714,0.000000,0.0000,0.000000
2715,0.000000,0.0000,0.000000
2716,0.000000,0.0000,0.000000
2717,0.000000,0.0000,0.000000
2718,0.000000,0.0000,0.000000
2719,0.000000,0.0000,0.000000
2720,0.000000,0.0000,0.000000
2721,0.000000,0.0000,0.000000
2722,0.000000,0.0000,0.000000
2723,0.000000,0.0000,0.000000
2724,0.000000,0.0000,0.000000
2725,0.000000,0.0000,0.000000
2726,0.000000,0.0000,0.000000
2727,0.000000,0.0000,0.000000
2728,0.000000,0.0000,0.000000
2729,0.000000,0.0000,0.000000
2730,0.000000,0.0000,0.000000
2731,0.000000,0.0000,0.000000
2732,0.000000,0.0000,0.000000
2733,0.000000,0.0000,0.000000
2734,0.000000,0.0000,0.000000
2735,0.000000,0.0000,0.000000
2736,0.000000,0.0000,0.000000
2737,0.000000,0.0000,0.000000
2738,0.000000,0.0000,0.000000
2739,0.000000,0.0000,0.000000
2740,0.000000,0.0000,0.000000
2741,0.000000,0.0000,0.000000
2742,0.000000,0.0000,0.000000
2743,0.000000,0.0000,0.000000
2744,0.000000,0.0000,0.000000
2745,0.000000,0.0000,0.000000
2746,0.000000,0.0000,0.000000
2747,0.000000,0.0000,0.000000
2748,0.000000,0.0000,0.000000
2749,0.000000,0.0000,0.000000
2750,0.000000,0.0000,0.000000
2751,0.000000,0.0000,0.000000
2752,0.000000,0.0000,0.000000
2753,0.000000,0.0000,0.000000
2754,0.000000,0.0000,0.000000
2755,0.000000,0.0000,0.000000
2756,0.000000,0.0000,0.000000
2757,0.000000,0.0000,0.000000
2758,0.000000,0.0000,0.000000
2759,0.000000,0.0000,0.000000
2760,0.000000,0.0000,0.000000
2761,0.000000,0.0000,0.000000
2762,0.000000,0.0000,0.000000
2763,0.000000,0.0000,0.000000
2764,0.000000,0.0000,0.000000
2765,0.000000,0.0000,0.000000
2766,0.000000,0.0000,0.000000
2767,0.000000,0.0000,0.000000
2768,0.000000,0.0000,0.000000
2769,0.000000,0.0000,0.000000
2770,0.000000,0.0000,0.000000
2771,0.000000,0.0000,0.000000
2772,0.000000,0.0000,0.000000
2773,0.000000,0.0000,0.000000
2774,0.000000,0.0000,0.000000
2775,0.000000,0.0000,0.000000
2776,0.000000,0.0000,0.000000
2777,0.000000,0.0000,0.000000
2778,0.000000,0.0000,0.000000
2779,0.000000,0.0000,0.000000
2780,0.000000,0.0000,0.000000
2781,0.000000,0.0000,0.000000
2782,0.000000,0.0000,0.000000
2783,0.000000,0.0000,0.000000
2784,0.000000,0.0000,0.000000
2785,0.000000,0.0000,0.000000
2786,0.000000,0.0000,0.000000
2787,0.000000,0.0000,0.000000
2788,0.000000,0.0000,0.000000
2789,0.000000,0.0000,0.000000
2790,0.000000,0.0000,0.000000
2791,0.000000,0.0000,0.000000
2792,0.000000,0.0000,0.000000
2793,0.000000,0.0000,0.000000
2794,0.000000,0.0000,0.000000
2795,0.000000,0.0000,0.000000
2796,0.000000,0.0000,0.000000
2797,0.000000,0.0000,0.000000
2798,0.000000,0.0000,0.000000
2799,0.000000,0.0000,0.000000
2800,0.000000,0.0000,0.000000
2801,0.000000,0.0000,0.000000
2802,0.000000,0.0000,0.000000
2803,0.000000,0.0000,0.000000
2804,0.000000,0.0000,0.000000
2805,0.000000,0.0000,0.000000
2806,0.000000,0.0000,0.000000
2807,0.000000,0.0000,0.000000
2808,0.000000,0.0000,0.000000
2809,0.000000,0.0000,0.000000
2810,0.000000,0.0000,0.000000
2811,0.000000,0.0000,0.000000
2812,0.000000,0.0000,0.000000
2813,0.000000,0.0000,0.000000
2814,0.000000,0.0000,0.000000
2815,0.000000,0.0000,0.000000
2816,0.000000,0.0000,0.000000
2817,0.000000,0.0000,0.000000
2818,0.000000,0.0000,0.000000
2819,0.000000,0.0000,0.000000
2820,0.000000,0.0000,0.000000
2821,0.000000,0.0000,0.000000
2822,0.000000,0.0000,0.000000
2823,0.000000,0.0000,0.000000
2824,0.000000,0.0000,0.000000
2825,0.000000,0.0000,0.000000
2826,0.000000,0.0000,0.000000
2827,0.000000,0.0000,0.000000
2828,0.000000,0.0000,0.000000
2829,0.000000,0.0000,0.000000
2830,0.000000,0.0000,0.000000
2831,0.000000,0.0000,0.000000
2832,0.000000,0.0000,0.000000
2833,0.000000,0.0000,0.000000
2834,0.000000,0.0000,0.000000
2835,0.000000,0.0000,0.000000
2836,0.000000,0.0000,0.000000
2837,0.000000,0.0000,0.000000
2838,0.000000,0.0000,0.000000
2839,0.000000,0.0000,0.000000
2840,0.000000,0.0000,0.000000
2841,0.000000,0.0000,0.000000
2842,0.000000,0.0000,0.000000
2843,0.000000,0.0000,0.000000
2844,0.000000,0.0000,0.000000
2845,0.000000,0.0000,0.000000
2846,0.000000,0.0000,0.000000
2847,0.000000,0.0000,0.000000
2848,0.000000,0.0000,0.000000
2849,0.000000,0.0000,0.000000
2850,0.000000,0.0000,0.000000
2851,0.000000,0.0000,0.000000
2852,0.000000,0.0000,0.000000
2853,0.000000,0.0000,0.000000
2854,0.000000,0.0000,0.000000
2855,0.000000,0.0000,0.000000
2856,0.000000,0.0000,0.000000
2857,0.000000,0.0000,0.000000
2858,0.000000,0.0000,0.000000
2859,0.000000,0.0000,0.000000
2860,0.000000,0.0000,0.000000
2861,0.000000,0.0000,0.000000
2862,0.000000,0.0000,0.000000
2863,0.000000,0.0000,0.000000
2864,0.000000,0.0000,0.000000
2865,0.000000,0.0000,0.000000
2866,0.000000,0.0000,0.000000
2867,0.000000,0.0000,0.000000
2868,0.000000,0.0000,0.000000
2869,0.000000,0.0000,0.000000
2870,0.000000,0.0000,0.000000
2871,0.000000,0.0000,0.000000
2872,0.000000,0.0000,0.000000
2873,0.000000,0.0000,0.000000
2874,0.000000,0.0000,0.000000
2875,0.000000,0.0000,0.000000
2876,0.000000,0.0000,0.000000
2877,0.000000,0.0000,0.000000
2878,0.000000,0.0000,0.000000
2879,0.000000,0.0000,0.000000
2880,0.000000,0.0000,0.000000
2881,0.000000,0.0000,0.000000
2882,0.000000,0.0000,0.000000
2883,0.000000,0.0000,0.000000
2884,0.000000,0.0000,0.000000
2885,0.000000,0.0000,0.000000
2886,0.000000,0.0000,0.000000
2887,0.000000,0.0000,0.000000
2888,0.000000,0.0000,0.000000
2889,0.000000,0.0000,0.000000
2890,0.000000,0.0000,0.000000
2891,0.000000,0.0000,0.000000
2892,0.000000,0.0000,0.000000
2893,0.000000,0.0000,0.000000
2894,0.000000,0.0000,0.000000
2895,0.000000,0.0000,0.000000
2896,0.000000,0.0000,0.000000
2897,0.000000,0.0000,0.000000
2898,0.000000,0.0000,0.000000
2899,0.000000,0.0000,0.000000
2900,0.000000,0.0000,0.000000
2901,0.000000,0.0000,0.000000
2902,0.000000,0.0000,0.000000
2903,0.000000,0.0000,0.000000
2904,0.000000,0.0000,0.000000
2905,0.000000,0.0000,0.000000
2906,0.000000,0.0000,0.000000
2907,0.000000,0.0000,0.000000
2908,0.000000,0.0000,0.000000
2909,0.000000,0.0000,0.000000
2910,0.000000,0.0000,0.000000
2911,0.000000,0.0000,0.000000
2912,0.000000,0.0000,0.000000
2913,0.000000,0.0000,0.000000
2914,0.000000,0.0000,0.000000
2915,0.000000,0.0000,0.000000
2916,0.000000,0.0000,0.000000
2917,0.000000,0.0000,0.000000
2918,0.000000,0.0000,0.000000
2919,0.000000,0.0000,0.000000
2920,0.000000,0.0000,0.000000
2921,0.000000,0.0000,0.000000
2922,0.000000,0.0000,0.000000
2923,0.000000,0.0000,0.000000
2924,0.000000,0.0000,0.000000
2925,0.000000,0.0000,0.000000
2926,0.000000,0.0000,0.000000
2927,0.000000,0.0000,0.000000
2928,0.000000,0.0000,0.000000
2929,0.000000,0.0000,0.000000
2930,0.000000,0.0000,0.000000
2931,0.000000,0.0000,0.000000
2932,0.000000,0.0000,0.000000
2933,0.000000,0.0000,0.000000
2934,0.000000,0.0000,0.000000
2935,0.000000,0.0000,0.000000
2936,0.000000,0.0000,0.000000
2937,0.000000,0.0000,0.000000
2938,0.000000,0.0000,0.000000
2939,0.000000,0.0000,0.000000
2940,0.000000,0.0000,0.000000
2941,0.000000,0.0000,0.000000
2942,0.000000,0.0000,0.000000
2943,0.000000,0.0000,0.000000
2944,0.000000,0.0000,0.000000
2945,0.000000,0.0000,0.000000
2946,0.000000,0.0000,0.000000
2947,0.000000,0.0000,0.000000
2948,0.000000,0.0000,0.000000
2949,0.000000,0.0000,0.000000
2950,0.000000,0.0000,0.000000
2951,0.000000,0.0000,0.000000
2952,0.000000,0.0000,0.000000
2953,0.000000,0.0000,0.000000
2954,0.000000,0.0000,0.000000
2955,0.000000,0.0000,0.000000
2956,0.000000,0.0000,0.000000
2957,0.000000,0.0000,0.000000
2958,0.000000,0.0000,0.000000
2959,0.000000,0.0000,0.000000
2960,0.000000,0.0000,0.000000
2961,0.000000,0.0000,0.000000
2962,0.000000,0.0000,0.000000
2963,0.000000,0.0000,0.000000
2964,0.000000,0.0000,0.000000
2965,0.000000,0.0000,0.000000
2966,0.000000,0.0000,0.000000
2967,0.000000,0.0000,0.000000
2968,0.000000,0.0000,0.000000
2969,0.000000,0.0000,0.000000
2970,0.000000,0.0000,0.000000
2971,0.000000,0.0000,0.000000
2972,0.000000,0.0000,0.000000
2973,0.000000,0.0000,0.000000
2974,0.000000,0.0000,0.000000
2975,0.000000,0.0000,0.000000
2976,0.000000,0.0000,0.000000
2977,0.000000,0.0000,0.000000
2978,0.000000,0.0000,0.000000
2979,0.000000,0.0000,0.000000
2980,0.000000,0.0000,0.000000
2981,0.000000,0.0000,0.000000
2982,0.000000,0.0000,0.000000
2983,0.000000,0.0000,0.000000
2984,0.000000,0.0000,0.000000
2985,0.000000,0.0000,0.000000
2986,0.000000,0.0000,0.000000
2987,0.000000,0.0000,0.000000
2988,0.000000,0.0000,0.000000
2989,0.000000,0.0000,0.000000
2990,0.000000,0.0000,0.000000
2991,0.000000,0.0000,0.000000
2992,0.000000,0.0000,0.000000
2993,0.000000,0.0000,0.000000
2994,0.000000,0.0000,0.000000
2995,0.000000,0.0000,0.000000
2996,0.000000,0.0000,0.000000
2997,0.000000,0.0000,0.000000
2998,0.000000,0.0000,0.000000
2999,0.000000,0.0000,0.000000
3000,0.000000,0.0000,0.000000
3001,0.000000,0.0000,0.000000
3002,0.000000,0.0000,0.000000
3003,0.000000,0.0000,0.000000
3004,0.000000,0.0000,0.000000
3005,0.000000,0.0000,0.000000
3006,0.000000,0.0000,0.000000
3007,0.000000,0.0000,0.000000
3008,0.000000,0.0000,0.000000
3009,0.000000,0.0000,0.000000
3010,0.000000,0.0000,0.000000
3011,0.000000,0.0000,0.000000
3012,0.000000,0.0000,0.000000
3013,0.000000,0.0000,0.000000
3014,0.000000,0.0000,0.000000
3015,0.000000,0.0000,0.000000
3016,0.000000,0.0000,0.000000
3017,0.000000,0.0000,0.000000
3018,0.000000,0.0000,0.000000
3019,0.000000,0.0000,0.000000
3020,0.000000,0.0000,0.000000
3021,0.000000,0.0000,0.000000
3022,0.000000,0.0000,0.000000
3023,0.000000,0.0000,0.000000
3024,0.000000,0.0000,0.000000
3025,0.000000,0.0000,0.000000
3026,0.000000,0.0000,0.000000
3027,0.000000,0.0000,0.000000
3028,0.000000,0.0000,0.000000
3029,0.000000,0.0000,0.000000
3030,0.000000,0.0000,0.000000
3031,0.000000,0.0000,0.000000
3032,0.000000,0.0000,0.000000
3033,0.000000,0.0000,0.000000
3034,0.000000,0.0000,0.000000
3035,0.000000,0.0000,0.000000
3036,0.000000,0.0000,0.000000
3037,0.000000,0.0000,0.000000
3038,0.000000,0.0000,0.000000
3039,0.000000,0.0000,0.000000
3040,0.000000,0.0000,0.000000
3041,0.000000,0.0000,0.000000
3042,0.000000,0.0000,0.000000
3043,0.000000,0.0000,0.000000
3044,0.000000,0.0000,0.000000
3045,0.000000,0.0000,0.000000
3046,0.000000,0.0000,0.000000
3047,0.000000,0.0000,0.000000
3048,0.000000,0.0000,0.000000
3049,0.000000,0.0000,0.000000
3050,0.000000,0.0000,0.000000
3051,0.000000,0.0000,0.000000
3052,0.000000,0.0000,0.000000
3053,0.000000,0.0000,0.000000
3054,0.000000,0.0000,0.000000
3055,0.000000,0.0000,0.000000
3056,0.000000,0.0000,0.000000
3057,0.000000,0.0000,0.000000
3058,0.000000,0.0000,0.000000
3059,0.000000,0.0000,0.000000
3060,0.000000,0.0000,0.000000
3061,0.000000,0.0000,0.000000
3062,0.000000,0.0000,0.000000
3063,0.000000,0.0000,0.000000
3064,0.000000,0.0000,0.000000
3065,0.000000,0.0000,0.000000
3066,0.000000,0.0000,0.000000
3067,0.000000,0.0000,0.000000
3068,0.000000,0.0000,0.000000
3069,0.000000,0.0000,0.000000
3070,0.000000,0.0000,0.000000
3071,0.000000,0.0000,0.000000
3072,0.000000,0.0000,0.000000
3073,0.000000,0.0000,0.000000
3074,0.000000,0.0000,0.000000
3075,0.000000,0.0000,0.000000
3076,0.000000,0.0000,0.000000
3077,0.000000,0.0000,0.000000
3078,0.000000,0.0000,0.000000
3079,0.000000,0.0000,0.000000
3080,0.000000,0.0000,0.000000
3081,0.000000,0.0000,0.000000
3082,0.000000,0.0000,0.000000
3083,0.000000,0.0000,0.000000
3084,0.000000,0.0000,0.000000
3085,0.000000,0.0000,0.000000
3086,0.000000,0.0000,0.000000
3087,0.000000,0.0000,0.000000
3088,0.000000,0.0000,0.000000
3089,0.000000,0.0000,0.000000
3090,0.000000,0.0000,0.000000
3091,0.000000,0.0000,0.000000
3092,0.000000,0.0000,0.000000
3093,0.000000,0.0000,0.000000
3094,0.000000,0.0000,0.000000
3095,0.000000,0.0000,0.000000
3096,0.000000,0.0000,0.000000
3097,0.000000,0.0000,0.000000
3098,0.000000,0.0000,0.000000
3099,0.000000,0.0000,0.000000
3100,0.000000,0.0000,0.000000
3101,0.000000,0.0000,0.000000
3102,0.000000,0.0000,0.000000
3103,0.000000,0.0000,0.000000
3104,0.000000,0.0000,0.000000
3105,0.000000,0.0000,0.000000
3106,0.000000,0.0000,0.000000
3107,0.000000,0.0000,0.000000
3108,0.000000,0.0000,0.000000
3109,0.000000,0.0000,0.000000
3110,0.000000,0.0000,0.000000
3111,0.000000,0.0000,0.000000
3112,0.000000,0.0000,0.000000
3113,0.000000,0.0000,0.000000
3114,0.000000,0.0000,0.000000
3115,0.000000,0.0000,0.000000
3116,0.000000,0.0000,0.000000
3117,0.000000,0.0000,0.000000
3118,0.000000,0.0000,0.000000
3119,0.000000,0.0000,0.000000
3120,0.000000,0.0000,0.000000
3121,0.000000,0.0000,0.000000
3122,0.000000,0.0000,0.000000
3123,0.000000,0.0000,0.000000
3124,0.000000,0.0000,0.000000
3125,0.000000,0.0000,0.000000
3126,0.000000,0.0000,0.000000
3127,0.000000,0.0000,0.000000
3128,0.000000,0.0000,0.000000
3129,0.000000,0.0000,0.000000
3130,0.000000,0.0000,0.000000
3131,0.000000,0.0000,0.000000
3132,0.000000,0.0000,0.000000
3133,0.000000,0.0000,0.000000
3134,0.000000,0.0000,0.000000
3135,0.000000,0.0000,0.000000
3136,0.000000,0.0000,0.000000
3137,0.000000,0.0000,0.000000
3138,0.000000,0.0000,0.000000
3139,0.000000,0.0000,0.000000
3140,0.000000,0.0000,0.000000
3141,0.000000,0.0000,0.000000
3142,0.000000,0.0000,0.000000
3143,0.000000,0.0000,0.000000
3144,0.000000,0.0000,0.000000
3145,0.000000,0.0000,0.000000
3146,0.000000,0.0000,0.000000
3147,0.000000,0.0000,0.000000
3148,0.000000,0.0000,0.000000
3149,0.000000,0.0000,0.000000
3150,0.000000,0.0000,0.000000
3151,0.000000,0.0000,0.000000
3152,0.000000,0.0000,0.000000
3153,0.000000,0.0000,0.000000
3154,0.000000,0.0000,0.000000
3155,0.000000,0.0000,0.000000
3156,0.000000,0.0000,0.000000
3157,0.000000,0.0000,0.000000
3158,0.000000,0.0000,0.000000
3159,0.000000,0.0000,0.000000
3160,0.000000,0.0000,0.000000
3161,0.000000,0.0000,0.000000
3162,0.000000,0.0000,0.000000
3163,0.000000,0.0000,0.000000
3164,0.000000,0.0000,0.000000
3165,0.000000,0.0000,0.000000
3166,0.000000,0.0000,0.000000
3167,0.000000,0.0000,0.000000
3168,0.000000,0.0000,0.000000
3169,0.000000,0.0000,0.000000
3170,0.000000,0.0000,0.000000
3171,0.000000,0.0000,0.000000
3172,0.000000,0.0000,0.000000
3173,0.000000,0.0000,0.000000
3174,0.000000,0.0000,0.000000
3175,0.000000,0.0000,0.000000
3176,0.000000,0.0000,0.000000
3177,0.000000,0.0000,0.000000
3178,0.000000,0.0000,0.000000
3179,0.000000,0.0000,0.000000
3180,0.000000,0.0000,0.000000
3181,0.000000,0.0000,0.000000
3182,0.000000,0.0000,0.000000
3183,0.000000,0.0000,0.000000
3184,0.000000,0.0000,0.000000
3185,0.000000,0.0000,0.000000
3186,0.000000,0.0000,0.000000
3187,0.000000,0.0000,0.000000
3188,0.000000,0.0000,0.000000
3189,0.000000,0.0000,0.000000
3190,0.000000,0.0000,0.000000
3191,0.000000,0.0000,0.000000
3192,0.000000,0.0000,0.000000
3193,0.000000,0.0000,0.000000
3194,0.000000,0.0000,0.000000
3195,0.000000,0.0000,0.000000
3196,0.000000,0.0000,0.000000
3197,0.000000,0.0000,0.000000
3198,0.000000,0.0000,0.000000
3199,0.000000,0.0000,0.000000
3200,0.000000,0.0000,0.000000
3201,0.000000,0.0000,0.000000
3202,0.000000,0.0000,0.000000
3203,0.000000,0.0000,0.000000
3204,0.000000,0.0000,0.000000
3205,0.000000,0.0000,0.000000
3206,0.000000,0.0000,0.000000
3207,0.000000,0.0000,0.000000
3208,0.000000,0.0000,0.000000
3209,0.000000,0.0000,0.000000
3210,0.000000,0.0000,0.000000
3211,0.000000,0.0000,0.000000
3212,0.000000,0.0000,0.000000
3213,0.000000,0.0000,0.000000
3214,0.000000,0.0000,0.000000
3215,0.000000,0.0000,0.000000
3216,0.000000,0.0000,0.000000
3217,0.000000,0.0000,0.000000
3218,0.000000,0.0000,0.000000
3219,0.000000,0.0000,0.000000
3220,0.000000,0.0000,0.000000
3221,0.000000,0.0000,0.000000
3222,0.000000,0.0000,0.000000
3223,0.000000,0.0000,0.000000
3224,0.000000,0.0000,0.000000
3225,0.000000,0.0000,0.000000
3226,0.000000,0.0000,0.000000
3227,0.000000,0.0000,0.000000
3228,0.000000,0.0000,0.000000
3229,0.000000,0.0000,0.000000
3230,0.000000,0.0000,0.000000
3231,0.000000,0.0000,0.000000
3232,0.000000,0.0000,0.000000
3233,0.000000,0.0000,0.000000
3234,0.000000,0.0000,0.000000
3235,0.000000,0.0000,0.000000
3236,0.000000,0.0000,0.000000
3237,0.000000,0.0000,0.000000
3238,0.000000,0.0000,0.000000
3239,0.000000,0.0000,0.000000
3240,0.000000,0.0000,0.000000
3241,0.000000,0.0000,0.000000
3242,0.000000,0.0000,0.000000
3243,0.000000,0.0000,0.000000
3244,0.000000,0.0000,0.000000
3245,0.000000,0.0000,0.000000
3246,0.000000,0.0000,0.000000
3247,0.000000,0.0000,0.000000
3248,0.000000,0.0000,0.000000
3249,0.000000,0.0000,0.000000
3250,0.000000,0.0000,0.000000
3251,0.000000,0.0000,0.000000
3252,0.000000,0.0000,0.000000
3253,0.000000,0.0000,0.000000
3254,0.000000,0.0000,0.000000
3255,0.000000,0.0000,0.000000
3256,0.000000,0.0000,0.000000
3257,0.000000,0.0000,0.000000
3258,0.000000,0.0000,0.000000
3259,0.000000,0.0000,0.000000
3260,0.000000,0.0000,0.000000
3261,0.000000,0.0000,0.000000
3262,0.000000,0.0000,0.000000
3263,0.000000,0.0000,0.000000
3264,0.000000,0.0000,0.000000
3265,0.000000,0.0000,0.000000
3266,0.000000,0.0000,0.000000
3267,0.000000,0.0000,0.000000
3268,0.000000,0.0000,0.000000
3269,0.000000,0.0000,0.000000
3270,0.000000,0.0000,0.000000
3271,0.000000,0.0000,0.000000
3272,0.000000,0.0000,0.000000
3273,0.000000,0.0000,0.000000
3274,0.000000,0.0000,0.000000
3275,0.000000,0.0000,0.000000
3276,0.000000,0.0000,0.000000
3277,0.000000,0.0000,0.000000
3278,0.000000,0.0000,0.000000
3279,0.000000,0.0000,0.000000
3280,0.000000,0.0000,0.000000
3281,0.000000,0.0000,0.000000
3282,0.000000,0.0000,0.000000
3283,0.000000,0.0000,0.000000
3284,0.000000,0.0000,0.000000
3285,0.000000,0.0000,0.000000
3286,0.000000,0.0000,0.000000
3287,0.000000,0.0000,0.000000
3288,0.000000,0.0000,0.000000
3289,0.000000,0.0000,0.000000
3290,0.000000,0.0000,0.000000
3291,0.000000,0.0000,0.000000
3292,0.000000,0.0000,0.000000
3293,0.000000,0.0000,0.000000
3294,0.000000,0.0000,0.000000
3295,0.000000,0.0000,0.000000
3296,0.000000,0.0000,0.000000
3297,0.000000,0.0000,0.000000
3298,0.000000,0.0000,0.000000
3299,0.000000,0.0000,0.000000
3300,0.000000,0.0000,0.000000
3301,0.000000,0.0000,0.000000
3302,0.000000,0.0000,0.000000
3303,0.000000,0.0000,0.000000
3304,0.000000,0.0000,0.000000
3305,0.000000,0.0000,0.000000
3306,0.000000,0.0000,0.000000
3307,0.000000,0.0000,0.000000
3308,0.000000,0.0000,0.000000
3309,0.000000,0.0000,0.000000
3310,0.000000,0.0000,0.000000
3311,0.000000,0.0000,0.000000
3312,0.000000,0.0000,0.000000
3313,0.000000,0.0000,0.000000
3314,0.000000,0.0000,0.000000
3315,0.000000,0.0000,0.000000
3316,0.000000,0.0000,0.000000
3317,0.000000,0.0000,0.000000
3318,0.000000,0.0000,0.000000
3319,0.000000,0.0000,0.000000
3320,0.000000,0.0000,0.000000
3321,0.000000,0.0000,0.000000
3322,0.000000,0.0000,0.000000
3323,0.000000,0.0000,0.000000
3324,0.000000,0.0000,0.000000
3325,0.000000,0.0000,0.000000
3326,0.000000,0.0000,0.000000
3327,0.000000,0.0000,0.000000
3328,0.000000,0.0000,0.000000
3329,0.000000,0.0000,0.000000
3330,0.000000,0.0000,0.000000
3331,0.000000,0.0000,0.000000
3332,0.000000,0.0000,0.000000
3333,0.000000,0.0000,0.000000
3334,0.000000,0.0000,0.000000
3335,0.000000,0.0000,0.000000
3336,0.000000,0.0000,0.000000
3337,0.000000,0.0000,0.000000
3338,0.000000,0.0000,0.000000
3339,0.000000,0.0000,0.000000
3340,0.000000,0.0000,0.000000
3341,0.000000,0.0000,0.000000
3342,0.000000,0.0000,0.000000
3343,0.000000,0.0000,0.000000
3344,0.000000,0.0000,0.000000
3345,0.000000,0.0000,0.000000
3346,0.000000,0.0000,0.000000
3347,0.000000,0.0000,0.000000
3348,0.000000,0.0000,0.000000
3349,0.000000,0.0000,0.000000
3350,0.000000,0.0000,0.000000
3351,0.000000,0.0000,0.000000
3352,0.000000,0.0000,0.000000
3353,0.000000,0.0000,0.000000
3354,0.000000,0.0000,0.000000
3355,0.000000,0.0000,0.000000
3356,0.000000,0.0000,0.000000
3357,0.000000,0.0000,0.000000
3358,0.000000,0.0000,0.000000
3359,0.000000,0.0000,0.000000
3360,0.000000,0.0000,0.000000
3361,0.000000,0.0000,0.000000
3362,0.000000,0.0000,0.000000
3363,0.000000,0.0000,0.000000
3364,0.000000,0.0000,0.000000
3365,0.000000,0.0000,0.000000
3366,0.000000,0.0000,0.000000
3367,0.000000,0.0000,0.000000
3368,0.000000,0.0000,0.000000
3369,0.000000,0.0000,0.000000
3370,0.000000,0.0000,0.000000
3371,0.000000,0.0000,0.000000
3372,0.000000,0.0000,0.000000
3373,0.000000,0.0000,0.000000
3374,0.000000,0.0000,0.000000
3375,0.000000,0.0000,0.000000
3376,0.000000,0.0000,0.000000
3377,0.000000,0.0000,0.000000
3378,0.000000,0.0000,0.000000
3379,0.000000,0.0000,0.000000
3380,0.000000,0.0000,0.000000
3381,0.000000,0.0000,0.000000
3382,0.000000,0.0000,0.000000
3383,0.000000,0.0000,0.000000
3384,0.000000,0.0000,0.000000
3385,0.000000,0.0000,0.000000
3386,0.000000,0.0000,0.000000
3387,0.000000,0.0000,0.000000
3388,0.000000,0.0000,0.000000
3389,0.000000,0.0000,0.000000
3390,0.000000,0.0000,0.000000
3391,0.000000,0.0000,0.000000
3392,0.000000,0.0000,0.000000
3393,0.000000,0.0000,0.000000
3394,0.000000,0.0000,0.000000
3395,0.000000,0.0000,0.000000
3396,0.000000,0.0000,0.000000
3397,0.000000,0.0000,0.000000
3398,0.000000,0.0000,0.000000
3399,0.000000,0.0000,0.000000
3400,0.000000,0.0000,0.000000
3401,0.000000,0.0000,0.000000
3402,0.000000,0.0000,0.000000
3403,0.000000,0.0000,0.000000
3404,0.000000,0.0000,0.000000
3405,0.000000,0.0000,0.000000
3406,0.000000,0.0000,0.000000
3407,0.000000,0.0000,0.000000
3408,0.000000,0.0000,0.000000
3409,0.000000,0.0000,0.000000
3410,0.000000,0.0000,0.000000
3411,0.000000,0.0000,0.000000
3412,0.000000,0.0000,0.000000
3413,0.000000,0.0000,0.000000
3414,0.000000,0.0000,0.000000
3415,0.000000,0.0000,0.000000
3416,0.000000,0.0000,0.000000
3417,0.000000,0.0000,0.000000
3418,0.000000,0.0000,0.000000
3419,0.000000,0.0000,0.000000
3420,0.000000,0.0000,0.000000
3421,0.000000,0.0000,0.000000
3422,0.000000,0.0000,0.000000
3423,0.000000,0.0000,0.000000
3424,0.000000,0.0000,0.000000
3425,0.000000,0.0000,0.000000
3426,0.000000,0.0000,0.000000
3427,0.000000,0.0000,0.000000
3428,0.000000,0.0000,0.000000
3429,0.000000,0.0000,0.000000
3430,0.000000,0.0000,0.000000
3431,0.000000,0.0000,0.000000
3432,0.000000,0.0000,0.000000
3433,0.000000,0.0000,0.000000
3434,0.000000,0.0000,0.000000
3435,0.000000,0.0000,0.000000
3436,0.000000,0.0000,0.000000
3437,0.000000,0.0000,0.000000
3438,0.000000,0.0000,0.000000
3439,0.000000,0.0000,0.000000
3440,0.000000,0.0000,0.000000
3441,0.000000,0.0000,0.000000
3442,0.000000,0.0000,0.000000
3443,0.000000,0.0000,0.000000
3444,0.000000,0.0000,0.000000
3445,0.000000,0.0000,0.000000
3446,0.000000,0.0000,0.000000
3447,0.000000,0.0000,0.000000
3448,0.000000,0.0000,0.000000
3449,0.000000,0.0000,0.000000
3450,0.000000,0.0000,0.000000
3451,0.000000,0.0000,0.000000
3452,0.000000,0.0000,0.000000
3453,0.000000,0.0000,0.000000
3454,0.000000,0.0000,0.000000
3455,0.000000,0.0000,0.000000
3456,0.000000,0.0000,0.000000
3457,0.000000,0.0000,0.000000
3458,0.000000,0.0000,0.000000
3459,0.000000,0.0000,0.000000
3460,0.000000,0.0000,0.000000
3461,0.000000,0.0000,0.000000
3462,0.000000,0.0000,0.000000
3463,0.000000,0.0000,0.000000
3464,0.000000,0.0000,0.000000
3465,0.000000,0.0000,0.000000
3466,0.000000,0.0000,0.000000
3467,0.000000,0.0000,0.000000
3468,0.000000,0.0000,0.000000
3469,0.000000,0.0000,0.000000
3470,0.000000,0.0000,0.000000
3471,0.000000,0.0000,0.000000
3472,0.000000,0.0000,0.000000
3473,0.000000,0.0000,0.000000
3474,0.000000,0.0000,0.000000
3475,0.000000,0.0000,0.000000
3476,0.000000,0.0000,0.000000
3477,0.000000,0.0000,0.000000
3478,0.000000,0.0000,0.000000
3479,0.000000,0.0000,0.000000
3480,0.000000,0.0000,0.000000
3481,0.000000,0.0000,0.000000
3482,0.000000,0.0000,0.000000
3483,0.000000,0.0000,0.000000
3484,0.000000,0.0000,0.000000
3485,0.000000,0.0000,0.000000
3486,0.000000,0.0000,0.000000
3487,0.000000,0.0000,0.000000
3488,0.000000,0.0000,0.000000
3489,0.000000,0.0000,0.000000
3490,0.000000,0.0000,0.000000
3491,0.000000,0.0000,0.000000
3492,0.000000,0.0000,0.000000
3493,0.000000,0.0000,0.000000
3494,0.000000,0.0000,0.000000
3495,0.000000,0.0000,0.000000
3496,0.000000,0.0000,0.000000
3497,0.000000,0.0000,0.000000
3498,0.000000,0.0000,0.000000
3499,0.000000,0.0000,0.000000
3500,0.000000,0.0000,0.000000
3501,0.000000,0.0000,0.000000
3502,0.000000,0.0000,0.000000
3503,0.000000,0.0000,0.000000
3504,0.000000,0.0000,0.000000
3505,0.000000,0.0000,0.000000
3506,0.000000,0.0000,0.000000
3507,0.000000,0.0000,0.000000
3508,0.000000,0.0000,0.000000
3509,0.000000,0.0000,0.000000
3510,0.000000,0.0000,0.000000
3511,0.000000,0.0000,0.000000
3512,0.000000,0.0000,0.000000
3513,0.000000,0.0000,0.000000
3514,0.000000,0.0000,0.000000
3515,0.000000,0.0000,0.000000
3516,0.000000,0.0000,0.000000
3517,0.000000,0.0000,0.000000
3518,0.000000,0.0000,0.000000
3519,0.000000,0.0000,0.000000
3520,0.000000,0.0000,0.000000
3521,0.000000,0.0000,0.000000
3522,0.000000,0.0000,0.000000
3523,0.000000,0.0000,0.000000
3524,0.000000,0.0000,0.000000
3525,0.000000,0.0000,0.000000
3526,0.000000,0.0000,0.000000
3527,0.000000,0.0000,0.000000
3528,0.000000,0.0000,0.000000
3529,0.000000,0.0000,0.000000
3530,0.000000,0.0000,0.000000
3531,0.000000,0.0000,0.000000
3532,0.000000,0.0000,0.000000
3533,0.000000,0.0000,0.000000
3534,0.000000,0.0000,0.000000
3535,0.000000,0.0000,0.000000
3536,0.000000,0.0000,0.000000
3537,0.000000,0.0000,0.000000
3538,0.000000,0.0000,0.000000
3539,0.000000,0.0000,0.000000
3540,0.000000,0.0000,0.000000
3541,0.000000,0.0000,0.000000
3542,0.000000,0.0000,0.000000
3543,0.000000,0.0000,0.000000
3544,0.000000,0.0000,0.000000
3545,0.000000,0.0000,0.000000
3546,0.000000,0.0000,0.000000
3547,0.000000,0.0000,0.000000
3548,0.000000,0.0000,0.000000
3549,0.000000,0.0000,0.000000
3550,0.000000,0.0000,0.000000
3551,0.000000,0.0000,0.000000
3552,0.000000,0.0000,0.000000
3553,0.000000,0.0000,0.000000
3554,0.000000,0.0000,0.000000
3555,0.000000,0.0000,0.000000
3556,0.000000,0.0000,0.000000
3557,0.000000,0.0000,0.000000
3558,0.000000,0.0000,0.000000
3559,0.000000,0.0000,0.000000
3560,0.000000,0.0000,0.000000
3561,0.000000,0.0000,0.000000
3562,0.000000,0.0000,0.000000
3563,0.000000,0.0000,0.000000
3564,0.000000,0.0000,0.000000
3565,0.000000,0.0000,0.000000
3566,0.000000,0.0000,0.000000
3567,0.000000,0.0000,0.000000
3568,0.000000,0.0000,0.000000
3569,0.000000,0.0000,0.000000
3570,0.000000,0.0000,0.000000
3571,0.000000,0.0000,0.000000
3572,0.000000,0.0000,0.000000
3573,0.000000,0.0000,0.000000
3574,0.000000,0.0000,0.000000
3575,0.000000,0.0000,0.000000
3576,0.000000,0.0000,0.000000
3577,0.000000,0.0000,0.000000
3578,0.000000,0.0000,0.000000
3579,0.000000,0.0000,0.000000
3580,0.000000,0.0000,0.000000
3581,0.000000,0.0000,0.000000
3582,0.000000,0.0000,0.000000
3583,0.000000,0.0000,0.000000
3584,0.000000,0.0000,0.000000
3585,0.000000,0.0000,0.000000
3586,0.000000,0.0000,0.000000
3587,0.000000,0.0000,0.000000
3588,0.000000,0.0000,0.000000
3589,0.000000,0.0000,0.000000
3590,0.000000,0.0000,0.000000
3591,0.000000,0.0000,0.000000
3592,0.000000,0.0000,0.000000
3593,0.000000,0.0000,0.000000
3594,0.000000,0.0000,0.000000
3595,0.000000,0.0000,0.000000
3596,0.000000,0.0000,0.000000
3597,0.000000,0.0000,0.000000
3598,0.000000,0.0000,0.000000
3599,0.000000,0.0000,0.000000
3600,0.000000,0.0000,0.000000
3601,0.000000,0.0000,0.000000
3602,0.000000,0.0000,0.000000
3603,0.000000,0.0000,0.000000
3604,0.000000,0.0000,0.000000
3605,0.000000,0.0000,0.000000
3606,0.000000,0.0000,0.000000
3607,0.000000,0.0000,0.000000
3608,0.000000,0.0000,0.000000
3609,0.000000,0.0000,0.000000
3610,0.000000,0.0000,0.000000
3611,0.000000,0.0000,0.000000
3612,0.000000,0.0000,0.000000
3613,0.000000,0.0000,0.000000
3614,0.000000,0.0000,0.000000
3615,0.000000,0.0000,0.000000
3616,0.000000,0.0000,0.000000
3617,0.000000,0.0000,0.000000
3618,0.000000,0.0000,0.000000
3619,0.000000,0.0000,0.000000
3620,0.000000,0.0000,0.000000
3621,0.000000,0.0000,0.000000
3622,0.000000,0.0000,0.000000
3623,0.000000,0.0000,0.000000
3624,0.000000,0.0000,0.000000
3625,0.000000,0.0000,0.000000
3626,0.000000,0.0000,0.000000
3627,0.000000,0.0000,0.000000
3628,0.000000,0.0000,0.000000
3629,0.000000,0.0000,0.000000
3630,0.000000,0.0000,0.000000
3631,0.000000,0.0000,0.000000
3632,0.000000,0.0000,0.000000
3633,0.000000,0.0000,0.000000
3634,0.000000,0.0000,0.000000
3635,0.000000,0.0000,0.000000
3636,0.000000,0.0000,0.000000
3637,0.000000,0.0000,0.000000
3638,0.000000,0.0000,0.000000
3639,0.000000,0.0000,0.000000
3640,0.000000,0.0000,0.000000
3641,0.000000,0.0000,0.000000
3642,0.000000,0.0000,0.000000
3643,0.000000,0.0000,0.000000
3644,0.000000,0.0000,0.000000
3645,0.000000,0.0000,0.000000
3646,0.000000,0.0000,0.000000
3647,0.000000,0.0000,0.000000
3648,0.000000,0.0000,0.000000
3649,0.000000,0.0000,0.000000
3650,0.000000,0.0000,0.000000
3651,0.000000,0.0000,0.000000
3652,0.000000,0.0000,0.000000
3653,0.000000,0.0000,0.000000
3654,0.000000,0.0000,0.000000
3655,0.000000,0.0000,0.000000
3656,0.000000,0.0000,0.000000
3657,0.000000,0.0000,0.000000
3658,0.000000,0.0000,0.000000
3659,0.000000,0.0000,0.000000
3660,0.000000,0.0000,0.000000
3661,0.000000,0.0000,0.000000
3662,0.000000,0.0000,0.000000
3663,0.000000,0.0000,0.000000
3664,0.000000,0.0000,0.000000
3665,0.000000,0.0000,0.000000
3666,0.000000,0.0000,0.000000
3667,0.000000,0.0000,0.000000
3668,0.000000,0.0000,0.000000
3669,0.000000,0.0000,0.000000
3670,0.000000,0.0000,0.000000
3671,0.000000,0.0000,0.000000
3672,0.000000,0.0000,0.000000
3673,0.000000,0.0000,0.000000
3674,0.000000,0.0000,0.000000
3675,0.000000,0.0000,0.000000
3676,0.000000,0.0000,0.000000
3677,0.000000,0.0000,0.000000
3678,0.000000,0.0000,0.000000
3679,0.000000,0.0000,0.000000
3680,0.000000,0.0000,0.000000
3681,0.000000,0.0000,0.000000
3682,0.000000,0.0000,0.000000
3683,0.000000,0.0000,0.000000
3684,0.000000,0.0000,0.000000
3685,0.000000,0.0000,0.000000
3686,0.000000,0.0000,0.000000
3687,0.000000,0.0000,0.000000
3688,0.000000,0.0000,0.000000
3689,0.000000,0.0000,0.000000
3690,0.000000,0.0000,0.000000
3691,0.000000,0.0000,0.000000
3692,0.000000,0.0000,0.000000
3693,0.000000,0.0000,0.000000
3694,0.000000,0.0000,0.000000
3695,0.000000,0.0000,0.000000
3696,0.000000,0.0000,0.000000
3697,0.000000,0.0000,0.000000
3698,0.000000,0.0000,0.000000
3699,0.000000,0.0000,0.000000
3700,0.000000,0.0000,0.000000
3701,0.000000,0.0000,0.000000
3702,0.000000,0.0000,0.000000
3703,0.000000,0.0000,0.000000
3704,0.000000,0.0000,0.000000
3705,0.000000,0.0000,0.000000
3706,0.000000,0.0000,0.000000
3707,0.000000,0.0000,0.000000
3708,0.000000,0.0000,0.000000
3709,0.000000,0.0000,0.000000
3710,0.000000,0.0000,0.000000
3711,0.000000,0.0000,0.000000
3712,0.000000,0.0000,0.000000
3713,0.000000,0.0000,0.000000
3714,0.000000,0.0000,0.000000
3715,0.000000,0.0000,0.000000
3716,0.000000,0.0000,0.000000
3717,0.000000,0.0000,0.000000
3718,0.000000,0.0000,0.000000
3719,0.000000,0.0000,0.000000
3720,0.000000,0.0000,0.000000
3721,0.000000,0.0000,0.000000
3722,0.000000,0.0000,0.000000
3723,0.000000,0.0000,0.000000
3724,0.000000,0.0000,0.000000
3725,0.000000,0.0000,0.000000
3726,0.000000,0.0000,0.000000
3727,0.000000,0.0000,0.000000
3728,0.000000,0.0000,0.000000
3729,0.000000,0.0000,0.000000
3730,0.000000,0.0000,0.000000
3731,0.000000,0.0000,0.000000
3732,0.000000,0.0000,0.000000
3733,0.000000,0.0000,0.000000
3734,0.000000,0.0000,0.000000
3735,0.000000,0.0000,0.000000
3736,0.000000,0.0000,0.000000
3737,0.000000,0.0000,0.000000
3738,0.000000,0.0000,0.000000
3739,0.000000,0.0000,0.000000
3740,0.000000,0.0000,0.000000
3741,0.000000,0.0000,0.000000
3742,0.000000,0.0000,0.000000
3743,0.000000,0.0000,0.000000
3744,0.000000,0.0000,0.000000
3745,0.000000,0.0000,0.000000
3746,0.000000,0.0000,0.000000
3747,0.000000,0.0000,0.000000
3748,0.000000,0.0000,0.000000
3749,0.000000,0.0000,0.000000
3750,0.000000,0.0000,0.000000
3751,0.000000,0.0000,0.000000
3752,0.000000,0.0000,0.000000
3753,0.000000,0.0000,0.000000
3754,0.000000,0.0000,0.000000
3755,0.000000,0.0000,0.000000
3756,0.000000,0.0000,0.000000
3757,0.000000,0.0000,0.000000
3758,0.000000,0.0000,0.000000
3759,0.000000,0.0000,0.000000
3760,0.000000,0.0000,0.000000
3761,0.000000,0.0000,0.000000
3762,0.000000,0.0000,0.000000
3763,0.000000,0.0000,0.000000
3764,0.000000,0.0000,0.069385
3765,0.000000,0.0000,0.095944
3766,0.000000,0.0000,0.084565
3767,0.000000,0.0000,0.080684
3768,0.000000,0.0000,0.068449
3769,0.000000,0.0000,0.084899
3770,0.000000,0.0000,0.080605
3771,0.000000,0.0000,0.080780
3772,0.000000,0.0000,0.085437
3773,0.000000,0.0000,0.099458
3774,0.000000,0.0000,0.083192
3775,0.000000,0.0000,0.085730
3776,0.000000,0.0000,0.071167
3777,0.000000,0.0000,0.080388
3778,0.000000,0.0000,0.088804
3779,0.000000,0.0000,0.110932
3780,0.000000,0.0000,0.122588
3781,0.000000,0.0000,0.109832
3782,0.000000,0.0000,0.097388
3783,0.000000,0.0000,0.108131
3784,0.000000,0.0000,0.110438
3785,0.000000,0.0000,0.104362
3786,0.000000,0.0000,0.097531
3787,0.000000,0.0000,0.094587
3788,0.000000,0.0000,0.101853
3789,0.000000,0.0000,0.101876
3790,0.000000,0.0000,0.083432
3791,0.000000,0.0000,0.077263
3792,0.000000,0.0000,0.105376
3793,0.000000,0.0000,0.111926
3794,0.000000,0.0000,0.099602
3795,0.000000,0.0000,0.106481
3796,0.000000,0.0000,0.110918
3797,0.000000,0.0000,0.096710
3798,0.000000,0.0000,0.082304
3799,0.000000,0.0000,0.077488
3800,0.000000,0.0000,0.079624
3801,0.000000,0.0000,0.076214
3802,0.000000,0.0000,0.096157
3803,0.000000,0.0000,0.091295
3804,0.000000,0.0000,0.086488
3805,0.000000,0.0000,0.087262
3806,0.000000,0.0000,0.089372
3807,0.000000,0.0000,0.092918
3808,0.000000,0.0000,0.081978
3809,0.000000,0.0000,0.052517
3810,0.000000,0.0000,0.000000
3811,0.000000,0.0000,0.000000
3812,0.000000,0.0000,0.039261
3813,0.000000,0.0000,0.068655
3814,0.000000,0.0000,0.077065
3815,0.000000,0.0000,0.087139
3816,0.000000,0.0000,0.067688
3817,0.000000,0.0000,0.054484
3818,0.000000,0.0000,0.000000
3819,0.000000,0.0000,0.035364
3820,0.000000,0.0000,0.086852
3821,0.000000,0.0000,0.088677
3822,0.000000,0.0000,0.085108
3823,0.000000,0.0000,0.094179
3824,0.000000,0.0000,0.089671
3825,0.000000,0.0000,0.091569
3826,0.000000,0.0000,0.112170
3827,0.000000,0.0000,0.091039
3828,0.000000,0.0000,0.095763
3829,0.000000,0.0000,0.095229
3830,0.000000,0.0000,0.106788
3831,0.000000,0.0000,0.116441
3832,0.000000,0.0000,0.108637
3833,0.000000,0.0000,0.110086
3834,0.000000,0.0000,0.104052
3835,0.000000,0.0000,0.102428
3836,0.000000,0.0000,0.086839
3837,0.000000,0.0000,0.089157
3838,0.000000,0.0000,0.062680
3839,0.000000,0.0000,0.082423
3840,0.000000,0.0000,0.078267
3841,0.000000,0.0000,0.098008
3842,0.000000,0.0000,0.094364
3843,0.000000,0.0000,0.084963
3844,0.000000,0.0000,0.000000
3845,0.000000,0.0000,0.065412
3846,0.000000,0.0000,0.078630
3847,0.000000,0.0000,0.093165
3848,0.000000,0.0000,0.094539
3849,0.000000,0.0000,0.099135
3850,0.000000,0.0000,0.111271
3851,0.000000,0.0000,0.112005
3852,0.000000,0.0000,0.117541
3853,0.000000,0.0000,0.118508
3854,0.000000,0.0000,0.110758
3855,0.000000,0.0000,0.120302
3856,0.000000,0.0000,0.132183
3857,0.000174,0.0811,0.140539
3858,0.000000,0.0000,0.131551
3859,0.000000,0.0000,0.138745
3860,0.067161,31.3815,0.143683
3861,0.084371,39.4230,0.151142
3862,0.060990,28.4979,0.142522
3863,0.000000,0.0000,0.142243
3864,0.003634,1.6980,0.147404
3865,0.008158,3.8120,0.155296
3866,0.010271,4.7994,0.158228
3867,0.008733,4.0807,0.156093
3868,0.009797,4.5779,0.158493
3869,0.008635,4.0350,0.156109
3870,0.011015,5.1466,0.164067
3871,0.010628,4.9659,0.162254
3872,0.009434,4.4083,0.155487
3873,0.007490,3.4998,0.155138
3874,0.010057,4.6992,0.160329
3875,0.011274,5.2679,0.163267
3876,0.006533,3.0528,0.154504
3877,0.006518,3.0456,0.151617
3878,0.000000,0.0000,0.143947
3879,0.000000,0.0000,0.138311
3880,0.000000,0.0000,0.144144
3881,0.000000,0.0000,0.144537
3882,0.003201,1.4956,0.147622
3883,0.006980,3.2616,0.156545
3884,0.005752,2.6879,0.148857
3885,0.005502,2.5706,0.148811
3886,0.004883,2.2815,0.149652
3887,0.000000,0.0000,0.143806
3888,0.000000,0.0000,0.143697
3889,0.004476,2.0915,0.149374
3890,0.000000,0.0000,0.148462
3891,0.000000,0.0000,0.150717
3892,0.000000,0.0000,0.153751
3893,0.000000,0.0000,0.149886
3894,0.093840,43.8475,0.158352
3895,0.065756,30.7251,0.152303
3896,0.093415,43.6488,0.157897
3897,0.096893,45.2740,0.156555
3898,0.108458,50.6779,0.159803
3899,0.121649,56.8414,0.167019
3900,0.117402,54.8568,0.160131
3901,0.142013,66.3565,0.170856
3902,0.146846,68.6148,0.172726
3903,0.137405,64.2036,0.172314
3904,0.151523,70.8003,0.176155
3905,0.130592,61.0201,0.170185
3906,0.145453,67.9639,0.173709
3907,0.162357,75.8626,0.182800
3908,0.151527,70.8023,0.175555
3909,0.172105,80.4175,0.185030
3910,0.162303,75.8372,0.187235
3911,0.160822,75.1452,0.190359
3912,0.140067,65.4472,0.179914
3913,0.145214,67.8523,0.182160
3914,0.165770,77.4571,0.194357
3915,0.174901,81.7237,0.199673
3916,0.170898,79.8533,0.198862
3917,0.146465,68.4369,0.181454
3918,0.158396,74.0116,0.187124
3919,0.173199,80.9283,0.192075
3920,0.163721,76.5000,0.186555
3921,0.172039,80.3866,0.190986
3922,0.162402,75.8835,0.183479
3923,0.149355,69.7871,0.180278
3924,0.157930,73.7938,0.185478
3925,0.152835,71.4134,0.180627
3926,0.177248,82.8206,0.192061
3927,0.180546,84.3616,0.192345
3928,0.186487,87.1376,0.196055
3929,0.304587,142.3204,0.205318
3930,0.332077,155.1654,0.212194
3931,0.315053,147.2107,0.206409
3932,0.318577,148.8575,0.208430
3933,0.314114,146.7722,0.205837
3934,0.298540,139.4951,0.200710
3935,0.175973,82.2246,0.193005
3936,0.174092,81.3458,0.190059
3937,0.170114,79.4870,0.190995
3938,0.175731,82.1117,0.188903
3939,0.167342,78.1919,0.185295
3940,0.171885,80.3144,0.183626
3941,0.167097,78.0773,0.183114
3942,0.146384,68.3989,0.172288
3943,0.132676,61.9937,0.172408
3944,0.142599,66.6305,0.177270
3945,0.137318,64.1630,0.172983
3946,0.163603,76.4446,0.184033
3947,0.154846,72.3530,0.181584
3948,0.154798,72.3305,0.184145
3949,0.156990,73.3547,0.182924
3950,0.150559,70.3498,0.180408
3951,0.136894,63.9648,0.174456
3952,0.137392,64.1976,0.172906
3953,0.146029,68.2331,0.177871
3954,0.149602,69.9024,0.176421
3955,0.130837,61.1344,0.169726
3956,0.132320,61.8274,0.170948
3957,0.128992,60.2726,0.172690
3958,0.138721,64.8182,0.175880
3959,0.126366,59.0455,0.171848
3960,0.134023,62.6230,0.176454
3961,0.132374,61.8525,0.174327
3962,0.128202,59.9034,0.173511
3963,0.133234,62.2545,0.175787
3964,0.131063,61.2400,0.174935
3965,0.151512,70.7952,0.182411
3966,0.164943,77.0706,0.188827
3967,0.149629,69.9150,0.181032
3968,0.148650,69.4576,0.179731
3969,0.145618,68.0411,0.178477
3970,0.156337,73.0498,0.183378
3971,0.160535,75.0113,0.181832
3972,0.148126,69.2128,0.175874
3973,0.143100,66.8647,0.172598
3974,0.141254,66.0019,0.171155
3975,0.154689,72.2795,0.180535
3976,0.177078,82.7409,0.193254
3977,0.298055,139.2682,0.197396
3978,0.301684,140.9641,0.195056
3979,0.320976,149.9785,0.198814
3980,0.322933,150.8929,0.198151
3981,0.410409,191.7665,0.198889
3982,0.176901,82.6585,0.188935
3983,0.175106,81.8198,0.188271
3984,0.161476,75.4507,0.182959
3985,0.145306,67.8952,0.176301
3986,0.131203,61.3054,0.169784
3987,0.140613,65.7025,0.174239
3988,0.143609,67.1023,0.177413
3989,0.146849,68.6163,0.178838
3990,0.147374,68.8617,0.182379
3991,0.128889,60.2242,0.172161
3992,0.121951,56.9827,0.169489
3993,0.128184,59.8950,0.171149
3994,0.122660,57.3138,0.164522
3995,0.120934,56.5073,0.161504
3996,0.128226,59.9144,0.164298
3997,0.129746,60.6247,0.168499
3998,0.101168,47.2717,0.159728
3999,0.119358,55.7710,0.166054
4000,0.142083,66.3893,0.178210
4001,0.145805,68.1282,0.178363
4002,0.164467,76.8485,0.186856
4003,0.156431,73.0934,0.186570
4004,0.165952,77.5422,0.195178
4005,0.170217,79.5352,0.194108
4006,0.169151,79.0368,0.197741
4007,0.170396,79.6188,0.196004
4008,0.152123,71.0807,0.186984
4009,0.157498,73.5922,0.188084
4010,0.136812,63.9263,0.178523
4011,0.125284,58.5397,0.175389
4012,0.126798,59.2473,0.173574
4013,0.145456,67.9656,0.179243
4014,0.134481,62.8372,0.174261
4015,0.130576,61.0126,0.171570
4016,0.107151,50.0672,0.162889
4017,0.106137,49.5932,0.162841
4018,0.115522,53.9784,0.165130
4019,0.125577,58.6769,0.167311
4020,0.129096,60.3209,0.167319
4021,0.143555,67.0772,0.176088
4022,0.140562,65.6786,0.177847
4023,0.152429,71.2235,0.182459
4024,0.170216,79.5347,0.191236
4025,0.169027,78.9791,0.188981
4026,0.173151,80.9058,0.189087
4027,0.181612,84.8593,0.190980
4028,0.189089,88.3530,0.195948
4029,0.182842,85.4342,0.191259
4030,0.191344,89.4070,0.196275
4031,0.287821,134.4866,0.203183
4032,0.386271,180.4880,0.215067
4033,0.405105,189.2880,0.217260
4034,0.378641,176.9226,0.211943
4035,0.339899,158.8204,0.205786
4036,0.374921,175.1843,0.211682
4037,0.369424,172.6161,0.211019
4038,0.381720,178.3614,0.211782
4039,0.344044,160.7569,0.208107
4040,0.377852,176.5541,0.212462
4041,0.392599,183.4446,0.218071
4042,0.396817,185.4156,0.217617
4043,0.426861,199.4540,0.223642
4044,0.400400,187.0897,0.215185
4045,0.373675,174.6021,0.208887
4046,0.404966,189.2232,0.211277
4047,0.451255,210.8522,0.222221
4048,0.463254,216.4587,0.226322
4049,0.454769,212.4940,0.223453
4050,0.461650,215.7092,0.224514
4051,0.466757,218.0954,0.228446
4052,0.475881,222.3588,0.228352
4053,0.483323,225.8362,0.232485
4054,0.468052,218.7008,0.227741
4055,0.475656,222.2536,0.232403
4056,0.458172,214.0841,0.228282
4057,0.477758,223.2358,0.231952
4058,0.477097,222.9268,0.230932
4059,0.513563,239.9660,0.240811
4060,0.506925,236.8644,0.239469
4061,0.512953,239.6809,0.242691
4062,0.522068,243.9400,0.243460
4063,0.517177,241.6545,0.240009
4064,0.504742,235.8444,0.235482
4065,0.506363,236.6018,0.236664
4066,0.533082,249.0863,0.244771
4067,0.530472,247.8667,0.245525
4068,0.517316,241.7195,0.242115
4069,0.550458,257.2056,0.251578
4070,0.541080,252.8235,0.250647
4071,0.538779,251.7483,0.249638
4072,0.486888,227.5021,0.231618
4073,0.477492,223.1115,0.227896
4074,0.469546,219.3985,0.227900
4075,0.443207,207.0917,0.218798
4076,0.471128,220.1377,0.227114
4077,0.440867,205.9984,0.218854
4078,0.420863,196.6513,0.213213
4079,0.412713,192.8432,0.215139
4080,0.423256,197.7692,0.218069
4081,0.398762,186.3243,0.210827
4082,0.430888,201.3354,0.216830
4083,0.433134,202.3849,0.221246
4084,0.460494,215.1693,0.230136
4085,0.450634,210.5618,0.231163
4086,0.456019,213.0780,0.230286
4087,0.459620,214.7605,0.232394
4088,0.444753,207.8138,0.226005
4089,0.464765,217.1646,0.229622
4090,0.461508,215.6430,0.232023
4091,0.413796,193.3492,0.223196
4092,0.443893,207.4120,0.229024
4093,0.431076,201.4233,0.224907
4094,0.412910,192.9352,0.216983
4095,0.439604,205.4082,0.223659
4096,0.416025,194.3907,0.216353
4097,0.447531,209.1123,0.224354
4098,0.457400,213.7235,0.228401
4099,0.455494,212.8327,0.225350
4100,0.457081,213.5742,0.226743
4101,0.451115,210.7867,0.226723
4102,0.443416,207.1892,0.223269
4103,0.422071,197.2158,0.219263
4104,0.387844,181.2231,0.208940
4105,0.403532,188.5534,0.211474
4106,0.442011,206.5328,0.219444
4107,0.423345,197.8111,0.215019
4108,0.429470,200.6728,0.217045
4109,0.440125,205.6517,0.219611
4110,0.431392,201.5709,0.214533
4111,0.406336,189.8635,0.209820
4112,0.407966,190.6248,0.211359
4113,0.405089,189.2808,0.213783
4114,0.454006,212.1378,0.227973
4115,0.440088,205.6345,0.225471
4116,0.441779,206.4246,0.227241
4117,0.383515,179.2001,0.213899
4118,0.368652,172.2551,0.209525
4119,0.336921,157.4290,0.204949
4120,0.391640,182.9966,0.217548
4121,0.393197,183.7240,0.221104
4122,0.381154,178.0970,0.218984
4123,0.358161,167.3531,0.214663
4124,0.350636,163.8370,0.214157
4125,0.331501,154.8961,0.214334
4126,0.348802,162.9804,0.217339
4127,0.347492,162.3681,0.218416
4128,0.322490,150.6859,0.215994
4129,0.365958,170.9967,0.223952
4130,0.366371,171.1893,0.223024
4131,0.375157,175.2948,0.224083
4132,0.391175,182.7792,0.228343
4133,0.388128,181.3555,0.225275
4134,0.381058,178.0522,0.223845
4135,0.374623,175.0451,0.222295
4136,0.380067,177.5891,0.223418
4137,0.378903,177.0450,0.221077
4138,0.313229,146.3586,0.209297
4139,0.321464,150.2063,0.212587
4140,0.324789,151.7601,0.214214
4141,0.283000,132.2337,0.205391
4142,0.366024,171.0273,0.218049
4143,0.367231,171.5912,0.216813
4144,0.394469,184.3183,0.223341
4145,0.431193,201.4782,0.233487
4146,0.416737,194.7232,0.227793
4147,0.439142,205.1920,0.235436
4148,0.448806,209.7077,0.240351
4149,0.436213,203.8235,0.237764
4150,0.484316,226.2999,0.251061
4151,0.432039,201.8733,0.234741
4152,0.446919,208.8263,0.238371
4153,0.468678,218.9932,0.244239
4154,0.483590,225.9609,0.249698
4155,0.493385,230.5378,0.255208
4156,0.488124,228.0796,0.251658
4157,0.504703,235.8263,0.256369
4158,0.530987,248.1076,0.267767
4159,0.518263,242.1622,0.262378
4160,0.498681,233.0121,0.255759
4161,0.503466,235.2479,0.254766
4162,0.503689,235.3521,0.251991
4163,0.523702,244.7037,0.259948
4164,0.513636,239.9999,0.255998
4165,0.520634,243.2700,0.260706
4166,0.512913,239.6625,0.258671
4167,0.488367,228.1930,0.250319
4168,0.485350,226.7834,0.250482
4169,0.479803,224.1914,0.250475
4170,0.470035,219.6271,0.247710
4171,0.492540,230.1428,0.252874
4172,0.515082,240.6757,0.258050
4173,0.512624,239.5272,0.259552
4174,0.530062,247.6751,0.265965
4175,0.543065,253.7509,0.269133
4176,0.521163,243.5171,0.262173
4177,0.507364,237.0693,0.261174
4178,0.515153,240.7087,0.264413
4179,0.532821,248.9643,0.271508
4180,0.539301,251.9924,0.269615
4181,0.530496,247.8779,0.267899
4182,0.537000,250.9170,0.270320
4183,0.545292,254.7916,0.269802
4184,0.569038,265.8873,0.278449
4185,0.560798,262.0370,0.272338
4186,0.576530,269.3877,0.278822
4187,0.581200,271.5699,0.278246
4188,0.613561,286.6906,0.291700
4189,0.614884,287.3089,0.292597
4190,0.623467,291.3194,0.296954
4191,0.614198,286.9884,0.294591
4192,0.604964,282.6738,0.291307
4193,0.598850,279.8170,0.289342
4194,0.595994,278.4824,0.288484
4195,0.585910,273.7708,0.284955
4196,0.600829,280.7416,0.289127
4197,0.596330,278.6396,0.287016
4198,0.627836,293.3610,0.300820
4199,0.628496,293.6692,0.296839
4200,0.628266,293.5620,0.298922
4201,0.615129,287.4234,0.294951
4202,0.599582,280.1592,0.288689
4203,0.613733,286.7711,0.295263
4204,0.615871,287.7699,0.293075
4205,0.610620,285.3168,0.292616
4206,0.620963,290.1492,0.299053
4207,0.622444,290.8414,0.300382
4208,0.608097,284.1379,0.296461
4209,0.620625,289.9914,0.302094
4210,0.613911,286.8544,0.301512
4211,0.584261,273.0001,0.289715
4212,0.564968,263.9853,0.283389
4213,0.576767,269.4984,0.288591
4214,0.565591,264.2766,0.283516
4215,0.563723,263.4036,0.284817
4216,0.546181,255.2068,0.275995
4217,0.503760,235.3857,0.262618
4218,0.513189,239.7914,0.265827
4219,0.501645,234.3971,0.260003
4220,0.510734,238.6442,0.262151
4221,0.524743,245.1899,0.265250
4222,0.499683,233.4806,0.256438
4223,0.484808,226.5301,0.251989
4224,0.512640,239.5345,0.259935
4225,0.513206,239.7992,0.260558
4226,0.493147,230.4266,0.257725
4227,0.492094,229.9345,0.258117
4228,0.464892,217.2240,0.249650
4229,0.427542,199.7721,0.241807
4230,0.424748,198.4665,0.243864
4231,0.451283,210.8651,0.250661
4232,0.460515,215.1791,0.255792
4233,0.447007,208.8671,0.255310
4234,0.423776,198.0124,0.248778
4235,0.365865,170.9532,0.237357
4236,0.364230,170.1892,0.236815
4237,0.427590,199.7944,0.252796
4238,0.390191,182.3195,0.241556
4239,0.422557,197.4427,0.250938
4240,0.425329,198.7378,0.252882
4241,0.411478,192.2660,0.249620
4242,0.399912,186.8616,0.246782
4243,0.394030,184.1135,0.245886
4244,0.379366,177.2613,0.241834
4245,0.346663,161.9810,0.233978
4246,0.318909,149.0123,0.233261
4247,0.373252,174.4048,0.241086
4248,0.333161,155.6718,0.234421
4249,0.359135,167.8086,0.239834
4250,0.308622,144.2058,0.230410
4251,0.286501,133.8696,0.227961
4252,0.296811,138.6873,0.228222
4253,0.368893,172.3677,0.236854
4254,0.426875,199.4603,0.241966
4255,0.406199,189.7992,0.243030
4256,0.557899,260.6823,0.255697
4257,0.570078,266.3730,0.259383
4258,0.607360,283.7933,0.266781
4259,0.616018,287.8389,0.268036
4260,0.616061,287.8591,0.267508
4261,0.563170,263.1453,0.256520
4262,0.572346,267.4329,0.258459
4263,0.503185,235.1170,0.246425
4264,0.517922,242.0027,0.248690
4265,0.506954,236.8777,0.247855
4266,0.497882,232.6388,0.245907
4267,0.358063,167.3077,0.237566
4268,0.348256,162.7249,0.235557
4269,0.332399,155.3160,0.231339
4270,0.500817,234.0103,0.237936
4271,0.452413,211.3930,0.232216
4272,0.488972,228.4758,0.237677
4273,0.429951,200.8976,0.230524
4274,0.480316,224.4312,0.234184
4275,0.479645,224.1176,0.234208
4276,0.491545,229.6777,0.236161
4277,0.437485,204.4181,0.231927
4278,0.190498,89.0115,0.217209
4279,0.193826,90.5665,0.215689
4280,0.195729,91.4556,0.218110
4281,0.194134,90.7106,0.213353
4282,0.202128,94.4458,0.216460
4283,0.192599,89.9933,0.209571
4284,0.202736,94.7300,0.212777
4285,0.297590,139.0509,0.220699
4286,0.319777,149.4183,0.223052
4287,0.364901,170.5027,0.232165
4288,0.322698,150.7827,0.225736
4289,0.325013,151.8647,0.224744
4290,0.214754,100.3452,0.218413
4291,0.199866,93.3887,0.208672
4292,0.195703,91.4436,0.208045
4293,0.271405,126.8162,0.210630
4294,0.286368,133.8075,0.215458
4295,0.281014,131.3060,0.215908
4296,0.306264,143.1042,0.222647
4297,0.327949,153.2367,0.223181
4298,0.324201,151.4854,0.222893
4299,0.325937,152.2964,0.223221
4300,0.357312,166.9565,0.229480
4301,0.344315,160.8837,0.224976
4302,0.323961,151.3733,0.217662
4303,0.332531,155.3774,0.220261
4304,0.303625,141.8712,0.212998
4305,0.277047,129.4520,0.207348
4306,0.267316,124.9053,0.206523
4307,0.175573,82.0375,0.195403
4308,0.177276,82.8333,0.198892
4309,0.156607,73.1759,0.187616
4310,0.140026,65.4284,0.177695
4311,0.146286,68.3530,0.176942
4312,0.163440,76.3685,0.187256
4313,0.157502,73.5941,0.185901
4314,0.163347,76.3249,0.187696
4315,0.142914,66.7778,0.178010
4316,0.149984,70.0809,0.175415
4317,0.163646,76.4647,0.184696
4318,0.182832,85.4295,0.195580
4319,0.175535,82.0201,0.191696
4320,0.181251,84.6909,0.197059
4321,0.176364,82.4073,0.196046
4322,0.181135,84.6364,0.200449
4323,0.314393,146.9023,0.211425
4324,0.344187,160.8239,0.214570
4325,0.337468,157.6842,0.214305
4326,0.387224,180.9330,0.225204
4327,0.390950,182.6740,0.229321
4328,0.355029,165.8901,0.219570
4329,0.354397,165.5945,0.218971
4330,0.386534,180.6106,0.223527
4331,0.397171,185.5811,0.225103
4332,0.391154,182.7693,0.221678
4333,0.402757,188.1909,0.224706
4334,0.395058,184.5938,0.221567
4335,0.363345,169.7753,0.213812
4336,0.369238,172.5290,0.216075
4337,0.367239,171.5948,0.216531
4338,0.309166,144.4598,0.208139
4339,0.349967,163.5245,0.217119
4340,0.331915,155.0898,0.213542
4341,0.268090,125.2670,0.207596
4342,0.191326,89.3983,0.202823
4343,0.197767,92.4081,0.206854
4344,0.177697,83.0302,0.200002
4345,0.177597,82.9835,0.202248
4346,0.171635,80.1977,0.203259
4347,0.185332,86.5977,0.208517
4348,0.194602,90.9291,0.213138
4349,0.194770,91.0075,0.209550
4350,0.175507,82.0070,0.203314
4351,0.169013,78.9728,0.199767
4352,0.153199,71.5835,0.192115
4353,0.148434,69.3567,0.189460
4354,0.150834,70.4784,0.191596
4355,0.147907,69.1105,0.191672
4356,0.119568,55.8688,0.180140
4357,0.125114,58.4606,0.182545
4358,0.125929,58.8412,0.182840
4359,0.133984,62.6048,0.185404
4360,0.119086,55.6436,0.177308
4361,0.102678,47.9770,0.174586
4362,0.117042,54.6885,0.181098
4363,0.115809,54.1128,0.183160
4364,0.099473,46.4796,0.182628
4365,0.099783,46.6241,0.186307
4366,0.000000,0.0000,0.178440
4367,0.000000,0.0000,0.171455
4368,0.000000,0.0000,0.175792
4369,0.000000,0.0000,0.176211
4370,0.000000,0.0000,0.171615
4371,0.000000,0.0000,0.169132
4372,0.000000,0.0000,0.174946
4373,0.000000,0.0000,0.175713
4374,0.003444,1.6093,0.181594
4375,0.002167,1.0126,0.175426
4376,0.000000,0.0000,0.167426
4377,0.000000,0.0000,0.173829
4378,0.000000,0.0000,0.170323
4379,0.000000,0.0000,0.172948
4380,0.000000,0.0000,0.174057
4381,0.000058,0.0269,0.175085
4382,0.000000,0.0000,0.171530
4383,0.000000,0.0000,0.175449
4384,0.000000,0.0000,0.174464
4385,0.000000,0.0000,0.183557
4386,0.000000,0.0000,0.183987
4387,0.000000,0.0000,0.177150
4388,0.000000,0.0000,0.188007
4389,0.000000,0.0000,0.188331
4390,0.000000,0.0000,0.189772
4391,0.000000,0.0000,0.188877
4392,0.000000,0.0000,0.185013
4393,0.000000,0.0000,0.185474
4394,0.000000,0.0000,0.180120
4395,0.000000,0.0000,0.169195
4396,0.000000,0.0000,0.170135
4397,0.000000,0.0000,0.168842
4398,0.000000,0.0000,0.165098
4399,0.000000,0.0000,0.169229
4400,0.000000,0.0000,0.167404
4401,0.000000,0.0000,0.174553
4402,0.000000,0.0000,0.165483
4403,0.000000,0.0000,0.165364
4404,0.000000,0.0000,0.159596
4405,0.000000,0.0000,0.156720
4406,0.000000,0.0000,0.149346
4407,0.000000,0.0000,0.158104
4408,0.000000,0.0000,0.159974
4409,0.000000,0.0000,0.149012
4410,0.000000,0.0000,0.139329
4411,0.000000,0.0000,0.145689
4412,0.000000,0.0000,0.141101
4413,0.000000,0.0000,0.132599
4414,0.000000,0.0000,0.139004
4415,0.000000,0.0000,0.137242
4416,0.000000,0.0000,0.132146
4417,0.000000,0.0000,0.137742
4418,0.000000,0.0000,0.134304
4419,0.000000,0.0000,0.137176
4420,0.000000,0.0000,0.127421
4421,0.000000,0.0000,0.135635
4422,0.000000,0.0000,0.142340
4423,0.000000,0.0000,0.134297
4424,0.000000,0.0000,0.131331
4425,0.000000,0.0000,0.144790
4426,0.000000,0.0000,0.135033
4427,0.000000,0.0000,0.131584
4428,0.000000,0.0000,0.137529
4429,0.000000,0.0000,0.140384
4430,0.000000,0.0000,0.142037
4431,0.000000,0.0000,0.144206
4432,0.000000,0.0000,0.147011
4433,0.000000,0.0000,0.140153
4434,0.000000,0.0000,0.138504
4435,0.000000,0.0000,0.143088
4436,0.000000,0.0000,0.139257
4437,0.000000,0.0000,0.122833
4438,0.000000,0.0000,0.119096
4439,0.000000,0.0000,0.125851
4440,0.000000,0.0000,0.128942
4441,0.000000,0.0000,0.135063
4442,0.000000,0.0000,0.140639
4443,0.000000,0.0000,0.150808
4444,0.000000,0.0000,0.149489
4445,0.000000,0.0000,0.141748
4446,0.000000,0.0000,0.136071
4447,0.000000,0.0000,0.139948
4448,0.000000,0.0000,0.142831
4449,0.000000,0.0000,0.137542
4450,0.000000,0.0000,0.147806
4451,0.000000,0.0000,0.148306
4452,0.000000,0.0000,0.156638
4453,0.000000,0.0000,0.154365
4454,0.000000,0.0000,0.145516
4455,0.000000,0.0000,0.147379
4456,0.000000,0.0000,0.153337
4457,0.000000,0.0000,0.158245
4458,0.000759,0.3548,0.160028
4459,0.001256,0.5868,0.161255
4460,0.001382,0.6455,0.160850
4461,0.002413,1.1276,0.169709
4462,0.001957,0.9144,0.167301
4463,0.002741,1.2806,0.171845
4464,0.002818,1.3169,0.172150
4465,0.003358,1.5692,0.174928
4466,0.003633,1.6977,0.177873
4467,0.003347,1.5640,0.172092
4468,0.002496,1.1663,0.169584
4469,0.001446,0.6758,0.162585
4470,0.001318,0.6157,0.161335
4471,0.000000,0.0000,0.154681
4472,0.000000,0.0000,0.144151
4473,0.000000,0.0000,0.147070
4474,0.000000,0.0000,0.131415
4475,0.000000,0.0000,0.129951
4476,0.000000,0.0000,0.124349
4477,0.000000,0.0000,0.122183
4478,0.000000,0.0000,0.120759
4479,0.000000,0.0000,0.110357
4480,0.000000,0.0000,0.111931
4481,0.000000,0.0000,0.109375
4482,0.000000,0.0000,0.106792
4483,0.000000,0.0000,0.105445
4484,0.000000,0.0000,0.109456
4485,0.000000,0.0000,0.111298
4486,0.000000,0.0000,0.112667
4487,0.000000,0.0000,0.113964
4488,0.000000,0.0000,0.121592
4489,0.000000,0.0000,0.118106
4490,0.000000,0.0000,0.116215
4491,0.000000,0.0000,0.119517
4492,0.000000,0.0000,0.126703
4493,0.000000,0.0000,0.118495
4494,0.000000,0.0000,0.119402
4495,0.000000,0.0000,0.117159
4496,0.000000,0.0000,0.115112
4497,0.000000,0.0000,0.118038
4498,0.000000,0.0000,0.111751
4499,0.000000,0.0000,0.101610
4500,0.000000,0.0000,0.107456
4501,0.000000,0.0000,0.109063
4502,0.000000,0.0000,0.105528
4503,0.000000,0.0000,0.103775
4504,0.000000,0.0000,0.082343
4505,0.000000,0.0000,0.080037
4506,0.000000,0.0000,0.085679
4507,0.000000,0.0000,0.105430
4508,0.000000,0.0000,0.098948
4509,0.000000,0.0000,0.093311
4510,0.000000,0.0000,0.092628
4511,0.000000,0.0000,0.093374
4512,0.000000,0.0000,0.099296
4513,0.000000,0.0000,0.091699
4514,0.000000,0.0000,0.089934
4515,0.000000,0.0000,0.072751
4516,0.000000,0.0000,0.080759
4517,0.000000,0.0000,0.090886
4518,0.000000,0.0000,0.068491
4519,0.000000,0.0000,0.070344
4520,0.000000,0.0000,0.074108
4521,0.000000,0.0000,0.084329
4522,0.000000,0.0000,0.077812
4523,0.000000,0.0000,0.080476
4524,0.000000,0.0000,0.066906
4525,0.000000,0.0000,0.000000
4526,0.063559,29.6986,0.059722
4527,0.038730,18.0969,0.036595
4528,0.000000,0.0000,0.000000
4529,0.000000,0.0000,0.000000
4530,0.000000,0.0000,0.000000
4531,0.039243,18.3366,0.000000
4532,0.043691,20.4151,0.000000
4533,0.000000,0.0000,0.000000
4534,0.000000,0.0000,0.000000
4535,0.000000,0.0000,0.000000
4536,0.000000,0.0000,0.000000
4537,0.000000,0.0000,0.000000
4538,0.000000,0.0000,0.000000
4539,0.000000,0.0000,0.000000
4540,0.000000,0.0000,0.000000
4541,0.000000,0.0000,0.000000
4542,0.000000,0.0000,0.000000
4543,0.000000,0.0000,0.000000
4544,0.000000,0.0000,0.000000
4545,0.000000,0.0000,0.000000
4546,0.000000,0.0000,0.000000
4547,0.000000,0.0000,0.000000
4548,0.000000,0.0000,0.000000
4549,0.000000,0.0000,0.000000
4550,0.000000,0.0000,0.000000
4551,0.000000,0.0000,0.000000
4552,0.000000,0.0000,0.000000
4553,0.000000,0.0000,0.000000
4554,0.000000,0.0000,0.000000
4555,0.000000,0.0000,0.000000
4556,0.000000,0.0000,0.000000
4557,0.000000,0.0000,0.000000
4558,0.000000,0.0000,0.000000
4559,0.000000,0.0000,0.000000
4560,0.000000,0.0000,0.000000
4561,0.000000,0.0000,0.000000
4562,0.000000,0.0000,0.000000
4563,0.000000,0.0000,0.000000
4564,0.000000,0.0000,0.000000
4565,0.000000,0.0000,0.000000
4566,0.000000,0.0000,0.000000
4567,0.000000,0.0000,0.000000
4568,0.000000,0.0000,0.000000
4569,0.000000,0.0000,0.000000
4570,0.000000,0.0000,0.000000
4571,0.000000,0.0000,0.000000
4572,0.000000,0.0000,0.000000
4573,0.000000,0.0000,0.000000
4574,0.000000,0.0000,0.000000
4575,0.000000,0.0000,0.000000
4576,0.000000,0.0000,0.000000
4577,0.000000,0.0000,0.000000
4578,0.000000,0.0000,0.000000
4579,0.000000,0.0000,0.000000
4580,0.000000,0.0000,0.000000
4581,0.000000,0.0000,0.000000
4582,0.000000,0.0000,0.000000
4583,0.000000,0.0000,0.000000
4584,0.000000,0.0000,0.000000
4585,0.000000,0.0000,0.000000
4586,0.000000,0.0000,0.000000
4587,0.000000,0.0000,0.000000
4588,0.000000,0.0000,0.000000
4589,0.000000,0.0000,0.000000
4590,0.000000,0.0000,0.000000
4591,0.000000,0.0000,0.000000
4592,0.000000,0.0000,0.000000
4593,0.000000,0.0000,0.000000
4594,0.000000,0.0000,0.000000
4595,0.000000,0.0000,0.000000
4596,0.000000,0.0000,0.000000
4597,0.000000,0.0000,0.000000
4598,0.000000,0.0000,0.000000
4599,0.000000,0.0000,0.000000
4600,0.000000,0.0000,0.000000
4601,0.000000,0.0000,0.000000
4602,0.000000,0.0000,0.000000
4603,0.000000,0.0000,0.000000
4604,0.000000,0.0000,0.000000
4605,0.000000,0.0000,0.000000
4606,0.000000,0.0000,0.000000
4607,0.000000,0.0000,0.000000
4608,0.000000,0.0000,0.000000
4609,0.000000,0.0000,0.000000
4610,0.000000,0.0000,0.000000
4611,0.000000,0.0000,0.000000
4612,0.000000,0.0000,0.000000
4613,0.000000,0.0000,0.000000
4614,0.000000,0.0000,0.000000
4615,0.000000,0.0000,0.000000
4616,0.000000,0.0000,0.000000
4617,0.000000,0.0000,0.000000
4618,0.000000,0.0000,0.000000
4619,0.000000,0.0000,0.000000
4620,0.000000,0.0000,0.000000
4621,0.000000,0.0000,0.000000
4622,0.000000,0.0000,0.000000
4623,0.000000,0.0000,0.000000
4624,0.000000,0.0000,0.000000
4625,0.000000,0.0000,0.000000
4626,0.000000,0.0000,0.000000
4627,0.000000,0.0000,0.000000
4628,0.000000,0.0000,0.000000
4629,0.000000,0.0000,0.000000
4630,0.000000,0.0000,0.000000
4631,0.000000,0.0000,0.000000
4632,0.000000,0.0000,0.000000
4633,0.000000,0.0000,0.000000
4634,0.000000,0.0000,0.000000
4635,0.000000,0.0000,0.000000
4636,0.000000,0.0000,0.000000
4637,0.000000,0.0000,0.000000
4638,0.000000,0.0000,0.000000
4639,0.000000,0.0000,0.000000
4640,0.000000,0.0000,0.000000
4641,0.000000,0.0000,0.000000
4642,0.000000,0.0000,0.000000
4643,0.000000,0.0000,0.000000
4644,0.000000,0.0000,0.000000
4645,0.000000,0.0000,0.000000
4646,0.057219,26.7361,0.000000
4647,0.081376,38.0236,0.000000
4648,0.064615,30.1916,0.000000
4649,0.042860,20.0266,0.000000
4650,0.087023,40.6621,0.000000
4651,0.091387,42.7010,0.000000
4652,0.102366,47.8314,0.000000
4653,0.105760,49.4173,0.000000
4654,0.094182,44.0073,0.000000
4655,0.096247,44.9723,0.000000
4656,0.092703,43.3162,0.000000
4657,0.095189,44.4775,0.000000
4658,0.088007,41.1220,0.000000
4659,0.071422,33.3722,0.000000
4660,0.065823,30.7560,0.000000
4661,0.086339,40.3426,0.000000
4662,0.088976,41.5748,0.000000
4663,0.084104,39.2982,0.000000
4664,0.073094,34.1537,0.000000
4665,0.089444,41.7935,0.000000
4666,0.093398,43.6409,0.000000
4667,0.115625,54.0266,0.000000
4668,0.129070,60.3088,0.000000
4669,0.119385,55.7835,0.000000
4670,0.114306,53.4105,0.000000
4671,0.114607,53.5509,0.000000
4672,0.120430,56.2719,0.000000
4673,0.123065,57.5029,0.000000
4674,0.120788,56.4389,0.000000
4675,0.123963,57.9228,0.000000
4676,0.121596,56.8168,0.000000
4677,0.127307,59.4851,0.000000
4678,0.124335,58.0964,0.000000
4679,0.125189,58.4955,0.000000
4680,0.121265,56.6619,0.000000
4681,0.125227,58.5131,0.000000
4682,0.125004,58.4088,0.000000
4683,0.122334,57.1612,0.000000
4684,0.131931,61.6455,0.000000
4685,0.127618,59.6304,0.000000
4686,0.133749,62.4953,0.000000
4687,0.136532,63.7953,0.000000
4688,0.134731,62.9539,0.000000
4689,0.121085,56.5779,0.000000
4690,0.117077,54.7051,0.000000
4691,0.116599,54.4818,0.000000
4692,0.115079,53.7717,0.000000
4693,0.110757,51.7518,0.000000
4694,0.110453,51.6101,0.000000
4695,0.121843,56.9321,0.000000
4696,0.119017,55.6114,0.000000
4697,0.115597,54.0136,0.000000
4698,0.105286,49.1957,0.000000
4699,0.097956,45.7705,0.000000
4700,0.098334,45.9471,0.000000
4701,0.107829,50.3837,0.000000
4702,0.103356,48.2940,0.000000
4703,0.107746,50.3452,0.000000
4704,0.111944,52.3065,0.000000
4705,0.111164,51.9423,0.000000
4706,0.125748,58.7567,0.000000
4707,0.126325,59.0262,0.000000
4708,0.130615,61.0306,0.000000
4709,0.132121,61.7345,0.000000
4710,0.140561,65.6783,0.000000
4711,0.139469,65.1681,0.000000
4712,0.142017,66.3586,0.000000
4713,0.138942,64.9216,0.000000
4714,0.136480,63.7711,0.000000
4715,0.146622,68.5101,0.000000
4716,0.143034,66.8337,0.000000
4717,0.146551,68.4771,0.000000
4718,0.140927,65.8489,0.000000
4719,0.139418,65.1440,0.000000
4720,0.139650,65.2525,0.000000
4721,0.135313,63.2259,0.000000
4722,0.137694,64.3387,0.000000
4723,0.135211,63.1784,0.000000
4724,0.141716,66.2178,0.000000
4725,0.145554,68.0112,0.000000
4726,0.148815,69.5347,0.000000
4727,0.152283,71.1555,0.000000
4728,0.150246,70.2037,0.000000
4729,0.147747,69.0360,0.000000
4730,0.149442,69.8279,0.000000
4731,0.155314,72.5714,0.000000
4732,0.150809,70.4667,0.000000
4733,0.146833,68.6087,0.000000
4734,0.150633,70.3845,0.000000
4735,0.156090,72.9343,0.000000
4736,0.154238,72.0688,0.000000
4737,0.145136,67.8158,0.000000
4738,0.143795,67.1894,0.000000
4739,0.140415,65.6100,0.000000
4740,0.133942,62.5853,0.000000
4741,0.128828,60.1959,0.000000
4742,0.135035,63.0962,0.000000
4743,0.127327,59.4947,0.000000
4744,0.133283,62.2775,0.000000
4745,0.133725,62.4840,0.000000
4746,0.130746,61.0920,0.000000
4747,0.123810,57.8513,0.000000
4748,0.123825,57.8582,0.000000
4749,0.127941,59.7813,0.000000
4750,0.115435,53.9379,0.000000
4751,0.117365,54.8396,0.000000
4752,0.115334,53.8907,0.000000
4753,0.122449,57.2152,0.000000
4754,0.119107,55.6535,0.000000
4755,0.114416,53.4615,0.000000
4756,0.109127,50.9903,0.000000
4757,0.106820,49.9125,0.000000
4758,0.111566,52.1299,0.000000
4759,0.116234,54.3112,0.000000
4760,0.122023,57.0162,0.000000
4761,0.126426,59.0736,0.000000
4762,0.132743,62.0251,0.000000
4763,0.128275,59.9375,0.000000
4764,0.128247,59.9242,0.000000
4765,0.126558,59.1352,0.000000
4766,0.122903,57.4273,0.000000
4767,0.124038,57.9577,0.000000
4768,0.125926,58.8399,0.000000
4769,0.129935,60.7130,0.000000
4770,0.127625,59.6337,0.000000
4771,0.128639,60.1074,0.000000
4772,0.123210,57.5706,0.000000
4773,0.117967,55.1209,0.000000
4774,0.125138,58.4717,0.000000
4775,0.131342,61.3704,0.000000
4776,0.126767,59.2326,0.000000
4777,0.119780,55.9681,0.000000
4778,0.120159,56.1450,0.000000
4779,0.109929,51.3653,0.000000
4780,0.124374,58.1146,0.000000
4781,0.130263,60.8661,0.000000
4782,0.128497,60.0410,0.000000
4783,0.136994,64.0114,0.061964
4784,0.138562,64.7440,0.064450
4785,0.141209,65.9809,0.070427
4786,0.139384,65.1283,0.043464
4787,0.140169,65.4950,0.041983
4788,0.140647,65.7181,0.029685
4789,0.141779,66.2471,0.071667
4790,0.143330,66.9719,0.044239
4791,0.140347,65.5781,0.000000
4792,0.135811,63.4587,0.000000
4793,0.134765,62.9697,0.000000
4794,0.132983,62.1373,0.000000
4795,0.140807,65.7931,0.000000
4796,0.142555,66.6100,0.000000
4797,0.140387,65.5968,0.000000
4798,0.134063,62.6420,0.000000
4799,0.138585,64.7546,0.000000
4800,0.140123,65.4735,0.000000
4801,0.136209,63.6449,0.000000
4802,0.137426,64.2132,0.000000
4803,0.134605,62.8949,0.000000
4804,0.129214,60.3761,0.000000
4805,0.120605,56.3537,0.000000
4806,0.128343,59.9692,0.000000
4807,0.133738,62.4901,0.068903
4808,0.142709,66.6816,0.091825
4809,0.148418,69.3495,0.097645
4810,0.149930,70.0557,0.096020
4811,0.148271,69.2807,0.082574
4812,0.149816,70.0025,0.088405
4813,0.148764,69.5108,0.088059
4814,0.148207,69.2509,0.083588
4815,0.138152,64.5524,0.056538
4816,0.132218,61.7798,0.000000
4817,0.132494,61.9089,0.000000
4818,0.137953,64.4595,0.000000
4819,0.137128,64.0742,0.000000
4820,0.146034,68.2355,0.068664
4821,0.149259,69.7423,0.081915
4822,0.151124,70.6140,0.085897
4823,0.160241,74.8738,0.118397
4824,0.157259,73.4802,0.116009
4825,0.155178,72.5079,0.109614
4826,0.160460,74.9762,0.114464
4827,0.160829,75.1487,0.112394
4828,0.162801,76.0700,0.115592
4829,0.162906,76.1191,0.122028
4830,0.159839,74.6861,0.109800
4831,0.159128,74.3536,0.102696
4832,0.155786,72.7923,0.106556
4833,0.150880,70.4995,0.100015
4834,0.148201,69.2481,0.085519
4835,0.147922,69.1174,0.087955
4836,0.148811,69.5328,0.093828
4837,0.155485,72.6513,0.090534
4838,0.151855,70.9551,0.089004
4839,0.148477,69.3771,0.074719
4840,0.150333,70.2443,0.074127
4841,0.154105,72.0068,0.077102
4842,0.165245,77.2119,0.094953
4843,0.164138,76.6946,0.085532
4844,0.168191,78.5885,0.099926
4845,0.169089,79.0079,0.107625
4846,0.171261,80.0230,0.111068
4847,0.170399,79.6202,0.110501
4848,0.173648,81.1383,0.118500
4849,0.170877,79.8433,0.106656
4850,0.170634,79.7300,0.110472
4851,0.168726,78.8384,0.111232
4852,0.163503,76.3979,0.088265
4853,0.155720,72.7615,0.000000
4854,0.153222,71.5942,0.000000
4855,0.154291,72.0935,0.070300
4856,0.153480,71.7144,0.073624
4857,0.155176,72.5071,0.080065
4858,0.159265,74.4177,0.083393
4859,0.163783,76.5289,0.102738
4860,0.166448,77.7740,0.098858
4861,0.167558,78.2929,0.100867
4862,0.162029,75.7093,0.089225
4863,0.160778,75.1246,0.066105
4864,0.158399,74.0129,0.067421
4865,0.154182,72.0425,0.053074
4866,0.155015,72.4320,0.052564
4867,0.155538,72.6764,0.000000
4868,0.156756,73.2453,0.000000
4869,0.159040,74.3127,0.000000
4870,0.162390,75.8779,0.000000
4871,0.164565,76.8941,0.000000
4872,0.164334,76.7862,0.000000
4873,0.161542,75.4815,0.000000
4874,0.162149,75.7653,0.000000
4875,0.166768,77.9237,0.000000
4876,0.167823,78.4164,0.000000
4877,0.170470,79.6535,0.000000
4878,0.175153,81.8413,0.072102
4879,0.173609,81.1203,0.000000
4880,0.177366,82.8754,0.075154
4881,0.179432,83.8408,0.082102
4882,0.180991,84.5695,0.083148
4883,0.181638,84.8717,0.078484
4884,0.177871,83.1114,0.067886
4885,0.175837,82.1613,0.000000
4886,0.172513,80.6077,0.000000
4887,0.167313,78.1780,0.000000
4888,0.161055,75.2541,0.000000
4889,0.164675,76.9456,0.000000
4890,0.160821,75.1446,0.000000
4891,0.159901,74.7149,0.000000
4892,0.164629,76.9241,0.000000
4893,0.165378,77.2738,0.000000
4894,0.169248,79.0822,0.000000
4895,0.169415,79.1604,0.000000
4896,0.172334,80.5245,0.000000
4897,0.179744,83.9864,0.000000
4898,0.182979,85.4982,0.059181
4899,0.187144,87.4445,0.087841
4900,0.186071,86.9429,0.078571
4901,0.182957,85.4881,0.000000
4902,0.181985,85.0338,0.000000
4903,0.180515,84.3468,0.000000
4904,0.177213,82.8042,0.000000
4905,0.179829,84.0263,0.000000
4906,0.179783,84.0049,0.000000
4907,0.179257,83.7589,0.000000
4908,0.176993,82.7011,0.000000
4909,0.178411,83.3638,0.000000
4910,0.257212,120.1840,0.050579
4911,0.304711,142.3784,0.080982
4912,0.330402,154.3828,0.096322
4913,0.337175,157.5473,0.100536
4914,0.340735,159.2107,0.103247
4915,0.350034,163.5561,0.109746
4916,0.344484,160.9625,0.107548
4917,0.350981,163.9986,0.111256
4918,0.338179,158.0164,0.102969
4919,0.351287,164.1412,0.112174
4920,0.348019,162.6143,0.108293
4921,0.345659,161.5119,0.107128
4922,0.338444,158.1406,0.102491
4923,0.349333,163.2286,0.109458
4924,0.343193,160.3596,0.104756
4925,0.333284,155.7293,0.098513
4926,0.340868,159.2731,0.101838
4927,0.378979,177.0807,0.110136
4928,0.340778,159.2308,0.101585
4929,0.320982,149.9810,0.089380
4930,0.344446,160.9448,0.104381
4931,0.339919,158.8295,0.100756
4932,0.338689,158.2547,0.100696
4933,0.330597,154.4737,0.095459
4934,0.341014,159.3412,0.101562
4935,0.325569,152.1245,0.090858
4936,0.315422,147.3833,0.084814
4937,0.286242,133.7488,0.067262
4938,0.293438,137.1110,0.070860
4939,0.305600,142.7937,0.079032
4940,0.341431,159.5361,0.102908
4941,0.305040,142.5322,0.080517
4942,0.277988,129.8918,0.062707
4943,0.295247,137.9564,0.075138
4944,0.317267,148.2453,0.089655
4945,0.318677,148.9041,0.090748
4946,0.325715,152.1926,0.094810
4947,0.342478,160.0251,0.106311
4948,0.353205,165.0375,0.113433
4949,0.367916,171.9112,0.124780
4950,0.370719,173.2212,0.126077
4951,0.357655,167.1168,0.118786
4952,0.353109,164.9928,0.115675
4953,0.348600,162.8856,0.112084
4954,0.365160,170.6238,0.121495
4955,0.349200,163.1661,0.110148
4956,0.332650,155.4329,0.099743
4957,0.342552,160.0600,0.107462
4958,0.357419,167.0066,0.116651
4959,0.358988,167.7397,0.117907
4960,0.360162,168.2881,0.120368
4961,0.362945,169.5886,0.122477
4962,0.380475,177.7797,0.134115
4963,0.371381,173.5302,0.127902
4964,0.347184,162.2240,0.111760
4965,0.358502,167.5128,0.120145
4966,0.374503,174.9891,0.129375
4967,0.485164,226.6961,0.128440
4968,0.368371,172.1238,0.125384
4969,0.360991,168.6754,0.119755
4970,0.359244,167.8593,0.118899
4971,0.352895,164.8929,0.117013
4972,0.334474,156.2856,0.104785
4973,0.333772,155.9572,0.103498
4974,0.320216,149.6232,0.095932
4975,0.324448,151.6008,0.098644
4976,0.317080,148.1579,0.095679
4977,0.307225,143.5530,0.089121
4978,0.312285,145.9174,0.092943
4979,0.318713,148.9208,0.096984
4980,0.326205,152.4216,0.100730
4981,0.326289,152.4610,0.100528
4982,0.314839,147.1107,0.092967
4983,0.299592,139.9866,0.084151
4984,0.288949,135.0133,0.077859
4985,0.280924,131.2635,0.073994
4986,0.164177,76.7127,0.000000
4987,0.211099,98.6376,0.075920
4988,0.221146,103.3320,0.089068
4989,0.221455,103.4765,0.090321
4990,0.215486,100.6872,0.076858
4991,0.194974,91.1030,0.045169
4992,0.169004,78.9683,0.000000
4993,0.166987,78.0259,0.000000
4994,0.168728,78.8394,0.000000
4995,0.166332,77.7199,0.000000
4996,0.168422,78.6962,0.032593
4997,0.174742,81.6494,0.081987
4998,0.173085,80.8750,0.077503
4999,0.174308,81.4469,0.077880
5000,0.175134,81.8328,0.093439
5001,0.177181,82.7890,0.086194
5002,0.175035,81.7864,0.070012
5003,0.175617,82.0584,0.085539
5004,0.174929,81.7367,0.093015
5005,0.172601,80.6490,0.092347
5006,0.174610,81.5878,0.095364
5007,0.173713,81.1686,0.097360
5008,0.171429,80.1012,0.091608
5009,0.172422,80.5655,0.090107
5010,0.173078,80.8721,0.079487
5011,0.170013,79.4397,0.074548
5012,0.175692,82.0933,0.089321
5013,0.172410,80.5597,0.079412
5014,0.171642,80.2012,0.070519
5015,0.169525,79.2116,0.000000
5016,0.190698,89.1052,0.047768
5017,0.208914,97.6164,0.080279
5018,0.203785,95.2200,0.075491
5019,0.213130,99.5867,0.090287
5020,0.211063,98.6205,0.087447
5021,0.218473,102.0833,0.099121
5022,0.215434,100.6633,0.095390
5023,0.217878,101.8051,0.099522
5024,0.210274,98.2521,0.087729
5025,0.202487,94.6134,0.077631
5026,0.197110,92.1013,0.071278
5027,0.162328,75.8491,0.000000
5028,0.161868,75.6340,0.000000
5029,0.162475,75.9175,0.000000
5030,0.163350,76.3263,0.000000
5031,0.163375,76.3382,0.000000
5032,0.162590,75.9714,0.000000
5033,0.159943,74.7344,0.000000
5034,0.164168,76.7087,0.000000
5035,0.163120,76.2192,0.000000
5036,0.162507,75.9326,0.000000
5037,0.156816,73.2733,0.000000
5038,0.153338,71.6482,0.000000
5039,0.151120,70.6120,0.000000
5040,0.151211,70.6545,0.000000
5041,0.148606,69.4374,0.000000
5042,0.143714,67.1514,0.000000
5043,0.138617,64.7696,0.000000
5044,0.137633,64.3100,0.000000
5045,0.139622,65.2392,0.000000
5046,0.139610,65.2337,0.000000
5047,0.134862,63.0153,0.000000
5048,0.132904,62.1002,0.000000
5049,0.126097,58.9199,0.000000
5050,0.131457,61.4242,0.000000
5051,0.132075,61.7130,0.000000
5052,0.133045,62.1662,0.000000
5053,0.137424,64.2124,0.000000
5054,0.132583,61.9504,0.000000
5055,0.144836,67.6755,0.040704
5056,0.143344,66.9784,0.053363
5057,0.134603,62.8943,0.000000
5058,0.133367,62.3165,0.000000
5059,0.121069,56.5703,0.000000
5060,0.121630,56.8324,0.000000
5061,0.122312,57.1510,0.000000
5062,0.116140,54.2672,0.000000
5063,0.108805,50.8399,0.000000
5064,0.115391,53.9173,0.000000
5065,0.118215,55.2368,0.000000
5066,0.114693,53.5913,0.000000
5067,0.114447,53.4764,0.000000
5068,0.122391,57.1879,0.000000
5069,0.125910,58.8326,0.067817
5070,0.125149,58.4767,0.060829
5071,0.128940,60.2480,0.081168
5072,0.132901,62.0991,0.092720
5073,0.141596,66.1616,0.115922
5074,0.137595,64.2924,0.108916
5075,0.133282,62.2772,0.101497
5076,0.127580,59.6125,0.089565
5077,0.119531,55.8516,0.055267
5078,0.122081,57.0433,0.053638
5079,0.116908,54.6262,0.053039
5080,0.122708,57.3364,0.000000
5081,0.123301,57.6134,0.000000
5082,0.125686,58.7277,0.000000
5083,0.125639,58.7055,0.000000
5084,0.128899,60.2289,0.000000
5085,0.126557,59.1347,0.000000
5086,0.134945,63.0542,0.000000
5087,0.247847,115.8084,0.072380
5088,0.263583,123.1610,0.079890
5089,0.250798,117.1871,0.071341
5090,0.262977,122.8778,0.078226
5091,0.268548,125.4808,0.083941
5092,0.290469,135.7235,0.098562
5093,0.291940,136.4111,0.098596
5094,0.279446,130.5730,0.089463
5095,0.298672,139.5566,0.101378
5096,0.306925,143.4131,0.106192
5097,0.321837,150.3804,0.113973
5098,0.302458,141.3256,0.101364
5099,0.280188,130.9197,0.086277
5100,0.280839,131.2241,0.085529
5101,0.287343,134.2629,0.090324
5102,0.251857,117.6819,0.066219
5103,0.285278,133.2982,0.085635
5104,0.298067,139.2739,0.094129
5105,0.312904,146.2067,0.103728
5106,0.301045,140.6655,0.095948
5107,0.314673,147.0333,0.104879
5108,0.329596,154.0061,0.114301
5109,0.323848,151.3202,0.111488
5110,0.293410,137.0981,0.092053
5111,0.311779,145.6807,0.103768
5112,0.311473,145.5378,0.103513
5113,0.293328,137.0598,0.092318
5114,0.303745,141.9270,0.097492
5115,0.306484,143.2066,0.099481
5116,0.310026,144.8619,0.101558
5117,0.307880,143.8593,0.099289
5118,0.322388,150.6381,0.109560
5119,0.345120,161.2598,0.123655
5120,0.354004,165.4110,0.131317
5121,0.358394,167.4623,0.133430
5122,0.361315,168.8269,0.136206
5123,0.349709,163.4038,0.129044
5124,0.346415,161.8647,0.126514
5125,0.347711,162.4706,0.127258
5126,0.342465,160.0193,0.124788
5127,0.339167,158.4784,0.122441
5128,0.339781,158.7651,0.123243
5129,0.348513,162.8450,0.127089
5130,0.348661,162.9141,0.125998
5131,0.336407,157.1886,0.119237
5132,0.318942,149.0279,0.108693
5133,0.324794,151.7623,0.113755
5134,0.323031,150.9384,0.111258
5135,0.337398,157.6517,0.119879
5136,0.350049,163.5627,0.127878
5137,0.335474,156.7528,0.121301
5138,0.344549,160.9930,0.127514
5139,0.341844,159.7292,0.123900
5140,0.354509,165.6467,0.131640
5141,0.364163,170.1576,0.138778
5142,0.367253,171.6015,0.142405
5143,0.369352,172.5824,0.145489
5144,0.363823,169.9987,0.143133
5145,0.336609,157.2828,0.124940
5146,0.335519,156.7738,0.123741
5147,0.347893,162.5553,0.133368
5148,0.343547,160.5250,0.129620
5149,0.369091,172.4605,0.143158
5150,0.371244,173.4666,0.141613
5151,0.367116,171.5378,0.140069
5152,0.382385,178.6720,0.148299
5153,0.388796,181.6678,0.151842
5154,0.396874,185.4421,0.157876
5155,0.392379,183.3421,0.155442
5156,0.390630,182.5249,0.154165
5157,0.395103,184.6147,0.156305
5158,0.375417,175.4162,0.150639
5159,0.372976,174.2759,0.146207
5160,0.372539,174.0717,0.144285
5161,0.383129,179.0196,0.151623
5162,0.381911,178.4508,0.150615
5163,0.387465,181.0457,0.154254
5164,0.394225,184.2045,0.159753
5165,0.391575,182.9664,0.156584
5166,0.381974,178.4799,0.147922
5167,0.372169,173.8985,0.140807
5168,0.358873,167.6859,0.130999
5169,0.358641,167.5777,0.130742
5170,0.374537,175.0049,0.137682
5171,0.381275,178.1535,0.141366
5172,0.376143,175.7555,0.137333
5173,0.360033,168.2278,0.127410
5174,0.350091,163.5823,0.122865
5175,0.353701,165.2692,0.128169
5176,0.354150,165.4790,0.128550
5177,0.367566,171.7477,0.138217
5178,0.373336,174.4439,0.140671
5179,0.380404,177.7464,0.146016
5180,0.376277,175.8179,0.141684
5181,0.380085,177.5976,0.144210
5182,0.382976,178.9483,0.145244
5183,0.391039,182.7158,0.150109
5184,0.392615,183.4520,0.150395
5185,0.388978,181.7527,0.148904
5186,0.393849,184.0287,0.152153
5187,0.394753,184.4513,0.153084
5188,0.393596,183.9107,0.152508
5189,0.381605,178.3075,0.143756
5190,0.391537,182.9485,0.149386
5191,0.389508,182.0002,0.148898
5192,0.399916,186.8636,0.151959
5193,0.397574,185.7692,0.149970
5194,0.381995,178.4900,0.140793
5195,0.391782,183.0632,0.149160
5196,0.390243,182.3440,0.147717
5197,0.386926,180.7940,0.145426
5198,0.396310,185.1786,0.152037
5199,0.376129,175.7491,0.138369
5200,0.376653,175.9940,0.138029
5201,0.366445,171.2239,0.131499
5202,0.359793,168.1160,0.130488
5203,0.362358,169.3145,0.130692
5204,0.358998,167.7444,0.128814
5205,0.353434,165.1444,0.124838
5206,0.369976,172.8738,0.134666
5207,0.376665,175.9995,0.138130
5208,0.376090,175.7307,0.138504
5209,0.376809,176.0668,0.138110
5210,0.379225,177.1956,0.141152
5211,0.379468,177.3093,0.141004
5212,0.370634,173.1812,0.135765
5213,0.373185,174.3735,0.138098
5214,0.368590,172.2264,0.134431
5215,0.375473,175.4424,0.139564
5216,0.370889,173.3004,0.136456
5217,0.381666,178.3362,0.145062
5218,0.365373,170.7231,0.133603
5219,0.368033,171.9662,0.134124
5220,0.390162,182.3062,0.149986
5221,0.390304,182.3723,0.151053
5222,0.388717,181.6307,0.148121
5223,0.388767,181.6540,0.146871
5224,0.383999,179.4263,0.141911
5225,0.388454,181.5081,0.144148
5226,0.372321,173.9698,0.131779
5227,0.378554,176.8822,0.135003
5228,0.363463,169.8307,0.124715
5229,0.353904,165.3641,0.117199
5230,0.356139,166.4085,0.118815
5231,0.349911,163.4983,0.116534
5232,0.357546,167.0659,0.121154
5233,0.359011,167.7506,0.122955
5234,0.365489,170.7773,0.127248
5235,0.364366,170.2525,0.128018
5236,0.367526,171.7293,0.130528
5237,0.371211,173.4510,0.135090
5238,0.391879,183.1081,0.149774
5239,0.373259,174.4077,0.136426
5240,0.376294,175.8261,0.140575
5241,0.380201,177.6516,0.143038
5242,0.389180,181.8471,0.152846
5243,0.390102,182.2778,0.152710
5244,0.382751,178.8432,0.147750
5245,0.382964,178.9428,0.148180
5246,0.376081,175.7267,0.142554
5247,0.379842,177.4840,0.144008
5248,0.385066,179.9249,0.147953
5249,0.385777,180.2570,0.148980
5250,0.376855,176.0880,0.143667
5251,0.386656,180.6676,0.150129
5252,0.390687,182.5512,0.152709
5253,0.397300,185.6413,0.159185
5254,0.402579,188.1080,0.161299
5255,0.411347,192.2047,0.168248
5256,0.393388,183.8131,0.154090
5257,0.376031,175.7031,0.141489
5258,0.372094,173.8636,0.139104
5259,0.382338,178.6504,0.146880
5260,0.368335,172.1072,0.138033
5261,0.363571,169.8812,0.134650
5262,0.379663,177.4001,0.145569
5263,0.379448,177.2998,0.144143
5264,0.380679,177.8749,0.145766
5265,0.379700,177.4175,0.146040
5266,0.373353,174.4518,0.140529
5267,0.373905,174.7097,0.140780
5268,0.380803,177.9329,0.145010
5269,0.396609,185.3186,0.157594
5270,0.387887,181.2432,0.151270
5271,0.384831,179.8149,0.148810
5272,0.378920,177.0529,0.143677
5273,0.393121,183.6888,0.154474
5274,0.394264,184.2225,0.155515
5275,0.393015,183.6392,0.154727
5276,0.458470,214.2235,0.162187
5277,0.461568,215.6711,0.159586
5278,0.480217,224.3850,0.163156
5279,0.534950,249.9590,0.176765
5280,0.533040,249.0669,0.174781
5281,0.556942,260.2352,0.173571
5282,0.518749,242.3892,0.170162
5283,0.629334,294.0610,0.175516
5284,0.678192,316.8901,0.182747
5285,0.519789,242.8751,0.173630
5286,0.500147,233.6971,0.169021
5287,0.483019,225.6939,0.167236
5288,0.398995,186.4334,0.158349
5289,0.409646,191.4099,0.165241
5290,0.404857,189.1725,0.162590
5291,0.413223,193.0815,0.169498
5292,0.417492,195.0763,0.172584
5293,0.411197,192.1348,0.167792
5294,0.411205,192.1384,0.166980
5295,0.409135,191.1712,0.165034
5296,0.421590,196.9909,0.172680
5297,0.428573,200.2540,0.177734
5298,0.433035,202.3389,0.182901
5299,0.437940,204.6304,0.186608
5300,0.441190,206.1490,0.189302
5301,0.443034,207.0109,0.190470
5302,0.441339,206.2187,0.187989
5303,0.438094,204.7025,0.189276
5304,0.428170,200.0654,0.181511
5305,0.422159,197.2570,0.176958
5306,0.517443,241.7788,0.179204
5307,0.421119,196.7711,0.175951
5308,0.488732,228.3633,0.179719
5309,0.421755,197.0678,0.176048
5310,0.424943,198.5579,0.177978
5311,0.411032,192.0576,0.169628
5312,0.419837,196.1717,0.174645
5313,0.421004,196.7171,0.176909
5314,0.503447,235.2393,0.184135
5315,0.511824,239.1535,0.185056
5316,0.510036,238.3180,0.185153
5317,0.492047,229.9124,0.183109
5318,0.417352,195.0105,0.176237
5319,0.417293,194.9831,0.176480
5320,0.417925,195.2784,0.178050
5321,0.417032,194.8611,0.179976
5322,0.420570,196.5146,0.180910
5323,0.422035,197.1991,0.182519
5324,0.420710,196.5796,0.180992
5325,0.429367,200.6247,0.186863
5326,0.416441,194.5851,0.177309
5327,0.420153,196.3196,0.179575
5328,0.428792,200.3560,0.186070
5329,0.440673,205.9075,0.195863
5330,0.436471,203.9444,0.192275
5331,0.432621,202.1452,0.191996
5332,0.430257,201.0406,0.190815
5333,0.433606,202.6056,0.193636
5334,0.444425,207.6606,0.202676
5335,0.452291,211.3362,0.207075
5336,0.443884,207.4078,0.199126
5337,0.435125,203.3153,0.193147
5338,0.440585,205.8665,0.197287
5339,0.433050,202.3455,0.194643
5340,0.425146,198.6523,0.189817
5341,0.419586,196.0545,0.188288
5342,0.415675,194.2270,0.185471
5343,0.423671,197.9632,0.191726
5344,0.436383,203.9030,0.200103
5345,0.433497,202.5548,0.198295
5346,0.434442,202.9961,0.200048
5347,0.433085,202.3619,0.200986
5348,0.437798,204.5643,0.205292
5349,0.433645,202.6239,0.202520
5350,0.432167,201.9330,0.201947
5351,0.432281,201.9862,0.202245
5352,0.426980,199.5094,0.201912
5353,0.440585,205.8667,0.209365
5354,0.438517,204.9004,0.207605
5355,0.436086,203.7641,0.206237
5356,0.442008,206.5316,0.209682
5357,0.436579,203.9947,0.209023
5358,0.439044,205.1463,0.210644
5359,0.438990,205.1211,0.210167
5360,0.442423,206.7255,0.213344
5361,0.445149,207.9989,0.215463
5362,0.444816,207.8433,0.216861
5363,0.439413,205.3189,0.213890
5364,0.426891,199.4677,0.205554
5365,0.420169,196.3272,0.201023
5366,0.408573,190.9085,0.191638
5367,0.421513,196.9549,0.202118
5368,0.412139,192.5749,0.197074
5369,0.408866,191.0454,0.195037
5370,0.423020,197.6593,0.204182
5371,0.420463,196.4643,0.202449
5372,0.425162,198.6600,0.207144
5373,0.428983,200.4452,0.208058
5374,0.423766,198.0076,0.204043
5375,0.422657,197.4894,0.203388
5376,0.431452,201.5992,0.210412
5377,0.438926,205.0914,0.217370
5378,0.438531,204.9066,0.215848
5379,0.429194,200.5439,0.210081
5380,0.426954,199.4972,0.208530
5381,0.413602,193.2584,0.200051
5382,0.414771,193.8048,0.199486
5383,0.420045,196.2690,0.203392
5384,0.426354,199.2172,0.208772
5385,0.430788,201.2889,0.213182
5386,0.428352,200.1504,0.213858
5387,0.427267,199.6434,0.212522
5388,0.427322,199.6692,0.214910
5389,0.434086,202.8297,0.218616
5390,0.429570,200.7197,0.216259
5391,0.431259,201.5089,0.215155
5392,0.430768,201.2796,0.213560
5393,0.438639,204.9572,0.221064
5394,0.437276,204.3202,0.221331
5395,0.449687,210.1195,0.229127
5396,0.449184,209.8844,0.229198
5397,0.460074,214.9729,0.235989
5398,0.455781,212.9671,0.233369
5399,0.450628,210.5591,0.228764
5400,0.439979,205.5831,0.219702
5401,0.426148,199.1209,0.209354
5402,0.416522,194.6228,0.201224
5403,0.424651,198.4214,0.205628
5404,0.422361,197.3514,0.202341
5405,0.419125,195.8392,0.198517
5406,0.428870,200.3928,0.203203
5407,0.439947,205.5686,0.209799
5408,0.444012,207.4680,0.212500
5409,0.441403,206.2485,0.210432
5410,0.435392,203.4400,0.205661
5411,0.426358,199.2187,0.199058
5412,0.423837,198.0408,0.200415
5413,0.417659,195.1542,0.195572
5414,0.415756,194.2652,0.195478
5415,0.425215,198.6848,0.201963
5416,0.433386,202.5025,0.206377
5417,0.430514,201.1608,0.203207
5418,0.424936,198.5544,0.200306
5419,0.423697,197.9753,0.200872
5420,0.414416,193.6388,0.195036
5421,0.415902,194.3330,0.197456
5422,0.427961,199.9677,0.206444
5423,0.427534,199.7682,0.202214
5424,0.435596,203.5354,0.207999
5425,0.443157,207.0685,0.212516
5426,0.434846,203.1849,0.204770
5427,0.423361,197.8185,0.198533
5428,0.421555,196.9744,0.198408
5429,0.425617,198.8725,0.201059
5430,0.420782,196.6133,0.196789
5431,0.428640,200.2850,0.199462
5432,0.433610,202.6075,0.205569
5433,0.423052,197.6740,0.196506
5434,0.438096,204.7034,0.206128
5435,0.437928,204.6250,0.207805
5436,0.424912,198.5433,0.199396
5437,0.417491,195.0756,0.193518
5438,0.429976,200.9095,0.202889
5439,0.418095,195.3581,0.195109
5440,0.427840,199.9113,0.201332
5441,0.424645,198.4185,0.199292
5442,0.412108,192.5604,0.189612
5443,0.420363,196.4177,0.194542
5444,0.414574,193.7128,0.192296
5445,0.407139,190.2386,0.189087
5446,0.420603,196.5298,0.197032
5447,0.421370,196.8880,0.198659
5448,0.434214,202.8894,0.206432
5449,0.433134,202.3850,0.205648
5450,0.403674,188.6198,0.186495
5451,0.536357,250.6164,0.193061
5452,0.554896,259.2790,0.194854
5453,0.531963,248.5634,0.193382
5454,0.506344,236.5928,0.192467
5455,0.569243,265.9829,0.198391
5456,0.594303,277.6924,0.202251
5457,0.558892,261.1463,0.195670
5458,0.566668,264.7796,0.193063
5459,0.545744,255.0027,0.190124
5460,0.528077,246.7479,0.188752
5461,0.406954,190.1522,0.184884
5462,0.413122,193.0341,0.186314
5463,0.414080,193.4819,0.187184
5464,0.414160,193.5191,0.185937
5465,0.426982,199.5102,0.192858
5466,0.440200,205.6868,0.201406
5467,0.433887,202.7370,0.196906
5468,0.433050,202.3457,0.195289
5469,0.422479,197.4062,0.187413
5470,0.431463,201.6044,0.192020
5471,0.439341,205.2854,0.197033
5472,0.435189,203.3451,0.195682
5473,0.436495,203.9554,0.195640
5474,0.439386,205.3061,0.198654
5475,0.442884,206.9408,0.200417
5476,0.432488,202.0830,0.196400
5477,0.429270,200.5797,0.195989
5478,0.416327,194.5319,0.189225
5479,0.427312,199.6647,0.198722
5480,0.415259,194.0326,0.192129
5481,0.427772,199.8797,0.199797
5482,0.430208,201.0178,0.199017
5483,0.427107,199.5687,0.196936
5484,0.431613,201.6744,0.202747
5485,0.419147,195.8494,0.195126
5486,0.414596,193.7231,0.192667
5487,0.415188,193.9994,0.194804
5488,0.407718,190.5093,0.192034
5489,0.408845,191.0357,0.192950
5490,0.417775,195.2086,0.197629
5491,0.418010,195.3181,0.197385
5492,0.434382,202.9681,0.203518
5493,0.407568,190.4393,0.187649
5494,0.412330,192.6640,0.190204
5495,0.417860,195.2479,0.192159
5496,0.422203,197.2773,0.194127
5497,0.425403,198.7726,0.194806
5498,0.433095,202.3667,0.198554
5499,0.424390,198.2995,0.194925
5500,0.426675,199.3670,0.196846
5501,0.425363,198.7538,0.196612
5502,0.420411,196.4399,0.193630
5503,0.412627,192.8028,0.190773
5504,0.406078,189.7431,0.188436
5505,0.414326,193.5969,0.190269
5506,0.430083,200.9592,0.199774
5507,0.418948,195.7567,0.194913
5508,0.425918,199.0132,0.198926
5509,0.419962,196.2303,0.193945
5510,0.406328,189.8597,0.186516
5511,0.394955,184.5453,0.179914
5512,0.400460,187.1178,0.181874
5513,0.394762,184.4556,0.178376
5514,0.391421,182.8943,0.177718
5515,0.397600,185.7816,0.180055
5516,0.394842,184.4926,0.180603
5517,0.386239,180.4730,0.176800
5518,0.377381,176.3341,0.172088
5519,0.374530,175.0020,0.171347
5520,0.359954,168.1912,0.162899
5521,0.358375,167.4531,0.160394
5522,0.345648,161.5066,0.155005
5523,0.338799,158.3063,0.150669
5524,0.329662,154.0369,0.143498
5525,0.319015,149.0619,0.136001
5526,0.341784,159.7009,0.149123
5527,0.326877,152.7355,0.140014
5528,0.328992,153.7240,0.143351
5529,0.318941,149.0276,0.139343
5530,0.316376,147.8288,0.138357
5531,0.306962,143.4300,0.132254
5532,0.308186,144.0020,0.135964
5533,0.312779,146.1481,0.137235
5534,0.378747,176.9723,0.140030
5535,0.387612,181.1145,0.140517
5536,0.376692,176.0121,0.137266
5537,0.306114,143.0339,0.129514
5538,0.337838,157.8571,0.133669
5539,0.294023,137.3844,0.121536
5540,0.298066,139.2735,0.122813
5541,0.291501,136.2057,0.121604
5542,0.296820,138.6914,0.126364
5543,0.313328,146.4047,0.135249
5544,0.317486,148.3475,0.141439
5545,0.321335,150.1460,0.141070
5546,0.313723,146.5895,0.136416
5547,0.310082,144.8881,0.131429
5548,0.300768,140.5361,0.126261
5549,0.282975,132.2222,0.116053
5550,0.260493,121.7173,0.106073
5551,0.233812,109.2503,0.092367
5552,0.257818,120.4674,0.106262
5553,0.248972,116.3340,0.099468
5554,0.241078,112.6456,0.096030
5555,0.200048,93.4738,0.077701
5556,0.153061,71.5186,0.055746
5557,0.224886,105.0795,0.092590
5558,0.214098,100.0389,0.092501
5559,0.221859,103.6653,0.100448
5560,0.245194,114.5686,0.109304
5561,0.243388,113.7246,0.104079
5562,0.235065,109.8360,0.102251
5563,0.218112,101.9145,0.096466
5564,0.191854,89.6452,0.081287
5565,0.164430,76.8311,0.070587
5566,0.235155,109.8777,0.096524
5567,0.256096,119.6626,0.106506
5568,0.281774,131.6609,0.116710
5569,0.291598,136.2514,0.122243
5570,0.280317,130.9800,0.116791
5571,0.281036,131.3162,0.118303
5572,0.288914,134.9970,0.121204
5573,0.289566,135.3019,0.120689
5574,0.276420,129.1594,0.118752
5575,0.289325,135.1893,0.120434
5576,0.293120,136.9626,0.122888
5577,0.253873,118.6240,0.105348
5578,0.249229,116.4541,0.103159
5579,0.260163,121.5632,0.108193
5580,0.267323,124.9087,0.115882
5581,0.277019,129.4391,0.120662
5582,0.271982,127.0857,0.114199
5583,0.269768,126.0511,0.112644
5584,0.272281,127.2251,0.115319
5585,0.238936,111.6444,0.104135
5586,0.237695,111.0647,0.105423
5587,0.234221,109.4414,0.102451
5588,0.223201,104.2923,0.097430
5589,0.245125,114.5365,0.107408
5590,0.204685,95.6403,0.095656
5591,0.218999,102.3289,0.097034
5592,0.194527,90.8943,0.089833
5593,0.227026,106.0796,0.099996
5594,0.243412,113.7360,0.106296
5595,0.249110,116.3984,0.105124
5596,0.207529,96.9695,0.093588
5597,0.106548,49.7852,0.071914
5598,0.110772,51.7591,0.074948
5599,0.134334,62.7686,0.092376
5600,0.122490,57.2345,0.083501
5601,0.091101,42.5674,0.061012
5602,0.052898,24.7171,0.035085
5603,0.000000,0.0000,0.000000
5604,0.000000,0.0000,0.000000
5605,0.000000,0.0000,0.062130
5606,0.000000,0.0000,0.000000
5607,0.000000,0.0000,0.000000
5608,0.000000,0.0000,0.000000
5609,0.000000,0.0000,0.000000
5610,0.000000,0.0000,0.000000
5611,0.000000,0.0000,0.000000
5612,0.000000,0.0000,0.000000
5613,0.000000,0.0000,0.000000
5614,0.000000,0.0000,0.000000
5615,0.000000,0.0000,0.000000
5616,0.000000,0.0000,0.000000
5617,0.000000,0.0000,0.000000
5618,0.000000,0.0000,0.000000
5619,0.000000,0.0000,0.000000
5620,0.000000,0.0000,0.000000
5621,0.000000,0.0000,0.000000
5622,0.000000,0.0000,0.000000
5623,0.000000,0.0000,0.000000
5624,0.000000,0.0000,0.000000
5625,0.000000,0.0000,0.000000
5626,0.000000,0.0000,0.000000
5627,0.000000,0.0000,0.000000
5628,0.000000,0.0000,0.000000
5629,0.000000,0.0000,0.000000
5630,0.000000,0.0000,0.000000
5631,0.000000,0.0000,0.000000
5632,0.000000,0.0000,0.000000
5633,0.000000,0.0000,0.000000
5634,0.000000,0.0000,0.000000
5635,0.000000,0.0000,0.000000
5636,0.000000,0.0000,0.000000
5637,0.000000,0.0000,0.000000
5638,0.000000,0.0000,0.000000
5639,0.000000,0.0000,0.000000
5640,0.000000,0.0000,0.000000
5641,0.000000,0.0000,0.000000
5642,0.000000,0.0000,0.000000
5643,0.000000,0.0000,0.000000
5644,0.000000,0.0000,0.000000
5645,0.000000,0.0000,0.000000
5646,0.000000,0.0000,0.000000
5647,0.000000,0.0000,0.000000
5648,0.000000,0.0000,0.000000
5649,0.000000,0.0000,0.000000
5650,0.000000,0.0000,0.000000
5651,0.000000,0.0000,0.000000
5652,0.000000,0.0000,0.000000
5653,0.000000,0.0000,0.000000
5654,0.000000,0.0000,0.000000
5655,0.000000,0.0000,0.000000
5656,0.000000,0.0000,0.000000
5657,0.000000,0.0000,0.000000
5658,0.000000,0.0000,0.000000
5659,0.000000,0.0000,0.000000
5660,0.000000,0.0000,0.000000
5661,0.000000,0.0000,0.000000
5662,0.000000,0.0000,0.000000
5663,0.000000,0.0000,0.000000
5664,0.000000,0.0000,0.000000
5665,0.000000,0.0000,0.000000
5666,0.000000,0.0000,0.000000
5667,0.000000,0.0000,0.000000
5668,0.000000,0.0000,0.000000
5669,0.000000,0.0000,0.000000
5670,0.000000,0.0000,0.000000
5671,0.000000,0.0000,0.000000
5672,0.000000,0.0000,0.000000
5673,0.000000,0.0000,0.000000
5674,0.000000,0.0000,0.000000
5675,0.000000,0.0000,0.000000
5676,0.000000,0.0000,0.000000
5677,0.000000,0.0000,0.000000
5678,0.000000,0.0000,0.000000
5679,0.000000,0.0000,0.000000
5680,0.000000,0.0000,0.000000
5681,0.000000,0.0000,0.000000
5682,0.000000,0.0000,0.000000
5683,0.000000,0.0000,0.000000
5684,0.000000,0.0000,0.000000
5685,0.000000,0.0000,0.000000
5686,0.000000,0.0000,0.000000
5687,0.000000,0.0000,0.000000
5688,0.000000,0.0000,0.000000
5689,0.000000,0.0000,0.000000
5690,0.000000,0.0000,0.000000
5691,0.000000,0.0000,0.000000
5692,0.000000,0.0000,0.000000
5693,0.000000,0.0000,0.000000
5694,0.000000,0.0000,0.000000
5695,0.000000,0.0000,0.000000
5696,0.000000,0.0000,0.000000
5697,0.000000,0.0000,0.000000
5698,0.000000,0.0000,0.000000
5699,0.000000,0.0000,0.000000
5700,0.000000,0.0000,0.000000
5701,0.000000,0.0000,0.000000
5702,0.000000,0.0000,0.000000
5703,0.000000,0.0000,0.000000
5704,0.000000,0.0000,0.000000
5705,0.000000,0.0000,0.000000
5706,0.000000,0.0000,0.000000
5707,0.000000,0.0000,0.000000
5708,0.000000,0.0000,0.000000
5709,0.000000,0.0000,0.000000
5710,0.000000,0.0000,0.000000
5711,0.000000,0.0000,0.000000
5712,0.000000,0.0000,0.000000
5713,0.000000,0.0000,0.000000
5714,0.000000,0.0000,0.000000
5715,0.000000,0.0000,0.000000
5716,0.000000,0.0000,0.000000
5717,0.000000,0.0000,0.000000
5718,0.000000,0.0000,0.000000
5719,0.000000,0.0000,0.000000
5720,0.000000,0.0000,0.000000
5721,0.000000,0.0000,0.000000
5722,0.000000,0.0000,0.000000
5723,0.000000,0.0000,0.000000
5724,0.000000,0.0000,0.000000
5725,0.000000,0.0000,0.000000
5726,0.000000,0.0000,0.000000
5727,0.000000,0.0000,0.000000
5728,0.000000,0.0000,0.000000
5729,0.000000,0.0000,0.000000
5730,0.000000,0.0000,0.000000
5731,0.000000,0.0000,0.000000
5732,0.000000,0.0000,0.000000
5733,0.000000,0.0000,0.000000
5734,0.000000,0.0000,0.000000
5735,0.000000,0.0000,0.000000
5736,0.000000,0.0000,0.000000
5737,0.000000,0.0000,0.000000
5738,0.000000,0.0000,0.000000
5739,0.000000,0.0000,0.000000
5740,0.000000,0.0000,0.000000
5741,0.000000,0.0000,0.000000
5742,0.000000,0.0000,0.000000
5743,0.000000,0.0000,0.000000
5744,0.000000,0.0000,0.000000
5745,0.000000,0.0000,0.000000
5746,0.000000,0.0000,0.000000
5747,0.000000,0.0000,0.000000
5748,0.000000,0.0000,0.000000
5749,0.000000,0.0000,0.000000
5750,0.000000,0.0000,0.000000
5751,0.000000,0.0000,0.000000
5752,0.000000,0.0000,0.000000
5753,0.028761,13.4389,0.047461
5754,0.035773,16.7150,0.058225
5755,0.031594,14.7627,0.051792
5756,0.052015,24.3045,0.084034
5757,0.049513,23.1353,0.079948
5758,0.034636,16.1838,0.056468
5759,0.048200,22.5220,0.077824
5760,0.051801,24.2044,0.083682
5761,0.054495,25.4633,0.088134
5762,0.059893,27.9852,0.097258
5763,0.062330,29.1240,0.101481
5764,0.056174,26.2475,0.090940
5765,0.060349,28.1983,0.098043
5766,0.065918,30.8005,0.107833
5767,0.066592,31.1158,0.109047
5768,0.056620,26.4559,0.091690
5769,0.047833,22.3503,0.077232
5770,0.034795,16.2583,0.056715
5771,0.000000,0.0000,0.000000
5772,0.004475,2.0909,0.078203
5773,0.003057,1.4284,0.060051
5774,0.000000,0.0000,0.000000
5775,0.000000,0.0000,0.055259
5776,0.000000,0.0000,0.053853
5777,0.000000,0.0000,0.075030
5778,0.000000,0.0000,0.057726
5779,0.000000,0.0000,0.000000
5780,0.000000,0.0000,0.000000
5781,0.072314,33.7891,0.050155
5782,0.098746,46.1400,0.069271
5783,0.000000,0.0000,0.000000
5784,0.000000,0.0000,0.000000
5785,0.047562,22.2235,0.054229
5786,0.000000,0.0000,0.000000
5787,0.000000,0.0000,0.040316
5788,0.000000,0.0000,0.000000
5789,0.065660,30.6800,0.043875
5790,0.000000,0.0000,0.000000
5791,0.000000,0.0000,0.000000
5792,0.000000,0.0000,0.000000
5793,0.000000,0.0000,0.000000
5794,0.000000,0.0000,0.000000
5795,0.000000,0.0000,0.000000
5796,0.108817,50.8455,0.079776
5797,0.082217,38.4165,0.059368
5798,0.000000,0.0000,0.000000
5799,0.000000,0.0000,0.066607
5800,0.000000,0.0000,0.078718
5801,0.000000,0.0000,0.090743
5802,0.000000,0.0000,0.077616
5803,0.000000,0.0000,0.080559
5804,0.000000,0.0000,0.081887
5805,0.000000,0.0000,0.088568
5806,0.000000,0.0000,0.088068
5807,0.000000,0.0000,0.085380
5808,0.000000,0.0000,0.040819
5809,0.000000,0.0000,0.000000
5810,0.000000,0.0000,0.000000
5811,0.000000,0.0000,0.000000
5812,0.000000,0.0000,0.000000
5813,0.000000,0.0000,0.000000
5814,0.000000,0.0000,0.000000
5815,0.000000,0.0000,0.000000
5816,0.000000,0.0000,0.000000
5817,0.000000,0.0000,0.000000
5818,0.000000,0.0000,0.000000
5819,0.000000,0.0000,0.000000
5820,0.000000,0.0000,0.000000
5821,0.000000,0.0000,0.000000
5822,0.000000,0.0000,0.000000
5823,0.000000,0.0000,0.000000
5824,0.000000,0.0000,0.000000
5825,0.000000,0.0000,0.000000
5826,0.000000,0.0000,0.000000
5827,0.000000,0.0000,0.000000
5828,0.000000,0.0000,0.054962
5829,0.000000,0.0000,0.000000
5830,0.000000,0.0000,0.000000
5831,0.000000,0.0000,0.000000
5832,0.000000,0.0000,0.000000
5833,0.000000,0.0000,0.000000
5834,0.000000,0.0000,0.000000
5835,0.000000,0.0000,0.000000
5836,0.000000,0.0000,0.000000
5837,0.000000,0.0000,0.000000
5838,0.000000,0.0000,0.000000
5839,0.000000,0.0000,0.000000
5840,0.000000,0.0000,0.000000
5841,0.000000,0.0000,0.000000
5842,0.000000,0.0000,0.000000
5843,0.000000,0.0000,0.000000
5844,0.000000,0.0000,0.000000
5845,0.000000,0.0000,0.000000
5846,0.000000,0.0000,0.000000
5847,0.000000,0.0000,0.000000
5848,0.000000,0.0000,0.000000
5849,0.000000,0.0000,0.000000
5850,0.000000,0.0000,0.000000
5851,0.000000,0.0000,0.000000
5852,0.000000,0.0000,0.000000
5853,0.000000,0.0000,0.000000
5854,0.000000,0.0000,0.000000
5855,0.000000,0.0000,0.000000
5856,0.000000,0.0000,0.000000
5857,0.000000,0.0000,0.000000
5858,0.000000,0.0000,0.000000
5859,0.000000,0.0000,0.000000
5860,0.000000,0.0000,0.000000
5861,0.000000,0.0000,0.000000
5862,0.000000,0.0000,0.000000
5863,0.000000,0.0000,0.000000
5864,0.000000,0.0000,0.000000
5865,0.000000,0.0000,0.000000
5866,0.000000,0.0000,0.000000
5867,0.000000,0.0000,0.000000
5868,0.000000,0.0000,0.000000
5869,0.000000,0.0000,0.000000
5870,0.000000,0.0000,0.000000
5871,0.000000,0.0000,0.000000
5872,0.000000,0.0000,0.000000
5873,0.000000,0.0000,0.000000
5874,0.000000,0.0000,0.000000
5875,0.000000,0.0000,0.000000
5876,0.000000,0.0000,0.000000
5877,0.000000,0.0000,0.000000
5878,0.000000,0.0000,0.000000
5879,0.000000,0.0000,0.000000
5880,0.000000,0.0000,0.000000
5881,0.000000,0.0000,0.000000
5882,0.000000,0.0000,0.000000
5883,0.000000,0.0000,0.000000
5884,0.000000,0.0000,0.000000
5885,0.000000,0.0000,0.000000
5886,0.000000,0.0000,0.000000
5887,0.000000,0.0000,0.000000
5888,0.000000,0.0000,0.000000
5889,0.000000,0.0000,0.000000
5890,0.000000,0.0000,0.000000
5891,0.000000,0.0000,0.000000
5892,0.000000,0.0000,0.000000
5893,0.000000,0.0000,0.000000
5894,0.000000,0.0000,0.000000
5895,0.000000,0.0000,0.000000
5896,0.000000,0.0000,0.000000
5897,0.000000,0.0000,0.000000
5898,0.000000,0.0000,0.000000
5899,0.000000,0.0000,0.000000
5900,0.000000,0.0000,0.000000
5901,0.000000,0.0000,0.000000
5902,0.000000,0.0000,0.000000
5903,0.000000,0.0000,0.000000
5904,0.000000,0.0000,0.000000
5905,0.000000,0.0000,0.000000
5906,0.000000,0.0000,0.000000
5907,0.000000,0.0000,0.000000
5908,0.000000,0.0000,0.000000
5909,0.000000,0.0000,0.000000
5910,0.000000,0.0000,0.000000
5911,0.000000,0.0000,0.000000
5912,0.000000,0.0000,0.000000
5913,0.000000,0.0000,0.000000
5914,0.000000,0.0000,0.000000
5915,0.000000,0.0000,0.000000
5916,0.000000,0.0000,0.000000
5917,0.000000,0.0000,0.000000
5918,0.000000,0.0000,0.000000
5919,0.000000,0.0000,0.000000
5920,0.000000,0.0000,0.000000
5921,0.000000,0.0000,0.000000
5922,0.000000,0.0000,0.000000
5923,0.000000,0.0000,0.000000
5924,0.000000,0.0000,0.000000
5925,0.000000,0.0000,0.000000
5926,0.000000,0.0000,0.000000
5927,0.000000,0.0000,0.000000
5928,0.000000,0.0000,0.000000
5929,0.000000,0.0000,0.000000
5930,0.000000,0.0000,0.000000
5931,0.000000,0.0000,0.000000
5932,0.000000,0.0000,0.000000
5933,0.000000,0.0000,0.000000
5934,0.000000,0.0000,0.000000
5935,0.000000,0.0000,0.000000
5936,0.000000,0.0000,0.000000
5937,0.000000,0.0000,0.000000
5938,0.000000,0.0000,0.000000
5939,0.000000,0.0000,0.000000
5940,0.000000,0.0000,0.000000
5941,0.000000,0.0000,0.000000
5942,0.000000,0.0000,0.000000
5943,0.000000,0.0000,0.000000
5944,0.000000,0.0000,0.000000
5945,0.000000,0.0000,0.000000
5946,0.000000,0.0000,0.000000
5947,0.000000,0.0000,0.000000
5948,0.000000,0.0000,0.000000
5949,0.000000,0.0000,0.000000
5950,0.000000,0.0000,0.000000
5951,0.000000,0.0000,0.000000
5952,0.000000,0.0000,0.000000
5953,0.000000,0.0000,0.000000
5954,0.000000,0.0000,0.000000
5955,0.000000,0.0000,0.000000
5956,0.000000,0.0000,0.000000
5957,0.000000,0.0000,0.000000
5958,0.000000,0.0000,0.000000
5959,0.000000,0.0000,0.000000
5960,0.000000,0.0000,0.000000
5961,0.000000,0.0000,0.000000
5962,0.000000,0.0000,0.000000
5963,0.000000,0.0000,0.000000
5964,0.000000,0.0000,0.000000
5965,0.000000,0.0000,0.000000
5966,0.000000,0.0000,0.000000
5967,0.000000,0.0000,0.000000
5968,0.000000,0.0000,0.000000
5969,0.000000,0.0000,0.000000
5970,0.000000,0.0000,0.000000
5971,0.000000,0.0000,0.000000
5972,0.000000,0.0000,0.000000
5973,0.000000,0.0000,0.000000
5974,0.000000,0.0000,0.000000
5975,0.000000,0.0000,0.000000
5976,0.000000,0.0000,0.000000
5977,0.000000,0.0000,0.000000
5978,0.000000,0.0000,0.000000
5979,0.000000,0.0000,0.000000
5980,0.000000,0.0000,0.000000
5981,0.000000,0.0000,0.000000
5982,0.000000,0.0000,0.000000
5983,0.000000,0.0000,0.000000
5984,0.000000,0.0000,0.000000
5985,0.000000,0.0000,0.000000
5986,0.000000,0.0000,0.000000
5987,0.000000,0.0000,0.000000
5988,0.000000,0.0000,0.000000
5989,0.000000,0.0000,0.000000
5990,0.000000,0.0000,0.000000
5991,0.000000,0.0000,0.000000
5992,0.000000,0.0000,0.000000
5993,0.000000,0.0000,0.000000
5994,0.000000,0.0000,0.000000
5995,0.000000,0.0000,0.000000
5996,0.000000,0.0000,0.000000
5997,0.000000,0.0000,0.000000
5998,0.000000,0.0000,0.000000
5999,0.000000,0.0000,0.000000
6000,0.000000,0.0000,0.000000
6001,0.000000,0.0000,0.000000
6002,0.000000,0.0000,0.000000
6003,0.000000,0.0000,0.000000
6004,0.000000,0.0000,0.000000
6005,0.000000,0.0000,0.000000
6006,0.000000,0.0000,0.000000
6007,0.000000,0.0000,0.000000
6008,0.000000,0.0000,0.000000
6009,0.000000,0.0000,0.000000
6010,0.000000,0.0000,0.000000
6011,0.000000,0.0000,0.000000
6012,0.000000,0.0000,0.000000
6013,0.000000,0.0000,0.000000
6014,0.000000,0.0000,0.000000
6015,0.000000,0.0000,0.000000
6016,0.000000,0.0000,0.000000
6017,0.000000,0.0000,0.000000
6018,0.000000,0.0000,0.000000
6019,0.000000,0.0000,0.000000
6020,0.000000,0.0000,0.000000
6021,0.000000,0.0000,0.000000
6022,0.000000,0.0000,0.000000
6023,0.000000,0.0000,0.000000
6024,0.000000,0.0000,0.000000
6025,0.000000,0.0000,0.000000
6026,0.000000,0.0000,0.000000
6027,0.000000,0.0000,0.000000
6028,0.000000,0.0000,0.000000
6029,0.000000,0.0000,0.000000
6030,0.000000,0.0000,0.000000
6031,0.000000,0.0000,0.000000
6032,0.000000,0.0000,0.000000
6033,0.000000,0.0000,0.000000
6034,0.000000,0.0000,0.000000
6035,0.000000,0.0000,0.000000
6036,0.000000,0.0000,0.000000
6037,0.000000,0.0000,0.000000
6038,0.000000,0.0000,0.000000
6039,0.000000,0.0000,0.000000
6040,0.000000,0.0000,0.000000
6041,0.000000,0.0000,0.000000
6042,0.000000,0.0000,0.000000
6043,0.000000,0.0000,0.000000
6044,0.000000,0.0000,0.000000
6045,0.000000,0.0000,0.000000
6046,0.000000,0.0000,0.000000
6047,0.000000,0.0000,0.000000
6048,0.000000,0.0000,0.000000
6049,0.000000,0.0000,0.000000
6050,0.000000,0.0000,0.000000
6051,0.000000,0.0000,0.000000
6052,0.000000,0.0000,0.000000
6053,0.000000,0.0000,0.000000
6054,0.000000,0.0000,0.000000
6055,0.000000,0.0000,0.000000
6056,0.000000,0.0000,0.000000
6057,0.000000,0.0000,0.000000
6058,0.000000,0.0000,0.000000
6059,0.000000,0.0000,0.000000
6060,0.000000,0.0000,0.000000
6061,0.000000,0.0000,0.000000
6062,0.000000,0.0000,0.000000
6063,0.000000,0.0000,0.000000
6064,0.000000,0.0000,0.000000
6065,0.000000,0.0000,0.000000
6066,0.000000,0.0000,0.000000
6067,0.000000,0.0000,0.000000
6068,0.000000,0.0000,0.000000
6069,0.000000,0.0000,0.000000
6070,0.000000,0.0000,0.000000
6071,0.000000,0.0000,0.000000
6072,0.000000,0.0000,0.000000
6073,0.000000,0.0000,0.000000
6074,0.000000,0.0000,0.000000
6075,0.000000,0.0000,0.000000
6076,0.000000,0.0000,0.000000
6077,0.000000,0.0000,0.000000
6078,0.000000,0.0000,0.000000
6079,0.000000,0.0000,0.000000
6080,0.000000,0.0000,0.000000
6081,0.000000,0.0000,0.000000
6082,0.000000,0.0000,0.000000
6083,0.000000,0.0000,0.000000
6084,0.000000,0.0000,0.000000
6085,0.000000,0.0000,0.000000
6086,0.000000,0.0000,0.000000
6087,0.000000,0.0000,0.000000
6088,0.000000,0.0000,0.000000
6089,0.000000,0.0000,0.000000
6090,0.000000,0.0000,0.000000
6091,0.000000,0.0000,0.000000
6092,0.000000,0.0000,0.000000
6093,0.000000,0.0000,0.000000
6094,0.000000,0.0000,0.000000
6095,0.000000,0.0000,0.000000
6096,0.000000,0.0000,0.000000
6097,0.000000,0.0000,0.000000
6098,0.000000,0.0000,0.000000
6099,0.000000,0.0000,0.000000
6100,0.000000,0.0000,0.000000
6101,0.000000,0.0000,0.000000
6102,0.000000,0.0000,0.000000
6103,0.000000,0.0000,0.000000
6104,0.000000,0.0000,0.000000
6105,0.000000,0.0000,0.000000
6106,0.000000,0.0000,0.000000
6107,0.000000,0.0000,0.000000
6108,0.000000,0.0000,0.000000
6109,0.000000,0.0000,0.000000
6110,0.000000,0.0000,0.000000
6111,0.000000,0.0000,0.000000
6112,0.000000,0.0000,0.000000
6113,0.000000,0.0000,0.000000
6114,0.000000,0.0000,0.000000
6115,0.000000,0.0000,0.000000
6116,0.000000,0.0000,0.000000
6117,0.000000,0.0000,0.000000
6118,0.000000,0.0000,0.000000
6119,0.000000,0.0000,0.000000
6120,0.000000,0.0000,0.000000
6121,0.000000,0.0000,0.000000
6122,0.000000,0.0000,0.000000
6123,0.000000,0.0000,0.000000
6124,0.000000,0.0000,0.000000
6125,0.000000,0.0000,0.000000
6126,0.000000,0.0000,0.000000
6127,0.000000,0.0000,0.000000
6128,0.000000,0.0000,0.000000
6129,0.000000,0.0000,0.000000
6130,0.000000,0.0000,0.000000
6131,0.000000,0.0000,0.000000
6132,0.000000,0.0000,0.000000
6133,0.000000,0.0000,0.000000
6134,0.000000,0.0000,0.000000
6135,0.000000,0.0000,0.000000
6136,0.000000,0.0000,0.000000
6137,0.000000,0.0000,0.000000
6138,0.000000,0.0000,0.000000
6139,0.000000,0.0000,0.000000
6140,0.000000,0.0000,0.000000
6141,0.000000,0.0000,0.000000
6142,0.000000,0.0000,0.000000
6143,0.000000,0.0000,0.000000
6144,0.000000,0.0000,0.000000
6145,0.000000,0.0000,0.000000
6146,0.000000,0.0000,0.000000
6147,0.000000,0.0000,0.000000
6148,0.000000,0.0000,0.000000
6149,0.000000,0.0000,0.000000
6150,0.000000,0.0000,0.000000
6151,0.024936,11.6516,0.000000
6152,0.025498,11.9142,0.000000
6153,0.029668,13.8628,0.000000
6154,0.021307,9.9560,0.000000
6155,0.024082,11.2524,0.000000
6156,0.024181,11.2989,0.000000
6157,0.020216,9.4460,0.000000
6158,0.024463,11.4303,0.000000
6159,0.000000,0.0000,0.000000
6160,0.000000,0.0000,0.000000
6161,0.000000,0.0000,0.000000
6162,0.000000,0.0000,0.000000
6163,0.000000,0.0000,0.000000
6164,0.000000,0.0000,0.000000
6165,0.000000,0.0000,0.000000
6166,0.000000,0.0000,0.000000
6167,0.000000,0.0000,0.000000
6168,0.000000,0.0000,0.000000
6169,0.000000,0.0000,0.000000
6170,0.000000,0.0000,0.000000
6171,0.000000,0.0000,0.000000
6172,0.000000,0.0000,0.000000
6173,0.000000,0.0000,0.000000
6174,0.000000,0.0000,0.000000
6175,0.000000,0.0000,0.000000
6176,0.000000,0.0000,0.000000
6177,0.000000,0.0000,0.000000
6178,0.000000,0.0000,0.000000
6179,0.000000,0.0000,0.000000
6180,0.000000,0.0000,0.000000
6181,0.000000,0.0000,0.000000
6182,0.000000,0.0000,0.000000
6183,0.000000,0.0000,0.000000
6184,0.000000,0.0000,0.000000
6185,0.000000,0.0000,0.000000
6186,0.000000,0.0000,0.000000
6187,0.000000,0.0000,0.000000
6188,0.110364,51.5684,0.078170
6189,0.096829,45.2442,0.068026
6190,0.114921,53.6976,0.081652
6191,0.128342,59.9686,0.092137
6192,0.143677,67.1339,0.104610
6193,0.140379,65.5933,0.101878
6194,0.152620,71.3129,0.112174
6195,0.153100,71.5370,0.112587
6196,0.144575,67.5536,0.105359
6197,0.146137,68.2837,0.106668
6198,0.149747,69.9702,0.109718
6199,0.128278,59.9390,0.092087
6200,0.111974,52.3206,0.079396
6201,0.091926,42.9533,0.064418
6202,0.000000,0.0000,0.000000
6203,0.085830,40.1046,0.061753
6204,0.116086,54.2419,0.085102
6205,0.123210,57.5706,0.090850
6206,0.127085,59.3813,0.094026
6207,0.117999,55.1360,0.086635
6208,0.138232,64.5898,0.103375
6209,0.110760,51.7536,0.080876
6210,0.086672,40.4982,0.062384
6211,0.000000,0.0000,0.000000
6212,0.000000,0.0000,0.000000
6213,0.127136,59.4053,0.075708
6214,0.000000,0.0000,0.000000
6215,0.021428,10.0124,0.064305
6216,0.022561,10.5419,0.067324
6217,0.028509,13.3210,0.083309
6218,0.027940,13.0551,0.081765
6219,0.029943,13.9911,0.087220
6220,0.027475,12.8377,0.080505
6221,0.032482,15.1775,0.094221
6222,0.027084,12.6553,0.079450
6223,0.000000,0.0000,0.000000
6224,0.000000,0.0000,0.056235
6225,0.000000,0.0000,0.000000
6226,0.000000,0.0000,0.068924
6227,0.000000,0.0000,0.076725
6228,0.000000,0.0000,0.000000
6229,0.000000,0.0000,0.000000
6230,0.000000,0.0000,0.000000
6231,0.000000,0.0000,0.000000
6232,0.000000,0.0000,0.000000
6233,0.000000,0.0000,0.000000
6234,0.000000,0.0000,0.000000
6235,0.000000,0.0000,0.000000
6236,0.000000,0.0000,0.000000
6237,0.001166,0.5447,0.033433
6238,0.002712,1.2671,0.057906
6239,0.004463,2.0854,0.081560
6240,0.004374,2.0440,0.080422
6241,0.003657,1.7087,0.071013
6242,0.004959,2.3169,0.087830
6243,0.005599,2.6160,0.095747
6244,0.006228,2.9101,0.103378
6245,0.005635,2.6332,0.096196
6246,0.005475,2.5581,0.094227
6247,0.005135,2.3993,0.090030
6248,0.005255,2.4555,0.091521
6249,0.003571,1.6687,0.069862
6250,0.003857,1.8024,0.073682
6251,0.003612,1.6879,0.070415
6252,0.005838,2.7280,0.098668
6253,0.006521,3.0470,0.106888
6254,0.007015,3.2778,0.112763
6255,0.007256,3.3905,0.115615
6256,0.007140,3.3364,0.114248
6257,0.006616,3.0915,0.108025
6258,0.006812,3.1829,0.110354
6259,0.007381,3.4487,0.117085
6260,0.007009,3.2749,0.112689
6261,0.008536,3.9885,0.130646
6262,0.007833,3.6599,0.122404
6263,0.007167,3.3486,0.114557
6264,0.007823,3.6553,0.122287
6265,0.007591,3.5467,0.119556
6266,0.007408,3.4616,0.117411
6267,0.007023,3.2817,0.112862
6268,0.008014,3.7446,0.124531
6269,0.008271,3.8646,0.127540
6270,0.008084,3.7772,0.125349
6271,0.007648,3.5735,0.120230
6272,0.007247,3.3861,0.115504
6273,0.007081,3.3086,0.113543
6274,0.006851,3.2014,0.110823
6275,0.007339,3.4292,0.116593
6276,0.007479,3.4945,0.118240
6277,0.007285,3.4038,0.115952
6278,0.006866,3.2084,0.111001
6279,0.005983,2.7955,0.100421
6280,0.006125,2.8621,0.102141
6281,0.006529,3.0507,0.106982
6282,0.006619,3.0926,0.108055
6283,0.008276,3.8670,0.127601
6284,0.008384,3.9173,0.128862
6285,0.009565,4.4693,0.142389
6286,0.009372,4.3793,0.140297
6287,0.009496,4.4372,0.141898
6288,0.010112,4.7250,0.146804
6289,0.010287,4.8067,0.149178
6290,0.010714,5.0060,0.153177
6291,0.010703,5.0010,0.153105
6292,0.010555,4.9317,0.152843
6293,0.011090,5.1821,0.156300
6294,0.010954,5.1183,0.155462
6295,0.010274,4.8004,0.149016
6296,0.010653,4.9777,0.153122
6297,0.010067,4.7038,0.148325
6298,0.009348,4.3679,0.140157
6299,0.009512,4.4444,0.142078
6300,0.009021,4.2151,0.136326
6301,0.009414,4.3988,0.140933
6302,0.010080,4.7099,0.148761
6303,0.009276,4.3344,0.139318
6304,0.009507,4.4423,0.142027
6305,0.009157,4.2785,0.137915
6306,0.008873,4.1460,0.134593
6307,0.008645,4.0396,0.131928
6308,0.007808,3.6481,0.122108
6309,0.007486,3.4979,0.118327
6310,0.008583,4.0105,0.131199
6311,0.007680,3.5885,0.120607
6312,0.007109,3.3217,0.113875
6313,0.007777,3.6338,0.121748
6314,0.008134,3.8006,0.125935
6315,0.007886,3.6849,0.123032
6316,0.007748,3.6204,0.121411
6317,0.007811,3.6499,0.122152
6318,0.008676,4.0540,0.132289
6319,0.008429,3.9387,0.129400
6320,0.008899,4.1581,0.134896
6321,0.009948,4.6481,0.136409
6322,0.008982,4.1970,0.135872
6323,0.008550,3.9952,0.130815
6324,0.008388,3.9191,0.128908
6325,0.135335,63.2363,0.143597
6326,0.153371,71.6638,0.145585
6327,0.144346,67.4468,0.141382
6328,0.164355,76.7963,0.140636
6329,0.165290,77.2332,0.141073
6330,0.133237,62.2557,0.131712
6331,0.131148,61.2799,0.129546
6332,0.132261,61.7997,0.126682
6333,0.144148,67.3542,0.125809
6334,0.171049,79.9240,0.136084
6335,0.127768,59.7003,0.120587
6336,0.114413,53.4602,0.117616
6337,0.134749,62.9623,0.119014
6338,0.156090,72.9341,0.124416
6339,0.140472,65.6364,0.123669
6340,0.154104,72.0062,0.127901
6341,0.105080,49.0992,0.111427
6342,0.006043,2.8238,0.101151
6343,0.010206,4.7687,0.105843
6344,0.011720,5.4760,0.106171
6345,0.004829,2.2564,0.086205
6346,0.018551,8.6679,0.105832
6347,0.005622,2.6270,0.096036
6348,0.005108,2.3868,0.089697
6349,0.005251,2.4535,0.091469
6350,0.004859,2.2704,0.086582
6351,0.004402,2.0567,0.080773
6352,0.003105,1.4508,0.063474
6353,0.000000,0.0000,0.000000
6354,0.000000,0.0000,0.000000
6355,0.000000,0.0000,0.000000
6356,0.000014,0.0065,0.076070
6357,0.000024,0.0114,0.093778
6358,0.000015,0.0071,0.078559
6359,0.000014,0.0066,0.076543
6360,0.000010,0.0047,0.067348
6361,0.000000,0.0000,0.000000
6362,0.000000,0.0000,0.000000
6363,0.000000,0.0000,0.000000
6364,0.000000,0.0000,0.000000
6365,0.000000,0.0000,0.000000
6366,0.000000,0.0000,0.000000
6367,0.000000,0.0000,0.000000
6368,0.000000,0.0000,0.000000
6369,0.000000,0.0000,0.000000
6370,0.000000,0.0000,0.000000
6371,0.000000,0.0000,0.000000
6372,0.000000,0.0000,0.000000
6373,0.000000,0.0000,0.000000
6374,0.000000,0.0000,0.000000
6375,0.000000,0.0000,0.000000
6376,0.000000,0.0000,0.000000
6377,0.000000,0.0000,0.000000
6378,0.000000,0.0000,0.000000
6379,0.000000,0.0000,0.000000
6380,0.000000,0.0000,0.000000
6381,0.000000,0.0000,0.000000
6382,0.000000,0.0000,0.000000
6383,0.000000,0.0000,0.000000
6384,0.000000,0.0000,0.000000
6385,0.000000,0.0000,0.000000
6386,0.000000,0.0000,0.000000
6387,0.000000,0.0000,0.000000
6388,0.000000,0.0000,0.000000
6389,0.000000,0.0000,0.000000
6390,0.000000,0.0000,0.000000
6391,0.000000,0.0000,0.000000
6392,0.000000,0.0000,0.000000
6393,0.000000,0.0000,0.000000
6394,0.000000,0.0000,0.000000
6395,0.000000,0.0000,0.000000
6396,0.000000,0.0000,0.000000
6397,0.000000,0.0000,0.000000
6398,0.000000,0.0000,0.000000
6399,0.000000,0.0000,0.000000
6400,0.000000,0.0000,0.000000
6401,0.000000,0.0000,0.000000
6402,0.000000,0.0000,0.000000
6403,0.000000,0.0000,0.000000
6404,0.000000,0.0000,0.000000
6405,0.000000,0.0000,0.000000
6406,0.000000,0.0000,0.000000
6407,0.000000,0.0000,0.000000
6408,0.000000,0.0000,0.000000
6409,0.000000,0.0000,0.000000
6410,0.000000,0.0000,0.000000
6411,0.000000,0.0000,0.000000
6412,0.000000,0.0000,0.000000
6413,0.000000,0.0000,0.000000
6414,0.000000,0.0000,0.000000
6415,0.039596,18.5013,0.068320
6416,0.042149,19.6943,0.072597
6417,0.041001,19.1581,0.070670
6418,0.044350,20.7227,0.076318
6419,0.045137,21.0905,0.077657
6420,0.044737,20.9035,0.076976
6421,0.039512,18.4623,0.068181
6422,0.041656,19.4642,0.071769
6423,0.044303,20.7007,0.076238
6424,0.041619,19.4469,0.071707
6425,0.000000,0.0000,0.000000
6426,0.000000,0.0000,0.045239
6427,0.000000,0.0000,0.000000
6428,0.000000,0.0000,0.000000
6429,0.000000,0.0000,0.000000
6430,0.000000,0.0000,0.000000
6431,0.000000,0.0000,0.000000
6432,0.000000,0.0000,0.000000
6433,0.000000,0.0000,0.000000
6434,0.000000,0.0000,0.000000
6435,0.000000,0.0000,0.000000
6436,0.000000,0.0000,0.000000
6437,0.000000,0.0000,0.000000
6438,0.000000,0.0000,0.000000
6439,0.000000,0.0000,0.000000
6440,0.000000,0.0000,0.000000
6441,0.000000,0.0000,0.000000
6442,0.000000,0.0000,0.000000
6443,0.000000,0.0000,0.000000
6444,0.000000,0.0000,0.000000
6445,0.000000,0.0000,0.000000
6446,0.000000,0.0000,0.000000
6447,0.000000,0.0000,0.000000
6448,0.000000,0.0000,0.000000
6449,0.000000,0.0000,0.000000
6450,0.000000,0.0000,0.000000
6451,0.000000,0.0000,0.000000
6452,0.000000,0.0000,0.000000
6453,0.000000,0.0000,0.000000
6454,0.000000,0.0000,0.000000
6455,0.000000,0.0000,0.000000
6456,0.000000,0.0000,0.000000
6457,0.000000,0.0000,0.000000
6458,0.000000,0.0000,0.000000
6459,0.000000,0.0000,0.000000
6460,0.000000,0.0000,0.000000
6461,0.000000,0.0000,0.000000
6462,0.000000,0.0000,0.000000
6463,0.000000,0.0000,0.000000
6464,0.000000,0.0000,0.000000
6465,0.000000,0.0000,0.000000
6466,0.000000,0.0000,0.000000
6467,0.000000,0.0000,0.000000
6468,0.000000,0.0000,0.000000
6469,0.000000,0.0000,0.000000
6470,0.000000,0.0000,0.000000
6471,0.000000,0.0000,0.000000
6472,0.000000,0.0000,0.000000
6473,0.000000,0.0000,0.000000
6474,0.000000,0.0000,0.000000
6475,0.000000,0.0000,0.000000
6476,0.000000,0.0000,0.000000
6477,0.000000,0.0000,0.000000
6478,0.000000,0.0000,0.000000
6479,0.000000,0.0000,0.000000
6480,0.000000,0.0000,0.000000
6481,0.000000,0.0000,0.000000
6482,0.000000,0.0000,0.000000
6483,0.000000,0.0000,0.000000
6484,0.000000,0.0000,0.000000
6485,0.000000,0.0000,0.000000
6486,0.000000,0.0000,0.000000
6487,0.000000,0.0000,0.000000
6488,0.000000,0.0000,0.000000
6489,0.000000,0.0000,0.000000
6490,0.000000,0.0000,0.000000
6491,0.000000,0.0000,0.000000
6492,0.000000,0.0000,0.000000
6493,0.000000,0.0000,0.000000
6494,0.000000,0.0000,0.000000
6495,0.000000,0.0000,0.000000
6496,0.000000,0.0000,0.000000
6497,0.000000,0.0000,0.000000
6498,0.000000,0.0000,0.000000
6499,0.000000,0.0000,0.000000
6500,0.000000,0.0000,0.000000
6501,0.000000,0.0000,0.000000
6502,0.000000,0.0000,0.000000
6503,0.000000,0.0000,0.000000
6504,0.000000,0.0000,0.000000
6505,0.000000,0.0000,0.000000
6506,0.000000,0.0000,0.000000
6507,0.000000,0.0000,0.000000
6508,0.000000,0.0000,0.000000
6509,0.000000,0.0000,0.000000
6510,0.000000,0.0000,0.000000
6511,0.000000,0.0000,0.000000
6512,0.000000,0.0000,0.000000
6513,0.000000,0.0000,0.000000
6514,0.000000,0.0000,0.000000
6515,0.000000,0.0000,0.000000
6516,0.000000,0.0000,0.000000
6517,0.000000,0.0000,0.000000
6518,0.000000,0.0000,0.000000
6519,0.000000,0.0000,0.000000
6520,0.000000,0.0000,0.000000
6521,0.000000,0.0000,0.000000
6522,0.000000,0.0000,0.000000
6523,0.000000,0.0000,0.000000
6524,0.000000,0.0000,0.000000
6525,0.000000,0.0000,0.000000
6526,0.000000,0.0000,0.000000
6527,0.000000,0.0000,0.000000
6528,0.000000,0.0000,0.000000
6529,0.000000,0.0000,0.000000
6530,0.000000,0.0000,0.000000
6531,0.000000,0.0000,0.000000
6532,0.000000,0.0000,0.000000
6533,0.000000,0.0000,0.000000
6534,0.000000,0.0000,0.000000
6535,0.000000,0.0000,0.000000
6536,0.000000,0.0000,0.000000
6537,0.000000,0.0000,0.000000
6538,0.000000,0.0000,0.000000
6539,0.000000,0.0000,0.000000
6540,0.000000,0.0000,0.000000
6541,0.000000,0.0000,0.000000
6542,0.000000,0.0000,0.000000
6543,0.000000,0.0000,0.000000
6544,0.000000,0.0000,0.000000
6545,0.000000,0.0000,0.000000
6546,0.000000,0.0000,0.000000
6547,0.000000,0.0000,0.000000
6548,0.000000,0.0000,0.000000
6549,0.000000,0.0000,0.000000
6550,0.000000,0.0000,0.000000
6551,0.000000,0.0000,0.000000
6552,0.000000,0.0000,0.000000
6553,0.000000,0.0000,0.000000
6554,0.000000,0.0000,0.000000
6555,0.000000,0.0000,0.000000
6556,0.000000,0.0000,0.000000
6557,0.000000,0.0000,0.000000
6558,0.000000,0.0000,0.000000
6559,0.000000,0.0000,0.000000
6560,0.000000,0.0000,0.000000
6561,0.000000,0.0000,0.000000
6562,0.000000,0.0000,0.000000
6563,0.000000,0.0000,0.000000
6564,0.000000,0.0000,0.000000
6565,0.000000,0.0000,0.000000
6566,0.000000,0.0000,0.000000
6567,0.000000,0.0000,0.000000
6568,0.000000,0.0000,0.000000
6569,0.000000,0.0000,0.000000
6570,0.000000,0.0000,0.000000
6571,0.000000,0.0000,0.000000
6572,0.000000,0.0000,0.000000
6573,0.000000,0.0000,0.000000
6574,0.000000,0.0000,0.000000
6575,0.000000,0.0000,0.000000
6576,0.000000,0.0000,0.000000
6577,0.000000,0.0000,0.000000
6578,0.000000,0.0000,0.000000
6579,0.000000,0.0000,0.000000
6580,0.000000,0.0000,0.000000
6581,0.000000,0.0000,0.000000
6582,0.000000,0.0000,0.000000
6583,0.000000,0.0000,0.000000
6584,0.000000,0.0000,0.000000
6585,0.000000,0.0000,0.000000
6586,0.000000,0.0000,0.000000
6587,0.000000,0.0000,0.000000
6588,0.000000,0.0000,0.000000
6589,0.000000,0.0000,0.000000
6590,0.000000,0.0000,0.000000
6591,0.000000,0.0000,0.000000
6592,0.000000,0.0000,0.000000
6593,0.000000,0.0000,0.000000
6594,0.000000,0.0000,0.000000
6595,0.000000,0.0000,0.000000
6596,0.000000,0.0000,0.000000
6597,0.000000,0.0000,0.000000
6598,0.000000,0.0000,0.000000
6599,0.000000,0.0000,0.000000
6600,0.000000,0.0000,0.000000
6601,0.000000,0.0000,0.000000
6602,0.000000,0.0000,0.000000
6603,0.000000,0.0000,0.000000
6604,0.000000,0.0000,0.000000
6605,0.000000,0.0000,0.000000
6606,0.000000,0.0000,0.000000
6607,0.000000,0.0000,0.000000
6608,0.000000,0.0000,0.000000
6609,0.000000,0.0000,0.000000
6610,0.000000,0.0000,0.000000
6611,0.000000,0.0000,0.000000
6612,0.000000,0.0000,0.000000
6613,0.000000,0.0000,0.000000
6614,0.000000,0.0000,0.000000
6615,0.000000,0.0000,0.000000
6616,0.000000,0.0000,0.000000
6617,0.000000,0.0000,0.000000
6618,0.000000,0.0000,0.000000
6619,0.000000,0.0000,0.000000
6620,0.000000,0.0000,0.000000
6621,0.000000,0.0000,0.000000
6622,0.000000,0.0000,0.000000
6623,0.000000,0.0000,0.000000
6624,0.000000,0.0000,0.000000
6625,0.000000,0.0000,0.000000
6626,0.000000,0.0000,0.000000
6627,0.000000,0.0000,0.000000
6628,0.000000,0.0000,0.000000
6629,0.012144,5.6745,0.060277
6630,0.018932,8.8459,0.087679
6631,0.018218,8.5123,0.084795
6632,0.018782,8.7760,0.087074
6633,0.012734,5.9501,0.062673
6634,0.038459,17.9701,0.070214
6635,0.000000,0.0000,0.000000
6636,0.008823,4.1228,0.078659
6637,0.011934,5.5761,0.096422
6638,0.008672,4.0520,0.079959
6639,0.006714,3.1369,0.069114
6640,0.004739,2.2145,0.071107
6641,0.139515,65.1895,0.093994
6642,0.138457,64.6952,0.092836
6643,0.171074,79.9354,0.108319
6644,0.170878,79.8439,0.111814
6645,0.175943,82.2107,0.113942
6646,0.183978,85.9652,0.117763
6647,0.148731,69.4955,0.106443
6648,0.167196,78.1236,0.112448
6649,0.157605,73.6418,0.113339
6650,0.145295,67.8900,0.113040
6651,0.154191,72.0466,0.115244
6652,0.178256,83.2915,0.120923
6653,0.196645,91.8837,0.129321
6654,0.193056,90.2068,0.130413
6655,0.181703,84.9019,0.125579
6656,0.213266,99.6501,0.137904
6657,0.225064,105.1630,0.140104
6658,0.212516,99.2994,0.134479
6659,0.206958,96.7027,0.128002
6660,0.213725,99.8644,0.130565
6661,0.208616,97.4774,0.127236
6662,0.200227,93.5574,0.126096
6663,0.191343,89.4065,0.127731
6664,0.191596,89.5244,0.129029
6665,0.195430,91.3163,0.126736
6666,0.205953,96.2331,0.133367
6667,0.158199,73.9196,0.112261
6668,0.175590,82.0455,0.117903
6669,0.176552,82.4953,0.115954
6670,0.177657,83.0117,0.116214
6671,0.168468,78.7179,0.109570
6672,0.155375,72.5999,0.109050
6673,0.156785,73.2589,0.113673
6674,0.172510,80.6063,0.119214
6675,0.123249,57.5890,0.100314
6676,0.005012,2.3418,0.074009
6677,0.000000,0.0000,0.000000
6678,0.000000,0.0000,0.000000
6679,0.000000,0.0000,0.000000
6680,0.000000,0.0000,0.000000
6681,0.000000,0.0000,0.000000
6682,0.000000,0.0000,0.000000
6683,0.000000,0.0000,0.000000
6684,0.000000,0.0000,0.000000
6685,0.000000,0.0000,0.000000
6686,0.000000,0.0000,0.000000
6687,0.000000,0.0000,0.000000
6688,0.000000,0.0000,0.000000
6689,0.000000,0.0000,0.000000
6690,0.000000,0.0000,0.000000
6691,0.000000,0.0000,0.000000
6692,0.000000,0.0000,0.000000
6693,0.000000,0.0000,0.000000
6694,0.000000,0.0000,0.000000
6695,0.000000,0.0000,0.000000
6696,0.000000,0.0000,0.000000
6697,0.000000,0.0000,0.000000
6698,0.000000,0.0000,0.000000
6699,0.000000,0.0000,0.000000
6700,0.000000,0.0000,0.000000
6701,0.000000,0.0000,0.000000
6702,0.000000,0.0000,0.000000
6703,0.137363,64.1841,0.049219
6704,0.209394,97.8408,0.072703
6705,0.250759,117.1689,0.087523
6706,0.265138,123.8875,0.090780
6707,0.246953,115.3908,0.088411
6708,0.309240,144.4944,0.112214
6709,0.286304,133.7778,0.102961
6710,0.320039,149.5404,0.118799
6711,0.307752,143.7992,0.111866
6712,0.311515,145.5577,0.114831
6713,0.303588,141.8537,0.111191
6714,0.290190,135.5933,0.103637
6715,0.278114,129.9509,0.098408
6716,0.258538,120.8035,0.087593
6717,0.277732,129.7721,0.099327
6718,0.259626,121.3119,0.088601
6719,0.235706,110.1354,0.075717
6720,0.263073,122.9227,0.086001
6721,0.124603,58.2218,0.000000
6722,0.109734,51.2741,0.000000
6723,0.077761,36.3342,0.000000
6724,0.065788,30.7399,0.000000
6725,0.082045,38.3362,0.045313
6726,0.112954,52.7787,0.081974
6727,0.121724,56.8764,0.079697
6728,0.147196,68.7783,0.094042
6729,0.149048,69.6439,0.095286
6730,0.172449,80.5780,0.117131
6731,0.161716,75.5628,0.106518
6732,0.175700,82.0969,0.113536
6733,0.153070,71.5229,0.102238
6734,0.136939,63.9857,0.091236
6735,0.147650,68.9905,0.094939
6736,0.131832,61.5994,0.092070
6737,0.112949,52.7764,0.074964
6738,0.129965,60.7269,0.086101
6739,0.150525,70.3341,0.096529
6740,0.144249,67.4015,0.078034
6741,0.120930,56.5055,0.000000
6742,0.226500,105.8339,0.052199
6743,0.288063,134.5995,0.074926
6744,0.240626,112.4341,0.067666
6745,0.289003,135.0388,0.078889
6746,0.324890,151.8072,0.089865
6747,0.319138,149.1197,0.086793
6748,0.279721,130.7018,0.077108
6749,0.317526,148.3662,0.096821
6750,0.326665,152.6366,0.101318
6751,0.238292,111.3437,0.094368
6752,0.253927,118.6490,0.101685
6753,0.221151,103.3344,0.088601
6754,0.185578,86.7125,0.071828
6755,0.000000,0.0000,0.000000
6756,0.061157,28.5763,0.043651
6757,0.082077,38.3512,0.058750
6758,0.049374,23.0702,0.034460
6759,0.077549,36.2352,0.054871
6760,0.092634,43.2841,0.065718
6761,0.066994,31.3034,0.046827
6762,0.080484,37.6066,0.056562
6763,0.088201,41.2127,0.062612
6764,0.000000,0.0000,0.000000
6765,0.000000,0.0000,0.000000
6766,0.000000,0.0000,0.000000
6767,0.000000,0.0000,0.000000
6768,0.000000,0.0000,0.000000
6769,0.000000,0.0000,0.000000
6770,0.000000,0.0000,0.000000
6771,0.000000,0.0000,0.000000
6772,0.000000,0.0000,0.000000
6773,0.000000,0.0000,0.000000
6774,0.000000,0.0000,0.000000
6775,0.000000,0.0000,0.000000
6776,0.000000,0.0000,0.000000
6777,0.000000,0.0000,0.000000
6778,0.000000,0.0000,0.000000
6779,0.000000,0.0000,0.000000
6780,0.000000,0.0000,0.000000
6781,0.000000,0.0000,0.000000
6782,0.000000,0.0000,0.000000
6783,0.000000,0.0000,0.000000
6784,0.000000,0.0000,0.000000
6785,0.000000,0.0000,0.000000
6786,0.000000,0.0000,0.000000
6787,0.000000,0.0000,0.000000
6788,0.000000,0.0000,0.000000
6789,0.000000,0.0000,0.000000
6790,0.000000,0.0000,0.000000
6791,0.000000,0.0000,0.000000
6792,0.000000,0.0000,0.000000
6793,0.000000,0.0000,0.000000
6794,0.000000,0.0000,0.000000
6795,0.000000,0.0000,0.000000
6796,0.000000,0.0000,0.000000
6797,0.000000,0.0000,0.000000
6798,0.000000,0.0000,0.000000
6799,0.000000,0.0000,0.000000
6800,0.000000,0.0000,0.000000
6801,0.000000,0.0000,0.000000
6802,0.000000,0.0000,0.000000
6803,0.000000,0.0000,0.000000
6804,0.000000,0.0000,0.000000
6805,0.000000,0.0000,0.000000
6806,0.000000,0.0000,0.000000
6807,0.000000,0.0000,0.000000
6808,0.000000,0.0000,0.000000
6809,0.000000,0.0000,0.000000
6810,0.000000,0.0000,0.000000
6811,0.000000,0.0000,0.000000
6812,0.000000,0.0000,0.000000
6813,0.000000,0.0000,0.000000
6814,0.000000,0.0000,0.000000
6815,0.000000,0.0000,0.000000
6816,0.000000,0.0000,0.000000
6817,0.000000,0.0000,0.000000
6818,0.000000,0.0000,0.000000
6819,0.000000,0.0000,0.000000
6820,0.000000,0.0000,0.000000
6821,0.000000,0.0000,0.000000
6822,0.000000,0.0000,0.000000
6823,0.000000,0.0000,0.000000
6824,0.000000,0.0000,0.000000
6825,0.000000,0.0000,0.000000
6826,0.000000,0.0000,0.000000
6827,0.000000,0.0000,0.000000
6828,0.000000,0.0000,0.000000
6829,0.000000,0.0000,0.000000
6830,0.000000,0.0000,0.000000
6831,0.000000,0.0000,0.000000
6832,0.000000,0.0000,0.000000
6833,0.000000,0.0000,0.000000
6834,0.000000,0.0000,0.000000
6835,0.000000,0.0000,0.000000
6836,0.000000,0.0000,0.000000
6837,0.000000,0.0000,0.000000
6838,0.000000,0.0000,0.000000
6839,0.000000,0.0000,0.000000
6840,0.000000,0.0000,0.000000
6841,0.000000,0.0000,0.000000
6842,0.000000,0.0000,0.000000
6843,0.000000,0.0000,0.000000
6844,0.000000,0.0000,0.000000
6845,0.000000,0.0000,0.000000
6846,0.000000,0.0000,0.000000
6847,0.000000,0.0000,0.000000
6848,0.000000,0.0000,0.000000
6849,0.000000,0.0000,0.000000
6850,0.000000,0.0000,0.000000
6851,0.000000,0.0000,0.000000
6852,0.000000,0.0000,0.000000
6853,0.000000,0.0000,0.000000
6854,0.000000,0.0000,0.000000
6855,0.000000,0.0000,0.000000
6856,0.000000,0.0000,0.000000
6857,0.000000,0.0000,0.000000
6858,0.000000,0.0000,0.000000
6859,0.000000,0.0000,0.000000
6860,0.000000,0.0000,0.000000
6861,0.000000,0.0000,0.000000
6862,0.000000,0.0000,0.000000
6863,0.000000,0.0000,0.000000
6864,0.000000,0.0000,0.000000
6865,0.000000,0.0000,0.000000
6866,0.000000,0.0000,0.000000
6867,0.000000,0.0000,0.000000
6868,0.000000,0.0000,0.000000
6869,0.000000,0.0000,0.000000
6870,0.000000,0.0000,0.000000
6871,0.000000,0.0000,0.000000
6872,0.000000,0.0000,0.000000
6873,0.000000,0.0000,0.000000
6874,0.000000,0.0000,0.000000
6875,0.000000,0.0000,0.000000
6876,0.000000,0.0000,0.000000
6877,0.000000,0.0000,0.000000
6878,0.000000,0.0000,0.000000
6879,0.000000,0.0000,0.000000
6880,0.000000,0.0000,0.000000
6881,0.000000,0.0000,0.000000
6882,0.025788,12.0494,0.000000
6883,0.034776,16.2493,0.000000
6884,0.040488,18.9181,0.000000
6885,0.051346,23.9919,0.000000
6886,0.041701,19.4852,0.000000
6887,0.037093,17.3318,0.000000
6888,0.043829,20.4794,0.000000
6889,0.043552,20.3500,0.000000
6890,0.025906,12.1049,0.000000
6891,0.033411,15.6117,0.000000
6892,0.026067,12.1798,0.000000
6893,0.024599,11.4938,0.000000
6894,0.000000,0.0000,0.000000
6895,0.000000,0.0000,0.000000
6896,0.000000,0.0000,0.000000
6897,0.000000,0.0000,0.000000
6898,0.000000,0.0000,0.000000
6899,0.000000,0.0000,0.000000
6900,0.000000,0.0000,0.000000
6901,0.000000,0.0000,0.000000
6902,0.000000,0.0000,0.000000
6903,0.000000,0.0000,0.000000
6904,0.000000,0.0000,0.000000
6905,0.000000,0.0000,0.000000
6906,0.000000,0.0000,0.000000
6907,0.000000,0.0000,0.000000
6908,0.000000,0.0000,0.000000
6909,0.000000,0.0000,0.000000
6910,0.000000,0.0000,0.000000
6911,0.000000,0.0000,0.000000
6912,0.000000,0.0000,0.000000
6913,0.000000,0.0000,0.000000
6914,0.000000,0.0000,0.000000
6915,0.000000,0.0000,0.000000
6916,0.000000,0.0000,0.000000
6917,0.000000,0.0000,0.000000
6918,0.000000,0.0000,0.000000
6919,0.000000,0.0000,0.000000
6920,0.000000,0.0000,0.000000
6921,0.000000,0.0000,0.000000
6922,0.000000,0.0000,0.000000
6923,0.000000,0.0000,0.000000
6924,0.000000,0.0000,0.000000
6925,0.000000,0.0000,0.000000
6926,0.000000,0.0000,0.000000
6927,0.000000,0.0000,0.000000
6928,0.000000,0.0000,0.000000
6929,0.000000,0.0000,0.000000
6930,0.000000,0.0000,0.000000
6931,0.000000,0.0000,0.000000
6932,0.000000,0.0000,0.000000
6933,0.000000,0.0000,0.000000
6934,0.000000,0.0000,0.000000
6935,0.000000,0.0000,0.000000
6936,0.000000,0.0000,0.000000
6937,0.000000,0.0000,0.000000
6938,0.000000,0.0000,0.000000
6939,0.000000,0.0000,0.000000
6940,0.000000,0.0000,0.000000
6941,0.000000,0.0000,0.000000
6942,0.000000,0.0000,0.000000
6943,0.000000,0.0000,0.000000
6944,0.000000,0.0000,0.000000
6945,0.000000,0.0000,0.000000
6946,0.000000,0.0000,0.000000
6947,0.000000,0.0000,0.000000
6948,0.000000,0.0000,0.000000
6949,0.000000,0.0000,0.000000
6950,0.000000,0.0000,0.000000
6951,0.000000,0.0000,0.000000
6952,0.000000,0.0000,0.000000
6953,0.000000,0.0000,0.000000
6954,0.000000,0.0000,0.000000
6955,0.000000,0.0000,0.000000
6956,0.000000,0.0000,0.000000
6957,0.000000,0.0000,0.000000
6958,0.000000,0.0000,0.000000
6959,0.000000,0.0000,0.000000
6960,0.000000,0.0000,0.000000
6961,0.000000,0.0000,0.000000
6962,0.000000,0.0000,0.000000
6963,0.000000,0.0000,0.000000
6964,0.000000,0.0000,0.000000
6965,0.000000,0.0000,0.000000
6966,0.000000,0.0000,0.000000
6967,0.000000,0.0000,0.000000
6968,0.045204,21.1218,0.000000
6969,0.024314,11.3608,0.000000
6970,0.077680,36.2965,0.000000
6971,0.082566,38.5796,0.000000
6972,0.078374,36.6209,0.000000
6973,0.096527,45.1027,0.000000
6974,0.099686,46.5788,0.000000
6975,0.090842,42.4464,0.000000
6976,0.085042,39.7363,0.000000
6977,0.088510,41.3567,0.000000
6978,0.077945,36.4205,0.000000
6979,0.088500,41.3523,0.000000
6980,0.000000,0.0000,0.000000
6981,0.000000,0.0000,0.000000
6982,0.000000,0.0000,0.000000
6983,0.000000,0.0000,0.000000
6984,0.000000,0.0000,0.000000
6985,0.000000,0.0000,0.000000
6986,0.000000,0.0000,0.000000
6987,0.000000,0.0000,0.000000
6988,0.000000,0.0000,0.000000
6989,0.000000,0.0000,0.000000
6990,0.000000,0.0000,0.000000
6991,0.000000,0.0000,0.000000
6992,0.000000,0.0000,0.000000
6993,0.000000,0.0000,0.000000
6994,0.000000,0.0000,0.000000
6995,0.000000,0.0000,0.000000
6996,0.000000,0.0000,0.000000
6997,0.000000,0.0000,0.000000
6998,0.000000,0.0000,0.000000
6999,0.000000,0.0000,0.000000
7000,0.000000,0.0000,0.000000
7001,0.000000,0.0000,0.000000
7002,0.000000,0.0000,0.000000
7003,0.000000,0.0000,0.000000
7004,0.000000,0.0000,0.000000
7005,0.000000,0.0000,0.000000
7006,0.000000,0.0000,0.000000
7007,0.000000,0.0000,0.000000
7008,0.000000,0.0000,0.000000
7009,0.000000,0.0000,0.000000
7010,0.000000,0.0000,0.000000
7011,0.000000,0.0000,0.000000
7012,0.000000,0.0000,0.000000
7013,0.000000,0.0000,0.000000
7014,0.000000,0.0000,0.000000
7015,0.000000,0.0000,0.000000
7016,0.000000,0.0000,0.000000
7017,0.000000,0.0000,0.000000
7018,0.000000,0.0000,0.000000
7019,0.000000,0.0000,0.000000
7020,0.000000,0.0000,0.000000
7021,0.000000,0.0000,0.000000
7022,0.000000,0.0000,0.000000
7023,0.000000,0.0000,0.000000
7024,0.000000,0.0000,0.000000
7025,0.000000,0.0000,0.000000
7026,0.000000,0.0000,0.000000
7027,0.000000,0.0000,0.000000
7028,0.000000,0.0000,0.000000
7029,0.000000,0.0000,0.000000
7030,0.000000,0.0000,0.000000
7031,0.000000,0.0000,0.000000
7032,0.000000,0.0000,0.000000
7033,0.000000,0.0000,0.000000
7034,0.000000,0.0000,0.000000
7035,0.000000,0.0000,0.000000
7036,0.000000,0.0000,0.000000
7037,0.000000,0.0000,0.000000
7038,0.000000,0.0000,0.000000
7039,0.000000,0.0000,0.000000
7040,0.000000,0.0000,0.000000
7041,0.000000,0.0000,0.000000
7042,0.000000,0.0000,0.000000
7043,0.000000,0.0000,0.000000
7044,0.000000,0.0000,0.000000
7045,0.000000,0.0000,0.000000
7046,0.000000,0.0000,0.000000
7047,0.000000,0.0000,0.000000
7048,0.000000,0.0000,0.000000
7049,0.000000,0.0000,0.000000
7050,0.000000,0.0000,0.000000
7051,0.000000,0.0000,0.000000
7052,0.000000,0.0000,0.000000
7053,0.000000,0.0000,0.000000
7054,0.000000,0.0000,0.000000
7055,0.000000,0.0000,0.000000
7056,0.000000,0.0000,0.000000
7057,0.000000,0.0000,0.000000
7058,0.000000,0.0000,0.000000
7059,0.000000,0.0000,0.000000
7060,0.000000,0.0000,0.000000
7061,0.000000,0.0000,0.000000
7062,0.000000,0.0000,0.000000
7063,0.000000,0.0000,0.000000
7064,0.000000,0.0000,0.000000
7065,0.000000,0.0000,0.000000
7066,0.000000,0.0000,0.000000
7067,0.000000,0.0000,0.000000
7068,0.000000,0.0000,0.000000
7069,0.000000,0.0000,0.000000
7070,0.000000,0.0000,0.000000
7071,0.000000,0.0000,0.000000
7072,0.000000,0.0000,0.000000
7073,0.000000,0.0000,0.000000
7074,0.000000,0.0000,0.000000
7075,0.000000,0.0000,0.000000
7076,0.000000,0.0000,0.000000
7077,0.000000,0.0000,0.000000
7078,0.000000,0.0000,0.000000
7079,0.000000,0.0000,0.000000
7080,0.000000,0.0000,0.000000
7081,0.000000,0.0000,0.000000
7082,0.000000,0.0000,0.000000
7083,0.000000,0.0000,0.000000
7084,0.000000,0.0000,0.000000
7085,0.000000,0.0000,0.000000
7086,0.000000,0.0000,0.000000
7087,0.000000,0.0000,0.000000
7088,0.000000,0.0000,0.000000
7089,0.000000,0.0000,0.000000
7090,0.000000,0.0000,0.000000
7091,0.000000,0.0000,0.000000
7092,0.000000,0.0000,0.000000
7093,0.000000,0.0000,0.000000
7094,0.000000,0.0000,0.000000
7095,0.000000,0.0000,0.000000
7096,0.000000,0.0000,0.000000
7097,0.000000,0.0000,0.000000
7098,0.000000,0.0000,0.000000
7099,0.000000,0.0000,0.000000
7100,0.000000,0.0000,0.000000
7101,0.000000,0.0000,0.000000
7102,0.000000,0.0000,0.000000
7103,0.000000,0.0000,0.000000
7104,0.000000,0.0000,0.000000
7105,0.000000,0.0000,0.000000
7106,0.000000,0.0000,0.000000
7107,0.000000,0.0000,0.000000
7108,0.000000,0.0000,0.000000
7109,0.000000,0.0000,0.000000
7110,0.000000,0.0000,0.000000
7111,0.000000,0.0000,0.000000
7112,0.000000,0.0000,0.000000
7113,0.000000,0.0000,0.000000
7114,0.000000,0.0000,0.000000
7115,0.000000,0.0000,0.000000
7116,0.000000,0.0000,0.000000
7117,0.000000,0.0000,0.000000
7118,0.000000,0.0000,0.000000
7119,0.000000,0.0000,0.000000
7120,0.000000,0.0000,0.000000
7121,0.000000,0.0000,0.000000
7122,0.000000,0.0000,0.000000
7123,0.000000,0.0000,0.000000
7124,0.000000,0.0000,0.000000
7125,0.000000,0.0000,0.000000
7126,0.000000,0.0000,0.000000
7127,0.000000,0.0000,0.000000
7128,0.000000,0.0000,0.000000
7129,0.000000,0.0000,0.000000
7130,0.000000,0.0000,0.000000
7131,0.000000,0.0000,0.000000
7132,0.000000,0.0000,0.000000
7133,0.000000,0.0000,0.000000
7134,0.000000,0.0000,0.000000
7135,0.000000,0.0000,0.000000
7136,0.000000,0.0000,0.000000
7137,0.000000,0.0000,0.000000
7138,0.000000,0.0000,0.000000
7139,0.000000,0.0000,0.000000
7140,0.000000,0.0000,0.000000
7141,0.000000,0.0000,0.000000
7142,0.000000,0.0000,0.000000
7143,0.000000,0.0000,0.000000
7144,0.000000,0.0000,0.000000
7145,0.000000,0.0000,0.000000
7146,0.000000,0.0000,0.000000
7147,0.000000,0.0000,0.000000
7148,0.000000,0.0000,0.000000
7149,0.000000,0.0000,0.000000
7150,0.000000,0.0000,0.000000
7151,0.000000,0.0000,0.000000
7152,0.000000,0.0000,0.000000
7153,0.000000,0.0000,0.000000
7154,0.000000,0.0000,0.000000
7155,0.000000,0.0000,0.000000
7156,0.000000,0.0000,0.000000
7157,0.000000,0.0000,0.000000
7158,0.000000,0.0000,0.000000
7159,0.000000,0.0000,0.000000
7160,0.000000,0.0000,0.000000
7161,0.000000,0.0000,0.000000
7162,0.000000,0.0000,0.000000
7163,0.000000,0.0000,0.000000
7164,0.000000,0.0000,0.000000
7165,0.000000,0.0000,0.000000
7166,0.000000,0.0000,0.000000
7167,0.000000,0.0000,0.000000
7168,0.000000,0.0000,0.000000
7169,0.000000,0.0000,0.000000
7170,0.000000,0.0000,0.000000
7171,0.000000,0.0000,0.000000
7172,0.000000,0.0000,0.000000
7173,0.000000,0.0000,0.000000
7174,0.000000,0.0000,0.000000
7175,0.000000,0.0000,0.000000
7176,0.000000,0.0000,0.000000
7177,0.000000,0.0000,0.000000
7178,0.000000,0.0000,0.000000
7179,0.000000,0.0000,0.000000
7180,0.000000,0.0000,0.000000
7181,0.000000,0.0000,0.000000
7182,0.000000,0.0000,0.000000
7183,0.000000,0.0000,0.000000
7184,0.000000,0.0000,0.000000
7185,0.000000,0.0000,0.000000
7186,0.000000,0.0000,0.000000
7187,0.000000,0.0000,0.000000
7188,0.000000,0.0000,0.000000
7189,0.000000,0.0000,0.000000
7190,0.000000,0.0000,0.000000
7191,0.000000,0.0000,0.000000
7192,0.000000,0.0000,0.000000
7193,0.000000,0.0000,0.000000
7194,0.000000,0.0000,0.000000
7195,0.000000,0.0000,0.000000
7196,0.000000,0.0000,0.000000
7197,0.000000,0.0000,0.000000
7198,0.000000,0.0000,0.000000
7199,0.000000,0.0000,0.000000
7200,0.000000,0.0000,0.000000
7201,0.000000,0.0000,0.000000
7202,0.000000,0.0000,0.000000
7203,0.000000,0.0000,0.000000
7204,0.000000,0.0000,0.000000
7205,0.000000,0.0000,0.000000
7206,0.000000,0.0000,0.000000
7207,0.000000,0.0000,0.000000
7208,0.000000,0.0000,0.000000
7209,0.000000,0.0000,0.000000
7210,0.000000,0.0000,0.000000
7211,0.000000,0.0000,0.000000
7212,0.000000,0.0000,0.000000
7213,0.000000,0.0000,0.000000
7214,0.000000,0.0000,0.000000
7215,0.000000,0.0000,0.000000
7216,0.000000,0.0000,0.000000
7217,0.000000,0.0000,0.000000
7218,0.000000,0.0000,0.000000
7219,0.000000,0.0000,0.000000
7220,0.000000,0.0000,0.000000
7221,0.000000,0.0000,0.000000
7222,0.000000,0.0000,0.000000
7223,0.000000,0.0000,0.000000
7224,0.000000,0.0000,0.000000
7225,0.000000,0.0000,0.000000
7226,0.000000,0.0000,0.000000
7227,0.000000,0.0000,0.000000
7228,0.000000,0.0000,0.000000
7229,0.000000,0.0000,0.000000
7230,0.000000,0.0000,0.000000
7231,0.000000,0.0000,0.000000
7232,0.000000,0.0000,0.000000
7233,0.000000,0.0000,0.000000
7234,0.000000,0.0000,0.000000
7235,0.000000,0.0000,0.000000
7236,0.000000,0.0000,0.000000
7237,0.000000,0.0000,0.000000
7238,0.000000,0.0000,0.000000
7239,0.000000,0.0000,0.000000
7240,0.000000,0.0000,0.000000
7241,0.000000,0.0000,0.000000
7242,0.000000,0.0000,0.000000
7243,0.000000,0.0000,0.000000
7244,0.000000,0.0000,0.000000
7245,0.000000,0.0000,0.000000
7246,0.000000,0.0000,0.000000
7247,0.000000,0.0000,0.000000
7248,0.000000,0.0000,0.000000
7249,0.000000,0.0000,0.000000
7250,0.000000,0.0000,0.000000
7251,0.000000,0.0000,0.000000
7252,0.000000,0.0000,0.000000
7253,0.000000,0.0000,0.000000
7254,0.000000,0.0000,0.000000
7255,0.000000,0.0000,0.000000
7256,0.000000,0.0000,0.000000
7257,0.000000,0.0000,0.000000
7258,0.000000,0.0000,0.000000
7259,0.000000,0.0000,0.000000
7260,0.000000,0.0000,0.000000
7261,0.000000,0.0000,0.000000
7262,0.000000,0.0000,0.000000
7263,0.000000,0.0000,0.000000
7264,0.000000,0.0000,0.000000
7265,0.000000,0.0000,0.000000
7266,0.000000,0.0000,0.000000
7267,0.000000,0.0000,0.000000
7268,0.000000,0.0000,0.000000
7269,0.000000,0.0000,0.000000
7270,0.000000,0.0000,0.000000
7271,0.000000,0.0000,0.000000
7272,0.000000,0.0000,0.000000
7273,0.000000,0.0000,0.000000
7274,0.000000,0.0000,0.000000
7275,0.000000,0.0000,0.000000
7276,0.000000,0.0000,0.000000
7277,0.000000,0.0000,0.000000
7278,0.000000,0.0000,0.000000
7279,0.000000,0.0000,0.000000
7280,0.000000,0.0000,0.000000
7281,0.000000,0.0000,0.000000
7282,0.000000,0.0000,0.000000
7283,0.000000,0.0000,0.000000
7284,0.000000,0.0000,0.000000
7285,0.000000,0.0000,0.000000
7286,0.000000,0.0000,0.000000
7287,0.000000,0.0000,0.000000
7288,0.000000,0.0000,0.000000
7289,0.000000,0.0000,0.000000
7290,0.000000,0.0000,0.000000
7291,0.000000,0.0000,0.000000
7292,0.000000,0.0000,0.000000
7293,0.000000,0.0000,0.000000
7294,0.000000,0.0000,0.000000
7295,0.000000,0.0000,0.000000
7296,0.000000,0.0000,0.000000
7297,0.000000,0.0000,0.000000
7298,0.000000,0.0000,0.000000
7299,0.000000,0.0000,0.000000
7300,0.000000,0.0000,0.000000
7301,0.000000,0.0000,0.000000
7302,0.000000,0.0000,0.000000
7303,0.000000,0.0000,0.000000
7304,0.000000,0.0000,0.000000
7305,0.000000,0.0000,0.000000
7306,0.000000,0.0000,0.000000
7307,0.000000,0.0000,0.000000
7308,0.000000,0.0000,0.000000
7309,0.000000,0.0000,0.000000
7310,0.000000,0.0000,0.000000
7311,0.000000,0.0000,0.000000
7312,0.000000,0.0000,0.000000
7313,0.000000,0.0000,0.000000
7314,0.000000,0.0000,0.000000
7315,0.000000,0.0000,0.000000
7316,0.000000,0.0000,0.000000
7317,0.000000,0.0000,0.000000
7318,0.000000,0.0000,0.000000
7319,0.000000,0.0000,0.000000
7320,0.000000,0.0000,0.000000
7321,0.000000,0.0000,0.000000
7322,0.000000,0.0000,0.000000
7323,0.000000,0.0000,0.000000
7324,0.000000,0.0000,0.000000
7325,0.000000,0.0000,0.000000
7326,0.000000,0.0000,0.000000
7327,0.000000,0.0000,0.000000
7328,0.000000,0.0000,0.000000
7329,0.000000,0.0000,0.000000
7330,0.000000,0.0000,0.000000
7331,0.000000,0.0000,0.000000
7332,0.000000,0.0000,0.000000
7333,0.000000,0.0000,0.000000
7334,0.000000,0.0000,0.000000
7335,0.000000,0.0000,0.000000
7336,0.000000,0.0000,0.000000
7337,0.000000,0.0000,0.000000
7338,0.000000,0.0000,0.000000
7339,0.000000,0.0000,0.000000
7340,0.000000,0.0000,0.000000
7341,0.000000,0.0000,0.000000
7342,0.000000,0.0000,0.000000
7343,0.000000,0.0000,0.000000
7344,0.000000,0.0000,0.000000
7345,0.000000,0.0000,0.000000
7346,0.000000,0.0000,0.000000
7347,0.000000,0.0000,0.000000
7348,0.000000,0.0000,0.000000
7349,0.000000,0.0000,0.000000
7350,0.000000,0.0000,0.000000
7351,0.000000,0.0000,0.000000
7352,0.000000,0.0000,0.000000
7353,0.000000,0.0000,0.000000
7354,0.000000,0.0000,0.000000
7355,0.000000,0.0000,0.000000
7356,0.000000,0.0000,0.000000
7357,0.000000,0.0000,0.000000
7358,0.000000,0.0000,0.000000
7359,0.000000,0.0000,0.000000
7360,0.000000,0.0000,0.000000
7361,0.000000,0.0000,0.000000
7362,0.000000,0.0000,0.000000
7363,0.000000,0.0000,0.000000
7364,0.000000,0.0000,0.000000
7365,0.000000,0.0000,0.000000
7366,0.000000,0.0000,0.000000
7367,0.000000,0.0000,0.000000
7368,0.000000,0.0000,0.000000
7369,0.000000,0.0000,0.000000
7370,0.000000,0.0000,0.000000
7371,0.000000,0.0000,0.000000
7372,0.000000,0.0000,0.000000
7373,0.000000,0.0000,0.000000
7374,0.000000,0.0000,0.000000
7375,0.000000,0.0000,0.000000
7376,0.000000,0.0000,0.000000
7377,0.000000,0.0000,0.000000
7378,0.000000,0.0000,0.000000
7379,0.000000,0.0000,0.000000
7380,0.000000,0.0000,0.000000
7381,0.000000,0.0000,0.000000
7382,0.000000,0.0000,0.000000
7383,0.000000,0.0000,0.000000
7384,0.000000,0.0000,0.000000
7385,0.000000,0.0000,0.000000
7386,0.000000,0.0000,0.000000
7387,0.000000,0.0000,0.000000
7388,0.000000,0.0000,0.000000
7389,0.000000,0.0000,0.000000
7390,0.000000,0.0000,0.000000
7391,0.000000,0.0000,0.000000
7392,0.000000,0.0000,0.000000
7393,0.000000,0.0000,0.000000
7394,0.000000,0.0000,0.000000
7395,0.000000,0.0000,0.000000
7396,0.020943,9.7856,0.063788
7397,0.000000,0.0000,0.000000
7398,0.000000,0.0000,0.000000
7399,0.000000,0.0000,0.000000
7400,0.000000,0.0000,0.000000
7401,0.000000,0.0000,0.000000
7402,0.000000,0.0000,0.000000
7403,0.000000,0.0000,0.000000
7404,0.000000,0.0000,0.000000
7405,0.000000,0.0000,0.000000
7406,0.000000,0.0000,0.000000
7407,0.000000,0.0000,0.000000
7408,0.000000,0.0000,0.000000
7409,0.000000,0.0000,0.000000
7410,0.000000,0.0000,0.000000
7411,0.000000,0.0000,0.000000
7412,0.000000,0.0000,0.000000
7413,0.000000,0.0000,0.000000
7414,0.000000,0.0000,0.000000
7415,0.000000,0.0000,0.000000
7416,0.000000,0.0000,0.000000
7417,0.000000,0.0000,0.000000
7418,0.000000,0.0000,0.000000
7419,0.000000,0.0000,0.000000
7420,0.000000,0.0000,0.000000
7421,0.000000,0.0000,0.000000
7422,0.000000,0.0000,0.000000
7423,0.000000,0.0000,0.000000
7424,0.000000,0.0000,0.000000
7425,0.000000,0.0000,0.000000
7426,0.000000,0.0000,0.000000
7427,0.000000,0.0000,0.000000
7428,0.000000,0.0000,0.000000
7429,0.000000,0.0000,0.000000
7430,0.000000,0.0000,0.000000
7431,0.000000,0.0000,0.000000
7432,0.000000,0.0000,0.000000
7433,0.000000,0.0000,0.000000
7434,0.000000,0.0000,0.000000
7435,0.000000,0.0000,0.000000
7436,0.000000,0.0000,0.000000
7437,0.000000,0.0000,0.000000
7438,0.000000,0.0000,0.000000
7439,0.000000,0.0000,0.000000
7440,0.000000,0.0000,0.000000
7441,0.000000,0.0000,0.000000
7442,0.000000,0.0000,0.000000
7443,0.000000,0.0000,0.000000
7444,0.000000,0.0000,0.000000
7445,0.000000,0.0000,0.000000
7446,0.000000,0.0000,0.000000
7447,0.000000,0.0000,0.000000
7448,0.000000,0.0000,0.000000
7449,0.000000,0.0000,0.000000
7450,0.000000,0.0000,0.000000
7451,0.000000,0.0000,0.000000
7452,0.000000,0.0000,0.000000
7453,0.000000,0.0000,0.000000
7454,0.000000,0.0000,0.000000
7455,0.000000,0.0000,0.000000
7456,0.000000,0.0000,0.000000
7457,0.000000,0.0000,0.000000
7458,0.000000,0.0000,0.000000
7459,0.000000,0.0000,0.000000
7460,0.000000,0.0000,0.000000
7461,0.000000,0.0000,0.000000
7462,0.000000,0.0000,0.000000
7463,0.000000,0.0000,0.000000
7464,0.000000,0.0000,0.000000
7465,0.000000,0.0000,0.000000
7466,0.000000,0.0000,0.000000
7467,0.000000,0.0000,0.000000
7468,0.066157,30.9124,0.039289
7469,0.120149,56.1404,0.072674
7470,0.114710,53.5993,0.069214
7471,0.133926,62.5781,0.081563
7472,0.119398,55.7895,0.072195
7473,0.000000,0.0000,0.000000
7474,0.000000,0.0000,0.000000
7475,0.000000,0.0000,0.000000
7476,0.000000,0.0000,0.000000
7477,0.000000,0.0000,0.000000
7478,0.000000,0.0000,0.052255
7479,0.000000,0.0000,0.064299
7480,0.000000,0.0000,0.000000
7481,0.000000,0.0000,0.000000
7482,0.000000,0.0000,0.000000
7483,0.000000,0.0000,0.082221
7484,0.000000,0.0000,0.059611
7485,0.000000,0.0000,0.000000
7486,0.000000,0.0000,0.000000
7487,0.000000,0.0000,0.000000
7488,0.000000,0.0000,0.000000
7489,0.000000,0.0000,0.000000
7490,0.000000,0.0000,0.000000
7491,0.000000,0.0000,0.000000
7492,0.000000,0.0000,0.000000
7493,0.000000,0.0000,0.000000
7494,0.000000,0.0000,0.000000
7495,0.000000,0.0000,0.000000
7496,0.000000,0.0000,0.000000
7497,0.000000,0.0000,0.000000
7498,0.000000,0.0000,0.000000
7499,0.000000,0.0000,0.000000
7500,0.000000,0.0000,0.000000
7501,0.000000,0.0000,0.000000
7502,0.000000,0.0000,0.000000
7503,0.000000,0.0000,0.000000
7504,0.000000,0.0000,0.000000
7505,0.000000,0.0000,0.000000
7506,0.000000,0.0000,0.000000
7507,0.000000,0.0000,0.000000
7508,0.000000,0.0000,0.000000
7509,0.000000,0.0000,0.000000
7510,0.000000,0.0000,0.000000
7511,0.000000,0.0000,0.000000
7512,0.000000,0.0000,0.000000
7513,0.000000,0.0000,0.000000
7514,0.000000,0.0000,0.000000
7515,0.000000,0.0000,0.000000
7516,0.000000,0.0000,0.000000
7517,0.000000,0.0000,0.000000
7518,0.000000,0.0000,0.000000
7519,0.000000,0.0000,0.000000
7520,0.000000,0.0000,0.000000
7521,0.000000,0.0000,0.000000
7522,0.000000,0.0000,0.000000
7523,0.000000,0.0000,0.000000
7524,0.000000,0.0000,0.000000
7525,0.000000,0.0000,0.000000
7526,0.000000,0.0000,0.000000
7527,0.000000,0.0000,0.000000
7528,0.000000,0.0000,0.000000
7529,0.000000,0.0000,0.000000
7530,0.000000,0.0000,0.000000
7531,0.000000,0.0000,0.000000
7532,0.000000,0.0000,0.000000
7533,0.000000,0.0000,0.000000
7534,0.000000,0.0000,0.000000
7535,0.000000,0.0000,0.000000
7536,0.000000,0.0000,0.000000
7537,0.000000,0.0000,0.000000
7538,0.000000,0.0000,0.000000
7539,0.000000,0.0000,0.000000
7540,0.000000,0.0000,0.000000
7541,0.000000,0.0000,0.000000
7542,0.000000,0.0000,0.000000
7543,0.000000,0.0000,0.000000
7544,0.000000,0.0000,0.000000
7545,0.000000,0.0000,0.000000
7546,0.000000,0.0000,0.000000
7547,0.000000,0.0000,0.000000
7548,0.000000,0.0000,0.000000
7549,0.000000,0.0000,0.000000
7550,0.000000,0.0000,0.000000
7551,0.000000,0.0000,0.000000
7552,0.000000,0.0000,0.000000
7553,0.000000,0.0000,0.000000
7554,0.000000,0.0000,0.000000
7555,0.000000,0.0000,0.000000
7556,0.000000,0.0000,0.000000
7557,0.000000,0.0000,0.000000
7558,0.000000,0.0000,0.000000
7559,0.000000,0.0000,0.000000
7560,0.000000,0.0000,0.000000
7561,0.000000,0.0000,0.000000
7562,0.000000,0.0000,0.000000
7563,0.000000,0.0000,0.000000
7564,0.000000,0.0000,0.000000
7565,0.000000,0.0000,0.000000
7566,0.000000,0.0000,0.000000
7567,0.000000,0.0000,0.000000
7568,0.000000,0.0000,0.000000
7569,0.000000,0.0000,0.000000
7570,0.000000,0.0000,0.000000
7571,0.000000,0.0000,0.000000
7572,0.000000,0.0000,0.000000
7573,0.000000,0.0000,0.000000
7574,0.000000,0.0000,0.000000
7575,0.000000,0.0000,0.000000
7576,0.000000,0.0000,0.000000
7577,0.000000,0.0000,0.000000
7578,0.000000,0.0000,0.000000
7579,0.000000,0.0000,0.000000
7580,0.000000,0.0000,0.000000
7581,0.000000,0.0000,0.000000
7582,0.000000,0.0000,0.000000
7583,0.000000,0.0000,0.000000
7584,0.000000,0.0000,0.000000
7585,0.000000,0.0000,0.000000
7586,0.000000,0.0000,0.000000
7587,0.000000,0.0000,0.000000
7588,0.000000,0.0000,0.000000
7589,0.000000,0.0000,0.000000
7590,0.000000,0.0000,0.000000
7591,0.000000,0.0000,0.000000
7592,0.000000,0.0000,0.000000
7593,0.000000,0.0000,0.000000
7594,0.000000,0.0000,0.000000
7595,0.000000,0.0000,0.000000
7596,0.000000,0.0000,0.000000
7597,0.000000,0.0000,0.000000
7598,0.000000,0.0000,0.000000
7599,0.000000,0.0000,0.000000
7600,0.000000,0.0000,0.000000
7601,0.000000,0.0000,0.000000
7602,0.000000,0.0000,0.000000
7603,0.000000,0.0000,0.000000
7604,0.000000,0.0000,0.000000
7605,0.000000,0.0000,0.000000
7606,0.000000,0.0000,0.051255
7607,0.000000,0.0000,0.000000
7608,0.000000,0.0000,0.071768
7609,0.000000,0.0000,0.000000
7610,0.000000,0.0000,0.000000
7611,0.000000,0.0000,0.000000
7612,0.008849,4.1347,0.075105
7613,0.012142,5.6733,0.096540
7614,0.013391,6.2569,0.104604
7615,0.013154,6.1465,0.103077
7616,0.011908,5.5642,0.095032
7617,0.010786,5.0398,0.087768
7618,0.011486,5.3670,0.092303
7619,0.013147,6.1430,0.103029
7620,0.011244,5.2540,0.090740
7621,0.008962,4.1874,0.075849
7622,0.000000,0.0000,0.000000
7623,0.000000,0.0000,0.000000
7624,0.000000,0.0000,0.000000
7625,0.000000,0.0000,0.000000
7626,0.000000,0.0000,0.000000
7627,0.000000,0.0000,0.000000
7628,0.000000,0.0000,0.000000
7629,0.000000,0.0000,0.000000
7630,0.000000,0.0000,0.000000
7631,0.000000,0.0000,0.000000
7632,0.000000,0.0000,0.000000
7633,0.000000,0.0000,0.000000
7634,0.000000,0.0000,0.000000
7635,0.000000,0.0000,0.000000
7636,0.000000,0.0000,0.000000
7637,0.000000,0.0000,0.000000
7638,0.000000,0.0000,0.000000
7639,0.000000,0.0000,0.000000
7640,0.000000,0.0000,0.000000
7641,0.000000,0.0000,0.000000
7642,0.000000,0.0000,0.000000
7643,0.000000,0.0000,0.000000
7644,0.000000,0.0000,0.000000
7645,0.000000,0.0000,0.000000
7646,0.000000,0.0000,0.000000
7647,0.000000,0.0000,0.000000
7648,0.000000,0.0000,0.000000
7649,0.000000,0.0000,0.000000
7650,0.000000,0.0000,0.000000
7651,0.000000,0.0000,0.000000
7652,0.000000,0.0000,0.000000
7653,0.000000,0.0000,0.000000
7654,0.000000,0.0000,0.000000
7655,0.000000,0.0000,0.000000
7656,0.000000,0.0000,0.000000
7657,0.000000,0.0000,0.000000
7658,0.013038,6.0921,0.061367
7659,0.011599,5.4197,0.055744
7660,0.017586,8.2171,0.078989
7661,0.011360,5.3080,0.054806
7662,0.000000,0.0000,0.000000
7663,0.000000,0.0000,0.000000
7664,0.000000,0.0000,0.000000
7665,0.000000,0.0000,0.000000
7666,0.000000,0.0000,0.000000
7667,0.000000,0.0000,0.000000
7668,0.000000,0.0000,0.000000
7669,0.000000,0.0000,0.000000
7670,0.000000,0.0000,0.000000
7671,0.000000,0.0000,0.000000
7672,0.000000,0.0000,0.000000
7673,0.000000,0.0000,0.000000
7674,0.000000,0.0000,0.000000
7675,0.000000,0.0000,0.000000
7676,0.000000,0.0000,0.000000
7677,0.000000,0.0000,0.000000
7678,0.000000,0.0000,0.000000
7679,0.000000,0.0000,0.000000
7680,0.000000,0.0000,0.000000
7681,0.000000,0.0000,0.000000
7682,0.000000,0.0000,0.000000
7683,0.000000,0.0000,0.000000
7684,0.000000,0.0000,0.000000
7685,0.000000,0.0000,0.000000
7686,0.000000,0.0000,0.000000
7687,0.000000,0.0000,0.000000
7688,0.000000,0.0000,0.000000
7689,0.000000,0.0000,0.000000
7690,0.000000,0.0000,0.000000
7691,0.000000,0.0000,0.000000
7692,0.000000,0.0000,0.000000
7693,0.000000,0.0000,0.000000
7694,0.000000,0.0000,0.000000
7695,0.000000,0.0000,0.000000
7696,0.000000,0.0000,0.000000
7697,0.000000,0.0000,0.000000
7698,0.000000,0.0000,0.000000
7699,0.000000,0.0000,0.000000
7700,0.000000,0.0000,0.000000
7701,0.000000,0.0000,0.000000
7702,0.000000,0.0000,0.000000
7703,0.000000,0.0000,0.000000
7704,0.000000,0.0000,0.000000
7705,0.000000,0.0000,0.000000
7706,0.000000,0.0000,0.000000
7707,0.000000,0.0000,0.000000
7708,0.000000,0.0000,0.000000
7709,0.000000,0.0000,0.000000
7710,0.000000,0.0000,0.000000
7711,0.000000,0.0000,0.000000
7712,0.000000,0.0000,0.000000
7713,0.000000,0.0000,0.000000
7714,0.000000,0.0000,0.000000
7715,0.000000,0.0000,0.000000
7716,0.000000,0.0000,0.000000
7717,0.000000,0.0000,0.000000
7718,0.000000,0.0000,0.000000
7719,0.000000,0.0000,0.000000
7720,0.000000,0.0000,0.000000
7721,0.000000,0.0000,0.000000
7722,0.000000,0.0000,0.000000
7723,0.000000,0.0000,0.000000
7724,0.000000,0.0000,0.000000
7725,0.000000,0.0000,0.000000
7726,0.000000,0.0000,0.000000
7727,0.000000,0.0000,0.000000
7728,0.000000,0.0000,0.000000
7729,0.000000,0.0000,0.000000
7730,0.000000,0.0000,0.000000
7731,0.000000,0.0000,0.000000
7732,0.000000,0.0000,0.000000
7733,0.000000,0.0000,0.000000
7734,0.000000,0.0000,0.000000
7735,0.000000,0.0000,0.000000
7736,0.000000,0.0000,0.000000
7737,0.000000,0.0000,0.000000
7738,0.000000,0.0000,0.000000
7739,0.000000,0.0000,0.000000
7740,0.000891,0.4162,0.024811
7741,0.001458,0.6814,0.033831
7742,0.000000,0.0000,0.000000
7743,0.000000,0.0000,0.000000
7744,0.000000,0.0000,0.000000
7745,0.000000,0.0000,0.000000
7746,0.000000,0.0000,0.000000
7747,0.000000,0.0000,0.000000
7748,0.000000,0.0000,0.000000
7749,0.000000,0.0000,0.000000
7750,0.000000,0.0000,0.000000
7751,0.000000,0.0000,0.000000
7752,0.000000,0.0000,0.000000
7753,0.000000,0.0000,0.000000
7754,0.000000,0.0000,0.000000
7755,0.000000,0.0000,0.000000
7756,0.000000,0.0000,0.000000
7757,0.000000,0.0000,0.000000
7758,0.000000,0.0000,0.000000
7759,0.000000,0.0000,0.000000
7760,0.000000,0.0000,0.000000
7761,0.000000,0.0000,0.000000
7762,0.000000,0.0000,0.000000
7763,0.000000,0.0000,0.000000
7764,0.000000,0.0000,0.000000
7765,0.000000,0.0000,0.000000
7766,0.000000,0.0000,0.000000
7767,0.000000,0.0000,0.000000
7768,0.000000,0.0000,0.000000
7769,0.000000,0.0000,0.000000
7770,0.000000,0.0000,0.000000
7771,0.000000,0.0000,0.000000
7772,0.000000,0.0000,0.000000
7773,0.000000,0.0000,0.000000
7774,0.000000,0.0000,0.000000
7775,0.000000,0.0000,0.000000
7776,0.000000,0.0000,0.000000
7777,0.000000,0.0000,0.000000
7778,0.000000,0.0000,0.000000
7779,0.000000,0.0000,0.000000
7780,0.000000,0.0000,0.000000
7781,0.000000,0.0000,0.000000
7782,0.000000,0.0000,0.000000
7783,0.000000,0.0000,0.000000
7784,0.000000,0.0000,0.000000
7785,0.000000,0.0000,0.000000
7786,0.000000,0.0000,0.000000
7787,0.000000,0.0000,0.000000
7788,0.000000,0.0000,0.000000
7789,0.000000,0.0000,0.000000
7790,0.000000,0.0000,0.000000
7791,0.000000,0.0000,0.000000
7792,0.000000,0.0000,0.000000
7793,0.000000,0.0000,0.000000
7794,0.000000,0.0000,0.000000
7795,0.000000,0.0000,0.000000
7796,0.000000,0.0000,0.000000
7797,0.000000,0.0000,0.000000
7798,0.000000,0.0000,0.000000
7799,0.000000,0.0000,0.000000
7800,0.000000,0.0000,0.000000
7801,0.000000,0.0000,0.000000
7802,0.000000,0.0000,0.000000
7803,0.000000,0.0000,0.000000
7804,0.000000,0.0000,0.000000
7805,0.000000,0.0000,0.000000
7806,0.000000,0.0000,0.000000
7807,0.000000,0.0000,0.000000
7808,0.000000,0.0000,0.000000
7809,0.000000,0.0000,0.000000
7810,0.000000,0.0000,0.000000
7811,0.000000,0.0000,0.000000
7812,0.000000,0.0000,0.000000
7813,0.000000,0.0000,0.000000
7814,0.000000,0.0000,0.000000
7815,0.000000,0.0000,0.000000
7816,0.000000,0.0000,0.000000
7817,0.000000,0.0000,0.000000
7818,0.000000,0.0000,0.000000
7819,0.000000,0.0000,0.000000
7820,0.000000,0.0000,0.000000
7821,0.000000,0.0000,0.000000
7822,0.000000,0.0000,0.000000
7823,0.000000,0.0000,0.000000
7824,0.000000,0.0000,0.000000
7825,0.000000,0.0000,0.000000
7826,0.000000,0.0000,0.000000
7827,0.000000,0.0000,0.000000
7828,0.000000,0.0000,0.000000
7829,0.000000,0.0000,0.000000
7830,0.000000,0.0000,0.000000
7831,0.000000,0.0000,0.000000
7832,0.000000,0.0000,0.000000
7833,0.000000,0.0000,0.000000
7834,0.000000,0.0000,0.000000
7835,0.000000,0.0000,0.000000
7836,0.000000,0.0000,0.000000
7837,0.000000,0.0000,0.000000
7838,0.000000,0.0000,0.000000
7839,0.000000,0.0000,0.000000
7840,0.000000,0.0000,0.000000
7841,0.000000,0.0000,0.000000
7842,0.000000,0.0000,0.000000
7843,0.000000,0.0000,0.000000
7844,0.000000,0.0000,0.000000
7845,0.000000,0.0000,0.000000
7846,0.000000,0.0000,0.000000
7847,0.000000,0.0000,0.000000
7848,0.000000,0.0000,0.000000
7849,0.000000,0.0000,0.000000
7850,0.000000,0.0000,0.000000
7851,0.000000,0.0000,0.000000
7852,0.000000,0.0000,0.000000
7853,0.000000,0.0000,0.000000
7854,0.000000,0.0000,0.000000
7855,0.000000,0.0000,0.000000
7856,0.000000,0.0000,0.000000
7857,0.000000,0.0000,0.000000
7858,0.000000,0.0000,0.000000
7859,0.000000,0.0000,0.000000
7860,0.000000,0.0000,0.000000
7861,0.000000,0.0000,0.000000
7862,0.000000,0.0000,0.000000
7863,0.000000,0.0000,0.000000
7864,0.000000,0.0000,0.000000
7865,0.000000,0.0000,0.000000
7866,0.000000,0.0000,0.000000
7867,0.000000,0.0000,0.000000
7868,0.000000,0.0000,0.000000
7869,0.000000,0.0000,0.000000
7870,0.000000,0.0000,0.000000
7871,0.000000,0.0000,0.000000
7872,0.000000,0.0000,0.000000
7873,0.000000,0.0000,0.000000
7874,0.000000,0.0000,0.000000
7875,0.000000,0.0000,0.000000
7876,0.000000,0.0000,0.000000
7877,0.000000,0.0000,0.000000
7878,0.000000,0.0000,0.000000
7879,0.000000,0.0000,0.000000
7880,0.000000,0.0000,0.000000
7881,0.000000,0.0000,0.000000
7882,0.000000,0.0000,0.000000
7883,0.000000,0.0000,0.000000
7884,0.000000,0.0000,0.000000
7885,0.000000,0.0000,0.000000
7886,0.000000,0.0000,0.000000
7887,0.000000,0.0000,0.000000
7888,0.000000,0.0000,0.000000
7889,0.000000,0.0000,0.000000
7890,0.000000,0.0000,0.000000
7891,0.000000,0.0000,0.000000
7892,0.000000,0.0000,0.000000
7893,0.000000,0.0000,0.000000
7894,0.000000,0.0000,0.000000
7895,0.000000,0.0000,0.000000
7896,0.000000,0.0000,0.000000
7897,0.000000,0.0000,0.000000
7898,0.000000,0.0000,0.000000
7899,0.000000,0.0000,0.000000
7900,0.000000,0.0000,0.000000
7901,0.000000,0.0000,0.000000
7902,0.000000,0.0000,0.000000
7903,0.000000,0.0000,0.000000
7904,0.000000,0.0000,0.000000
7905,0.000000,0.0000,0.000000
7906,0.000000,0.0000,0.000000
7907,0.000000,0.0000,0.000000
7908,0.000000,0.0000,0.000000
7909,0.000000,0.0000,0.000000
7910,0.000000,0.0000,0.000000
7911,0.000000,0.0000,0.000000
7912,0.000000,0.0000,0.000000
7913,0.000000,0.0000,0.000000
7914,0.000000,0.0000,0.000000
7915,0.000000,0.0000,0.000000
7916,0.000000,0.0000,0.000000
7917,0.000000,0.0000,0.000000
7918,0.000000,0.0000,0.000000
7919,0.000000,0.0000,0.000000
7920,0.000000,0.0000,0.000000
7921,0.000000,0.0000,0.000000
7922,0.000000,0.0000,0.000000
7923,0.000000,0.0000,0.000000
7924,0.000000,0.0000,0.000000
7925,0.000000,0.0000,0.000000
7926,0.000000,0.0000,0.000000
7927,0.000000,0.0000,0.000000
7928,0.000000,0.0000,0.000000
7929,0.000000,0.0000,0.000000
7930,0.000000,0.0000,0.000000
7931,0.000000,0.0000,0.000000
7932,0.000000,0.0000,0.000000
7933,0.000000,0.0000,0.000000
7934,0.000000,0.0000,0.000000
7935,0.000000,0.0000,0.000000
7936,0.000000,0.0000,0.000000
7937,0.000000,0.0000,0.000000
7938,0.000000,0.0000,0.000000
7939,0.000000,0.0000,0.000000
7940,0.000000,0.0000,0.000000
7941,0.000000,0.0000,0.000000
7942,0.000000,0.0000,0.000000
7943,0.000000,0.0000,0.000000
7944,0.000000,0.0000,0.000000
7945,0.000000,0.0000,0.000000
7946,0.000000,0.0000,0.000000
7947,0.000000,0.0000,0.000000
7948,0.000000,0.0000,0.000000
7949,0.000000,0.0000,0.000000
7950,0.000000,0.0000,0.000000
7951,0.000000,0.0000,0.000000
7952,0.000000,0.0000,0.000000
7953,0.000000,0.0000,0.000000
7954,0.000000,0.0000,0.000000
7955,0.000000,0.0000,0.000000
7956,0.000000,0.0000,0.000000
7957,0.000000,0.0000,0.000000
7958,0.000000,0.0000,0.000000
7959,0.000000,0.0000,0.000000
7960,0.000000,0.0000,0.000000
7961,0.000000,0.0000,0.000000
7962,0.000000,0.0000,0.000000
7963,0.000000,0.0000,0.000000
7964,0.000000,0.0000,0.000000
7965,0.000000,0.0000,0.000000
7966,0.000000,0.0000,0.000000
7967,0.000000,0.0000,0.000000
7968,0.000000,0.0000,0.000000
7969,0.000000,0.0000,0.000000
7970,0.000000,0.0000,0.000000
7971,0.000000,0.0000,0.000000
7972,0.000000,0.0000,0.000000
7973,0.000000,0.0000,0.000000
7974,0.000000,0.0000,0.000000
7975,0.000000,0.0000,0.000000
7976,0.000000,0.0000,0.000000
7977,0.000000,0.0000,0.000000
7978,0.000000,0.0000,0.000000
7979,0.000000,0.0000,0.000000
7980,0.000000,0.0000,0.000000
7981,0.000000,0.0000,0.000000
7982,0.000000,0.0000,0.000000
7983,0.000000,0.0000,0.000000
7984,0.000000,0.0000,0.000000
7985,0.000000,0.0000,0.000000
7986,0.000000,0.0000,0.000000
7987,0.000000,0.0000,0.000000
7988,0.000000,0.0000,0.000000
7989,0.000000,0.0000,0.000000
7990,0.000000,0.0000,0.000000
7991,0.000000,0.0000,0.000000
7992,0.000000,0.0000,0.000000
7993,0.000000,0.0000,0.000000
7994,0.000000,0.0000,0.000000
7995,0.000000,0.0000,0.000000
7996,0.000000,0.0000,0.000000
7997,0.000000,0.0000,0.000000
7998,0.000000,0.0000,0.000000
7999,0.000000,0.0000,0.000000
8000,0.000000,0.0000,0.000000
8001,0.000000,0.0000,0.000000
8002,0.000000,0.0000,0.000000
8003,0.000000,0.0000,0.000000
8004,0.000000,0.0000,0.000000
8005,0.000000,0.0000,0.000000
8006,0.000000,0.0000,0.000000
8007,0.000000,0.0000,0.000000
8008,0.000000,0.0000,0.000000
8009,0.000000,0.0000,0.000000
8010,0.000000,0.0000,0.000000
8011,0.000000,0.0000,0.000000
8012,0.000000,0.0000,0.000000
8013,0.000000,0.0000,0.000000
8014,0.000000,0.0000,0.000000
8015,0.000000,0.0000,0.000000
8016,0.000000,0.0000,0.000000
8017,0.000000,0.0000,0.000000
8018,0.000000,0.0000,0.000000
8019,0.000000,0.0000,0.000000
8020,0.000000,0.0000,0.000000
8021,0.000000,0.0000,0.000000
8022,0.000000,0.0000,0.000000
8023,0.000000,0.0000,0.000000
8024,0.000000,0.0000,0.000000
8025,0.000000,0.0000,0.000000
8026,0.000000,0.0000,0.000000
8027,0.000000,0.0000,0.000000
8028,0.000000,0.0000,0.000000
8029,0.000000,0.0000,0.000000
8030,0.000000,0.0000,0.000000
8031,0.000000,0.0000,0.000000
8032,0.000000,0.0000,0.000000
8033,0.000000,0.0000,0.000000
8034,0.000000,0.0000,0.000000
8035,0.000000,0.0000,0.000000
8036,0.000000,0.0000,0.000000
8037,0.000000,0.0000,0.000000
8038,0.000000,0.0000,0.000000
8039,0.000000,0.0000,0.000000
8040,0.000000,0.0000,0.000000
8041,0.000000,0.0000,0.000000
8042,0.000000,0.0000,0.000000
8043,0.000000,0.0000,0.000000
8044,0.000000,0.0000,0.000000
8045,0.000000,0.0000,0.000000
8046,0.000000,0.0000,0.000000
8047,0.000000,0.0000,0.000000
8048,0.000000,0.0000,0.000000
8049,0.000000,0.0000,0.000000
8050,0.000000,0.0000,0.000000
8051,0.000000,0.0000,0.000000
8052,0.000000,0.0000,0.000000
8053,0.000000,0.0000,0.000000
8054,0.000000,0.0000,0.000000
8055,0.000000,0.0000,0.000000
8056,0.000000,0.0000,0.000000
8057,0.000000,0.0000,0.000000
8058,0.000000,0.0000,0.000000
8059,0.000000,0.0000,0.000000
8060,0.000000,0.0000,0.000000
8061,0.000000,0.0000,0.000000
8062,0.000000,0.0000,0.000000
8063,0.000000,0.0000,0.000000
8064,0.000000,0.0000,0.000000
8065,0.000000,0.0000,0.000000
8066,0.000000,0.0000,0.000000
8067,0.000000,0.0000,0.000000
8068,0.000000,0.0000,0.000000
8069,0.000000,0.0000,0.000000
8070,0.000000,0.0000,0.000000
8071,0.000000,0.0000,0.000000
8072,0.000000,0.0000,0.000000
8073,0.000000,0.0000,0.000000
8074,0.000000,0.0000,0.000000
8075,0.000000,0.0000,0.000000
8076,0.000000,0.0000,0.000000
8077,0.000000,0.0000,0.000000
8078,0.000000,0.0000,0.000000
8079,0.000000,0.0000,0.000000
8080,0.000000,0.0000,0.000000
8081,0.000000,0.0000,0.000000
8082,0.000000,0.0000,0.000000
8083,0.000000,0.0000,0.000000
8084,0.000000,0.0000,0.000000
8085,0.000000,0.0000,0.000000
8086,0.000000,0.0000,0.000000
8087,0.000000,0.0000,0.000000
8088,0.000000,0.0000,0.000000
8089,0.000000,0.0000,0.000000
8090,0.000000,0.0000,0.000000
8091,0.000000,0.0000,0.000000
8092,0.000000,0.0000,0.000000
8093,0.000000,0.0000,0.000000
8094,0.000000,0.0000,0.000000
8095,0.000000,0.0000,0.000000
8096,0.000000,0.0000,0.000000
8097,0.000000,0.0000,0.000000
8098,0.000000,0.0000,0.000000
8099,0.000000,0.0000,0.000000
8100,0.000000,0.0000,0.000000
8101,0.000000,0.0000,0.000000
8102,0.000000,0.0000,0.000000
8103,0.000000,0.0000,0.000000
8104,0.000000,0.0000,0.000000
8105,0.000000,0.0000,0.000000
8106,0.000000,0.0000,0.000000
8107,0.000000,0.0000,0.000000
8108,0.000000,0.0000,0.000000
8109,0.000000,0.0000,0.000000
8110,0.000000,0.0000,0.000000
8111,0.000000,0.0000,0.000000
8112,0.000000,0.0000,0.000000
8113,0.000000,0.0000,0.000000
8114,0.000000,0.0000,0.000000
8115,0.000000,0.0000,0.000000
8116,0.000000,0.0000,0.000000
8117,0.000000,0.0000,0.000000
8118,0.087343,40.8116,0.000000
8119,0.103155,48.2000,0.000000
8120,0.122287,57.1393,0.000000
8121,0.128626,60.1015,0.000000
8122,0.138583,64.7538,0.000000
8123,0.130988,61.2050,0.000000
8124,0.108758,50.8181,0.000000
8125,0.078121,36.5024,0.000000
8126,0.074954,35.0226,0.000000
8127,0.088430,41.3197,0.000000
8128,0.116254,54.3206,0.000000
8129,0.107077,50.0325,0.000000
8130,0.100287,46.8599,0.000000
8131,0.054126,25.2907,0.000000
8132,0.110663,51.7082,0.000000
8133,0.111634,52.1616,0.000000
8134,0.116782,54.5673,0.000000
8135,0.125559,58.6683,0.000000
8136,0.140072,65.4495,0.000000
8137,0.131534,61.4602,0.000000
8138,0.130404,60.9322,0.000000
8139,0.132334,61.8339,0.000000
8140,0.119748,55.9533,0.000000
8141,0.104513,48.8346,0.000000
8142,0.127924,59.7734,0.000000
8143,0.133363,62.3150,0.000000
8144,0.128560,60.0708,0.000000
8145,0.135567,63.3445,0.000000
8146,0.137008,64.0179,0.000000
8147,0.124667,58.2515,0.000000
8148,0.138145,64.5492,0.000000
8149,0.134788,62.9807,0.000000
8150,0.127422,59.5389,0.000000
8151,0.091358,42.6879,0.000000
8152,0.088784,41.4851,0.000000
8153,0.099111,46.3104,0.000000
8154,0.063599,29.7172,0.000000
8155,0.000000,0.0000,0.000000
8156,0.000000,0.0000,0.000000
8157,0.000000,0.0000,0.000000
8158,0.000000,0.0000,0.000000
8159,0.000000,0.0000,0.000000
8160,0.000000,0.0000,0.000000
8161,0.000000,0.0000,0.000000
8162,0.000000,0.0000,0.000000
8163,0.000000,0.0000,0.000000
8164,0.000000,0.0000,0.000000
8165,0.000000,0.0000,0.000000
8166,0.000000,0.0000,0.000000
8167,0.000000,0.0000,0.000000
8168,0.000000,0.0000,0.000000
8169,0.000000,0.0000,0.000000
8170,0.000000,0.0000,0.000000
8171,0.000000,0.0000,0.000000
8172,0.000000,0.0000,0.000000
8173,0.000000,0.0000,0.000000
8174,0.000000,0.0000,0.000000
8175,0.000000,0.0000,0.000000
8176,0.000000,0.0000,0.000000
8177,0.000000,0.0000,0.000000
8178,0.000000,0.0000,0.000000
8179,0.000000,0.0000,0.000000
8180,0.000000,0.0000,0.000000
8181,0.000000,0.0000,0.000000
8182,0.000000,0.0000,0.000000
8183,0.000000,0.0000,0.000000
8184,0.000000,0.0000,0.000000
8185,0.000000,0.0000,0.000000
8186,0.000000,0.0000,0.000000
8187,0.000000,0.0000,0.000000
8188,0.000000,0.0000,0.000000
8189,0.000000,0.0000,0.000000
8190,0.000000,0.0000,0.000000
8191,0.000000,0.0000,0.000000
8192,0.000000,0.0000,0.000000
8193,0.000000,0.0000,0.000000
8194,0.000000,0.0000,0.000000
8195,0.000000,0.0000,0.000000
8196,0.000000,0.0000,0.000000
8197,0.000000,0.0000,0.000000
8198,0.000000,0.0000,0.000000
8199,0.000000,0.0000,0.000000
8200,0.000000,0.0000,0.000000
8201,0.000000,0.0000,0.000000
8202,0.000000,0.0000,0.000000
8203,0.000000,0.0000,0.000000
8204,0.000000,0.0000,0.000000
8205,0.000000,0.0000,0.000000
8206,0.000000,0.0000,0.000000
8207,0.000000,0.0000,0.000000
8208,0.000000,0.0000,0.000000
8209,0.000000,0.0000,0.000000
8210,0.000000,0.0000,0.000000
8211,0.000000,0.0000,0.000000
8212,0.000000,0.0000,0.000000
8213,0.000000,0.0000,0.000000
8214,0.000000,0.0000,0.000000
8215,0.000000,0.0000,0.000000
8216,0.000000,0.0000,0.000000
8217,0.000000,0.0000,0.000000
8218,0.000000,0.0000,0.000000
8219,0.000000,0.0000,0.000000
8220,0.000000,0.0000,0.000000
8221,0.000000,0.0000,0.000000
8222,0.000000,0.0000,0.000000
8223,0.000000,0.0000,0.000000
8224,0.000000,0.0000,0.000000
8225,0.000000,0.0000,0.000000
8226,0.000000,0.0000,0.000000
8227,0.000000,0.0000,0.000000
8228,0.000000,0.0000,0.000000
8229,0.000000,0.0000,0.000000
8230,0.000000,0.0000,0.000000
8231,0.000000,0.0000,0.000000
8232,0.000000,0.0000,0.000000
8233,0.000000,0.0000,0.000000
8234,0.000000,0.0000,0.000000
8235,0.000000,0.0000,0.000000
8236,0.000000,0.0000,0.000000
8237,0.000000,0.0000,0.000000
8238,0.000000,0.0000,0.000000
8239,0.000000,0.0000,0.000000
8240,0.000000,0.0000,0.000000
8241,0.000000,0.0000,0.000000
8242,0.000000,0.0000,0.000000
8243,0.000000,0.0000,0.000000
8244,0.000000,0.0000,0.000000
8245,0.000000,0.0000,0.000000
8246,0.000000,0.0000,0.000000
8247,0.000000,0.0000,0.000000
8248,0.000000,0.0000,0.000000
8249,0.000000,0.0000,0.000000
8250,0.000000,0.0000,0.000000
8251,0.000000,0.0000,0.000000
8252,0.000000,0.0000,0.000000
8253,0.000000,0.0000,0.000000
8254,0.000000,0.0000,0.000000
8255,0.000000,0.0000,0.000000
8256,0.000000,0.0000,0.000000
8257,0.000000,0.0000,0.000000
8258,0.000000,0.0000,0.000000
8259,0.000000,0.0000,0.000000
8260,0.000000,0.0000,0.000000
8261,0.000000,0.0000,0.000000
8262,0.000000,0.0000,0.000000
8263,0.000000,0.0000,0.000000
8264,0.000000,0.0000,0.000000
8265,0.000000,0.0000,0.000000
8266,0.000000,0.0000,0.000000
8267,0.000000,0.0000,0.000000
8268,0.000000,0.0000,0.000000
8269,0.000000,0.0000,0.000000
8270,0.000000,0.0000,0.000000
8271,0.000000,0.0000,0.000000
8272,0.000000,0.0000,0.000000
8273,0.000000,0.0000,0.000000
8274,0.000000,0.0000,0.000000
8275,0.000000,0.0000,0.000000
8276,0.000000,0.0000,0.000000
8277,0.000000,0.0000,0.000000
8278,0.000000,0.0000,0.000000
8279,0.000000,0.0000,0.000000
8280,0.000000,0.0000,0.000000
8281,0.000000,0.0000,0.000000
8282,0.000000,0.0000,0.000000
8283,0.000000,0.0000,0.000000
8284,0.000000,0.0000,0.000000
8285,0.000000,0.0000,0.000000
8286,0.000000,0.0000,0.000000
8287,0.000000,0.0000,0.000000
8288,0.000000,0.0000,0.000000
8289,0.000000,0.0000,0.000000
8290,0.000000,0.0000,0.000000
8291,0.000000,0.0000,0.000000
8292,0.000000,0.0000,0.000000
8293,0.000000,0.0000,0.000000
8294,0.000000,0.0000,0.000000
8295,0.000000,0.0000,0.000000
8296,0.000000,0.0000,0.068314
8297,0.000000,0.0000,0.069181
8298,0.000000,0.0000,0.100547
8299,0.000000,0.0000,0.088046
8300,0.000000,0.0000,0.081377
8301,0.000000,0.0000,0.094321
8302,0.000000,0.0000,0.093005
8303,0.000000,0.0000,0.077860
8304,0.000000,0.0000,0.067647
8305,0.000000,0.0000,0.078247
8306,0.000000,0.0000,0.099956
8307,0.000000,0.0000,0.105011
8308,0.000000,0.0000,0.098471
8309,0.000000,0.0000,0.098420
8310,0.000000,0.0000,0.084290
8311,0.000000,0.0000,0.080162
8312,0.000000,0.0000,0.083854
8313,0.000000,0.0000,0.100812
8314,0.000000,0.0000,0.104748
8315,0.000000,0.0000,0.106399
8316,0.000000,0.0000,0.092340
8317,0.000000,0.0000,0.075060
8318,0.000000,0.0000,0.068822
8319,0.000000,0.0000,0.073540
8320,0.000000,0.0000,0.081576
8321,0.000000,0.0000,0.084398
8322,0.000000,0.0000,0.051150
8323,0.000000,0.0000,0.033851
8324,0.000000,0.0000,0.044332
8325,0.000000,0.0000,0.000000
8326,0.126608,59.1583,0.079630
8327,0.138242,64.5946,0.087550
8328,0.134309,62.7570,0.084854
8329,0.102466,47.8781,0.063682
8330,0.120770,56.4304,0.075717
8331,0.155113,72.4777,0.099368
8332,0.155564,72.6886,0.099690
8333,0.147460,68.9018,0.093954
8334,0.140998,65.8823,0.089452
8335,0.170241,79.5463,0.110367
8336,0.168575,78.7681,0.109135
8337,0.172883,80.7809,0.112332
8338,0.144103,67.3331,0.091608
8339,0.150547,70.3441,0.096127
8340,0.162781,76.0607,0.104891
8341,0.162661,76.0047,0.104804
8342,0.131408,61.4011,0.082877
8343,0.000000,0.0000,0.000000
8344,0.000058,0.0269,0.056237
8345,0.000000,0.0000,0.000000
8346,0.000000,0.0000,0.000000
8347,0.000000,0.0000,0.082765
8348,0.000000,0.0000,0.053984
8349,0.000000,0.0000,0.059176
8350,0.000000,0.0000,0.081049
8351,0.000000,0.0000,0.104497
8352,0.000000,0.0000,0.098404
8353,0.000000,0.0000,0.100061
8354,0.000000,0.0000,0.107511
8355,0.000000,0.0000,0.111814
8356,0.000000,0.0000,0.102196
8357,0.000000,0.0000,0.115886
8358,0.000000,0.0000,0.106251
8359,0.080681,37.6989,0.115316
8360,0.095724,44.7279,0.118181
8361,0.074083,34.6160,0.110598
8362,0.000000,0.0000,0.106588
8363,0.004982,2.3278,0.120057
8364,0.006893,3.2209,0.125895
8365,0.007361,3.4395,0.130335
8366,0.008565,4.0021,0.131721
8367,0.005666,2.6474,0.121425
8368,0.004977,2.3254,0.121230
8369,0.006229,2.9105,0.126567
8370,0.008349,3.9013,0.136233
8371,0.010662,4.9820,0.143436
8372,0.013004,6.0762,0.149361
8373,0.014094,6.5856,0.155163
8374,0.013660,6.3828,0.153413
8375,0.012483,5.8329,0.148774
8376,0.013573,6.3423,0.153548
8377,0.011124,5.1976,0.143562
8378,0.009437,4.4095,0.132881
8379,0.007222,3.3747,0.123571
8380,0.008957,4.1853,0.128598
8381,0.008765,4.0954,0.130079
8382,0.005263,2.4593,0.113242
8383,0.000000,0.0000,0.107550
8384,0.006220,2.9062,0.123436
8385,0.005973,2.7912,0.120617
8386,0.006504,3.0389,0.123501
8387,0.006714,3.1369,0.123509
8388,0.006984,3.2634,0.130210
8389,0.007771,3.6309,0.129867
8390,0.007629,3.5647,0.127239
8391,0.006938,3.2417,0.122485
8392,0.008148,3.8074,0.129373
8393,0.010942,5.1129,0.138230
8394,0.013504,6.3097,0.148826
8395,0.016919,7.9054,0.154458
8396,0.017525,8.1885,0.156662
8397,0.019268,9.0029,0.162111
8398,0.017851,8.3411,0.159187
8399,0.018146,8.4788,0.157778
8400,0.015016,7.0161,0.151410
8401,0.015187,7.0961,0.151667
8402,0.014939,6.9806,0.152487
8403,0.014993,7.0057,0.154732
8404,0.014901,6.9628,0.156062
8405,0.016849,7.8728,0.162542
8406,0.016496,7.7080,0.161001
8407,0.016205,7.5718,0.161291
8408,0.018268,8.5357,0.164848
8409,0.018601,8.6916,0.165631
8410,0.019105,8.9268,0.166526
8411,0.018591,8.6866,0.167312
8412,0.019683,9.1972,0.171817
8413,0.017245,8.0576,0.163216
8414,0.016903,7.8979,0.164413
8415,0.017637,8.2409,0.166383
8416,0.111697,52.1911,0.171501
8417,0.016559,7.7375,0.161601
8418,0.016344,7.6367,0.159821
8419,0.034763,16.2434,0.167871
8420,0.036635,17.1179,0.172207
8421,0.053619,25.0537,0.173647
8422,0.047119,22.0167,0.165722
8423,0.050703,23.6913,0.168444
8424,0.055247,25.8145,0.170226
8425,0.053408,24.9551,0.166445
8426,0.053180,24.8488,0.162885
8427,0.057129,26.6938,0.169229
8428,0.053378,24.9412,0.164574
8429,0.059192,27.6579,0.164671
8430,0.058910,27.5263,0.162732
8431,0.049504,23.1313,0.156161
8432,0.039790,18.5922,0.147343
8433,0.009743,4.5524,0.132123
8434,0.008258,3.8588,0.124641
8435,0.009416,4.3996,0.130553
8436,0.010005,4.6747,0.129569
8437,0.006061,2.8322,0.123134
8438,0.010005,4.6747,0.127342
8439,0.046622,21.7847,0.137268
8440,0.036257,16.9413,0.136197
8441,0.063476,29.6595,0.147009
8442,0.056166,26.2441,0.144536
8443,0.071624,33.4667,0.148758
8444,0.068798,32.1462,0.148400
8445,0.058283,27.2329,0.142644
8446,0.053407,24.9550,0.145611
8447,0.071853,33.5737,0.154300
8448,0.070641,33.0073,0.150509
8449,0.080200,37.4741,0.156807
8450,0.079878,37.3235,0.153168
8451,0.075003,35.0456,0.157209
8452,0.085051,39.7406,0.162081
8453,0.087011,40.6564,0.159907
8454,0.099308,46.4024,0.160841
8455,0.084530,39.4974,0.149816
8456,0.079804,37.2890,0.151623
8457,0.084323,39.4004,0.153247
8458,0.089295,41.7239,0.155283
8459,0.081488,38.0758,0.149588
8460,0.065699,30.6985,0.140164
8461,0.083063,38.8117,0.152643
8462,0.085042,39.7365,0.154853
8463,0.091775,42.8825,0.159822
8464,0.098931,46.2261,0.160793
8465,0.089643,41.8864,0.161854
8466,0.090421,42.2501,0.165409
8467,0.078095,36.4904,0.159029
8468,0.090642,42.3530,0.166275
8469,0.086144,40.2513,0.164302
8470,0.114767,53.6258,0.179185
8471,0.136159,63.6213,0.192230
8472,0.125036,58.4239,0.183572
8473,0.123955,57.9188,0.183299
8474,0.128979,60.2663,0.187279
8475,0.150826,70.4746,0.199972
8476,0.139002,64.9497,0.199066
8477,0.125211,58.5059,0.195417
8478,0.114108,53.3179,0.191856
8479,0.114153,53.3388,0.188869
8480,0.110128,51.4580,0.187692
8481,0.120600,56.3511,0.190804
8482,0.124070,57.9727,0.196062
8483,0.120447,56.2796,0.192378
8484,0.110844,51.7927,0.184816
8485,0.103190,48.2162,0.182415
8486,0.093430,43.6560,0.181130
8487,0.088828,41.5053,0.176930
8488,0.074848,34.9733,0.169007
8489,0.086422,40.3811,0.180832
8490,0.090175,42.1348,0.183091
8491,0.078928,36.8796,0.177686
8492,0.076853,35.9101,0.178512
8493,0.084008,39.2533,0.179727
8494,0.091452,42.7314,0.182550
8495,0.082788,38.6832,0.177269
8496,0.099166,46.3359,0.191003
8497,0.104586,48.8685,0.190776
8498,0.109772,51.2915,0.194644
8499,0.122131,57.0668,0.202356
8500,0.118106,55.1859,0.196143
8501,0.128721,60.1456,0.204273
8502,0.115389,53.9162,0.196782
8503,0.114135,53.3305,0.195724
8504,0.099965,46.7095,0.187170
8505,0.085829,40.1043,0.180800
8506,0.082753,38.6671,0.178413
8507,0.078764,36.8033,0.173705
8508,0.086972,40.6384,0.179551
8509,0.103968,48.5796,0.191291
8510,0.106199,49.6224,0.195633
8511,0.088488,41.3467,0.186621
8512,0.102549,47.9167,0.199416
8513,0.103277,48.2569,0.196187
8514,0.098795,46.1626,0.192195
8515,0.095928,44.8228,0.190300
8516,0.094241,44.0350,0.185153
8517,0.079403,37.1018,0.174974
8518,0.083171,38.8622,0.176003
8519,0.092972,43.4419,0.176159
8520,0.111898,52.2850,0.188959
8521,0.123548,57.7285,0.196684
8522,0.119735,55.9471,0.192577
8523,0.128241,59.9215,0.194562
8524,0.120939,56.5097,0.188607
8525,0.121015,56.5450,0.192912
8526,0.116565,54.4657,0.187769
8527,0.111532,52.1140,0.181601
8528,0.117004,54.6709,0.186545
8529,0.107151,50.0669,0.180049
8530,0.101607,47.4764,0.178533
8531,0.092929,43.4219,0.168819
8532,0.081614,38.1349,0.164526
8533,0.089854,41.9848,0.169594
8534,0.077229,36.0856,0.161749
8535,0.081378,38.0244,0.167295
8536,0.085988,40.1784,0.169292
8537,0.098429,45.9916,0.178235
8538,0.091214,42.6202,0.170814
8539,0.083715,39.1163,0.166718
8540,0.073866,34.5144,0.163724
8541,0.080353,37.5457,0.159079
8542,0.086510,40.4225,0.158250
8543,0.091482,42.7457,0.165406
8544,0.093524,43.6996,0.164876
8545,0.100559,46.9871,0.169718
8546,0.103890,48.5432,0.173308
8547,0.092586,43.2615,0.170517
8548,0.092217,43.0892,0.172214
8549,0.079808,37.2908,0.165360
8550,0.088144,41.1861,0.162871
8551,0.084140,39.3151,0.162082
8552,0.057807,27.0106,0.156499
8553,0.065803,30.7471,0.156503
8554,0.070844,33.1023,0.158128
8555,0.068224,31.8784,0.157341
8556,0.062182,29.0550,0.155845
8557,0.064191,29.9936,0.154931
8558,0.051801,24.2046,0.152385
8559,0.031230,14.5922,0.149746
8560,0.047442,22.1674,0.155676
8561,0.003586,1.6755,0.149914
8562,0.104527,48.8408,0.154146
8563,0.006706,3.1333,0.157137
8564,0.006961,3.2528,0.161253
8565,0.005701,2.6637,0.158173
8566,0.006549,3.0601,0.160373
8567,0.003949,1.8452,0.159736
8568,0.000000,0.0000,0.155327
8569,0.000000,0.0000,0.152903
8570,0.000000,0.0000,0.150351
8571,0.000000,0.0000,0.143893
8572,0.000000,0.0000,0.135983
8573,0.000000,0.0000,0.136541
8574,0.000000,0.0000,0.127755
8575,0.000000,0.0000,0.112586
8576,0.000000,0.0000,0.100002
8577,0.000000,0.0000,0.112221
8578,0.000000,0.0000,0.106708
8579,0.000000,0.0000,0.110143
8580,0.000000,0.0000,0.108890
8581,0.000000,0.0000,0.101870
8582,0.000000,0.0000,0.100536
8583,0.000000,0.0000,0.113492
8584,0.000000,0.0000,0.101942
8585,0.000000,0.0000,0.104469
8586,0.000000,0.0000,0.097757
8587,0.000000,0.0000,0.091452
8588,0.000000,0.0000,0.072153
8589,0.000000,0.0000,0.090801
8590,0.000000,0.0000,0.101139
8591,0.000000,0.0000,0.101919
8592,0.000000,0.0000,0.073304
8593,0.000000,0.0000,0.066771
8594,0.000000,0.0000,0.036919
8595,0.000000,0.0000,0.000000
8596,0.000000,0.0000,0.000000
8597,0.000000,0.0000,0.000000
8598,0.000000,0.0000,0.000000
8599,0.000000,0.0000,0.000000
8600,0.000000,0.0000,0.000000
8601,0.000000,0.0000,0.000000
8602,0.000000,0.0000,0.000000
8603,0.000000,0.0000,0.000000
8604,0.000000,0.0000,0.000000
8605,0.000000,0.0000,0.000000
8606,0.000000,0.0000,0.000000
8607,0.000000,0.0000,0.000000
8608,0.000000,0.0000,0.000000
8609,0.000000,0.0000,0.000000
8610,0.000000,0.0000,0.000000
8611,0.000000,0.0000,0.000000
8612,0.000000,0.0000,0.000000
8613,0.000000,0.0000,0.000000
8614,0.000000,0.0000,0.000000
8615,0.000000,0.0000,0.000000
8616,0.000000,0.0000,0.000000
8617,0.000000,0.0000,0.053886
8618,0.000000,0.0000,0.063747
8619,0.000000,0.0000,0.045850
8620,0.000000,0.0000,0.000000
8621,0.000000,0.0000,0.000000
8622,0.000000,0.0000,0.000000
8623,0.000000,0.0000,0.000000
8624,0.000000,0.0000,0.000000
8625,0.000000,0.0000,0.000000
8626,0.000000,0.0000,0.000000
8627,0.000000,0.0000,0.000000
8628,0.000000,0.0000,0.000000
8629,0.000000,0.0000,0.000000
8630,0.000000,0.0000,0.000000
8631,0.000000,0.0000,0.000000
8632,0.000000,0.0000,0.000000
8633,0.000000,0.0000,0.000000
8634,0.000000,0.0000,0.074887
8635,0.000000,0.0000,0.087441
8636,0.000000,0.0000,0.078754
8637,0.000000,0.0000,0.092071
8638,0.000000,0.0000,0.084988
8639,0.000000,0.0000,0.087398
8640,0.000000,0.0000,0.095196
8641,0.000000,0.0000,0.081949
8642,0.000000,0.0000,0.092283
8643,0.000000,0.0000,0.050842
8644,0.000000,0.0000,0.000000
8645,0.000000,0.0000,0.000000
8646,0.020821,9.7287,0.080290
8647,0.023239,10.8585,0.088571
8648,0.017828,8.3305,0.070112
8649,0.015553,7.2671,0.062381
8650,0.000000,0.0000,0.000000
8651,0.000000,0.0000,0.000000
8652,0.000000,0.0000,0.000000
8653,0.000000,0.0000,0.000000
8654,0.042102,19.6724,0.076717
8655,0.050459,23.5773,0.091954
8656,0.050386,23.5434,0.091818
8657,0.055481,25.9237,0.101477
8658,0.059764,27.9250,0.109881
8659,0.052059,24.3251,0.094954
8660,0.050457,23.5765,0.091950
8661,0.052037,24.3148,0.094912
8662,0.057160,26.7082,0.104738
8663,0.050547,23.6183,0.092117
8664,0.041872,19.5650,0.076307
8665,0.057184,26.7198,0.104786
8666,0.056605,26.4493,0.103657
8667,0.052207,24.3942,0.095233
8668,0.053924,25.1963,0.098490
8669,0.052575,24.5659,0.095927
8670,0.050556,23.6226,0.092134
8671,0.050567,23.6277,0.092155
8672,0.043388,20.2735,0.079022
8673,0.043834,20.4816,0.079823
8674,0.046258,21.6143,0.084212
8675,0.041875,19.5663,0.076312
8676,0.046834,21.8835,0.085263
8677,0.043073,20.1262,0.078456
8678,0.042251,19.7420,0.076984
8679,0.040690,19.0128,0.074204
8680,0.032230,15.0599,0.059400
8681,0.029434,13.7531,0.054582
8682,0.036379,16.9982,0.066609
8683,0.000000,0.0000,0.000000
8684,0.000000,0.0000,0.000000
8685,0.000000,0.0000,0.000000
8686,0.000000,0.0000,0.000000
8687,0.000000,0.0000,0.000000
8688,0.000000,0.0000,0.000000
8689,0.000000,0.0000,0.000000
8690,0.000000,0.0000,0.000000
8691,0.000000,0.0000,0.000000
8692,0.000000,0.0000,0.000000
8693,0.000000,0.0000,0.000000
8694,0.000000,0.0000,0.000000
8695,0.000000,0.0000,0.000000
8696,0.000000,0.0000,0.000000
8697,0.000000,0.0000,0.000000
8698,0.000000,0.0000,0.000000
8699,0.000000,0.0000,0.000000
8700,0.000000,0.0000,0.000000
8701,0.000000,0.0000,0.000000
8702,0.000000,0.0000,0.000000
8703,0.000000,0.0000,0.000000
8704,0.000000,0.0000,0.000000
8705,0.000000,0.0000,0.000000
8706,0.000000,0.0000,0.000000
8707,0.000000,0.0000,0.000000
8708,0.000000,0.0000,0.000000
8709,0.000000,0.0000,0.000000
8710,0.000000,0.0000,0.000000
8711,0.000000,0.0000,0.000000
8712,0.000000,0.0000,0.000000
8713,0.000000,0.0000,0.000000
8714,0.000000,0.0000,0.000000
8715,0.000000,0.0000,0.000000
8716,0.000000,0.0000,0.000000
8717,0.000000,0.0000,0.000000
8718,0.000000,0.0000,0.000000
8719,0.000000,0.0000,0.000000
8720,0.000000,0.0000,0.000000
8721,0.000000,0.0000,0.000000
8722,0.000000,0.0000,0.000000
8723,0.000000,0.0000,0.000000
8724,0.000000,0.0000,0.000000
8725,0.000000,0.0000,0.000000
8726,0.000000,0.0000,0.000000
8727,0.000000,0.0000,0.000000
8728,0.000000,0.0000,0.000000
8729,0.000000,0.0000,0.000000
8730,0.000000,0.0000,0.000000
8731,0.000000,0.0000,0.000000
8732,0.000000,0.0000,0.000000
8733,0.000000,0.0000,0.000000
8734,0.000000,0.0000,0.000000
8735,0.000000,0.0000,0.000000
8736,0.000000,0.0000,0.000000
8737,0.000000,0.0000,0.000000
8738,0.000000,0.0000,0.000000
8739,0.000000,0.0000,0.060309
8740,0.000000,0.0000,0.081636
8741,0.000000,0.0000,0.099557
8742,0.000000,0.0000,0.116747
8743,0.000000,0.0000,0.112942
8744,0.000000,0.0000,0.120577
8745,0.000000,0.0000,0.126752
8746,0.000000,0.0000,0.130812
8747,0.000000,0.0000,0.129846
8748,0.000000,0.0000,0.127835
8749,0.000000,0.0000,0.117590
8750,0.000000,0.0000,0.102877
8751,0.000000,0.0000,0.110386
8752,0.000000,0.0000,0.115259
8753,0.000000,0.0000,0.110255
8754,0.000000,0.0000,0.097849
8755,0.000000,0.0000,0.094779
8756,0.000000,0.0000,0.106990
8757,0.000000,0.0000,0.125726
8758,0.000000,0.0000,0.120416
8759,0.000000,0.0000,0.126852
8760,0.000000,0.0000,0.133554
8761,0.000000,0.0000,0.141474
8762,0.000000,0.0000,0.132588
8763,0.000000,0.0000,0.134875
8764,0.000000,0.0000,0.124098
8765,0.000000,0.0000,0.131523
8766,0.000000,0.0000,0.138212
8767,0.000000,0.0000,0.139496
8768,0.000000,0.0000,0.130150
8769,0.000000,0.0000,0.126676
8770,0.000000,0.0000,0.127877
8771,0.000000,0.0000,0.132320
8772,0.000000,0.0000,0.138830
8773,0.000000,0.0000,0.141047
8774,0.000000,0.0000,0.138209
8775,0.000000,0.0000,0.136611
8776,0.000000,0.0000,0.139373
8777,0.000000,0.0000,0.133236
8778,0.000000,0.0000,0.134612
8779,0.000000,0.0000,0.134484
8780,0.000000,0.0000,0.136713
8781,0.000000,0.0000,0.137035
8782,0.000000,0.0000,0.128734
8783,0.000000,0.0000,0.120326
8784,0.000000,0.0000,0.115315
8785,0.000000,0.0000,0.114367
8786,0.000000,0.0000,0.118641
8787,0.000000,0.0000,0.124852
8788,0.000000,0.0000,0.125162
8789,0.000000,0.0000,0.128827
8790,0.000000,0.0000,0.129190
8791,0.000000,0.0000,0.128425
8792,0.000000,0.0000,0.134657
8793,0.000000,0.0000,0.140566
8794,0.000000,0.0000,0.139118
8795,0.000000,0.0000,0.132933
8796,0.000000,0.0000,0.128672
8797,0.000000,0.0000,0.142440
8798,0.000000,0.0000,0.139142
8799,0.000000,0.0000,0.140126
8800,0.000000,0.0000,0.125722
8801,0.000000,0.0000,0.116819
8802,0.000000,0.0000,0.107856
8803,0.000000,0.0000,0.117753
8804,0.000000,0.0000,0.117242
8805,0.000000,0.0000,0.116494
8806,0.000000,0.0000,0.106000
8807,0.000000,0.0000,0.088013
8808,0.000000,0.0000,0.090355
8809,0.000000,0.0000,0.081027
8810,0.000000,0.0000,0.063361
8811,0.000000,0.0000,0.068232
8812,0.000000,0.0000,0.000000
8813,0.000000,0.0000,0.000000
8814,0.000000,0.0000,0.000000
8815,0.000000,0.0000,0.000000
8816,0.000000,0.0000,0.000000
8817,0.000000,0.0000,0.000000
8818,0.000000,0.0000,0.000000
8819,0.000000,0.0000,0.000000
8820,0.000000,0.0000,0.000000
8821,0.000000,0.0000,0.000000
8822,0.000000,0.0000,0.000000
8823,0.000000,0.0000,0.000000
8824,0.000000,0.0000,0.000000
8825,0.000000,0.0000,0.000000
8826,0.006258,2.9243,0.029728
8827,0.000000,0.0000,0.000000
8828,0.000000,0.0000,0.000000
8829,0.000000,0.0000,0.000000
8830,0.000000,0.0000,0.000000
8831,0.000000,0.0000,0.000000
8832,0.000000,0.0000,0.000000
8833,0.000000,0.0000,0.000000
8834,0.005697,2.6620,0.076190
8835,0.006919,3.2327,0.087903
8836,0.006049,2.8263,0.079601
8837,0.005541,2.5892,0.074666
8838,0.006393,2.9870,0.082906
8839,0.004862,2.2720,0.067930
8840,0.000000,0.0000,0.000000
8841,0.000000,0.0000,0.000000
8842,0.000000,0.0000,0.000000
8843,0.000000,0.0000,0.000000
8844,0.000000,0.0000,0.000000
8845,0.000000,0.0000,0.000000
8846,0.000000,0.0000,0.000000
8847,0.000000,0.0000,0.000000
8848,0.000000,0.0000,0.000000
8849,0.000000,0.0000,0.000000
8850,0.000000,0.0000,0.046965
8851,0.000000,0.0000,0.000000
8852,0.000000,0.0000,0.000000
8853,0.000000,0.0000,0.000000
8854,0.000000,0.0000,0.000000
8855,0.000000,0.0000,0.000000
8856,0.000000,0.0000,0.000000
8857,0.000000,0.0000,0.000000
8858,0.078156,36.5189,0.076091
8859,0.065991,30.8346,0.063844
8860,0.069736,32.5848,0.067570
8861,0.076799,35.8848,0.074703
8862,0.098084,45.8303,0.097284
8863,0.099054,46.2836,0.098361
8864,0.101276,47.3220,0.100847
8865,0.100656,47.0324,0.100151
8866,0.107184,50.0824,0.107591
8867,0.107360,50.1646,0.107795
8868,0.093658,43.7625,0.092430
8869,0.088902,41.5401,0.087315
8870,0.060753,28.3871,0.058694
8871,0.070680,33.0257,0.068515
8872,0.072952,34.0876,0.070800
8873,0.051394,24.0144,0.049642
8874,0.000000,0.0000,0.000000
8875,0.000000,0.0000,0.000000
8876,0.000000,0.0000,0.000000
8877,0.000000,0.0000,0.000000
8878,0.000000,0.0000,0.000000
8879,0.062426,29.1691,0.071560
8880,0.057950,27.0776,0.066340
8881,0.088746,41.4670,0.104212
8882,0.099420,46.4547,0.118835
8883,0.096444,45.0640,0.114652
8884,0.089542,41.8394,0.105270
8885,0.091377,42.6966,0.107724
8886,0.080558,37.6414,0.093619
8887,0.085105,39.7659,0.099443
8888,0.089689,41.9079,0.105465
8889,0.199332,93.1392,0.110430
8890,0.079064,36.9434,0.091735
8891,0.072301,33.7830,0.083367
8892,0.068024,31.7848,0.078200
8893,0.062919,29.3995,0.072140
8894,0.038048,17.7783,0.043868
8895,0.000000,0.0000,0.000000
8896,0.000000,0.0000,0.000000
8897,0.000000,0.0000,0.064243
8898,0.000000,0.0000,0.000000
8899,0.000000,0.0000,0.055551
8900,0.000000,0.0000,0.000000
8901,0.000000,0.0000,0.000000
8902,0.000000,0.0000,0.000000
8903,0.000000,0.0000,0.000000
8904,0.000000,0.0000,0.000000
8905,0.000000,0.0000,0.000000
8906,0.000000,0.0000,0.000000
8907,0.000000,0.0000,0.000000
8908,0.000000,0.0000,0.000000
8909,0.000000,0.0000,0.000000
8910,0.000000,0.0000,0.000000
8911,0.000000,0.0000,0.000000
8912,0.000000,0.0000,0.000000
8913,0.000000,0.0000,0.000000
8914,0.000000,0.0000,0.000000
8915,0.000000,0.0000,0.000000
8916,0.000000,0.0000,0.000000
8917,0.000000,0.0000,0.000000
8918,0.000000,0.0000,0.000000
8919,0.000000,0.0000,0.000000
8920,0.000000,0.0000,0.000000
8921,0.000000,0.0000,0.000000
8922,0.000000,0.0000,0.000000
8923,0.000000,0.0000,0.000000
8924,0.000000,0.0000,0.000000
8925,0.000000,0.0000,0.000000
8926,0.000000,0.0000,0.000000
8927,0.000000,0.0000,0.000000
8928,0.000000,0.0000,0.000000
8929,0.000000,0.0000,0.000000
8930,0.000000,0.0000,0.000000
8931,0.000000,0.0000,0.000000
8932,0.000000,0.0000,0.000000
8933,0.000000,0.0000,0.000000
8934,0.000000,0.0000,0.000000
8935,0.000000,0.0000,0.000000
8936,0.000000,0.0000,0.000000
8937,0.000000,0.0000,0.000000
8938,0.000000,0.0000,0.000000
8939,0.000000,0.0000,0.000000
8940,0.000000,0.0000,0.000000
8941,0.000000,0.0000,0.000000
8942,0.000000,0.0000,0.000000
8943,0.000000,0.0000,0.000000
8944,0.000000,0.0000,0.000000
8945,0.000000,0.0000,0.000000
8946,0.000000,0.0000,0.000000
8947,0.000000,0.0000,0.000000
8948,0.000000,0.0000,0.000000
8949,0.000000,0.0000,0.000000
8950,0.000000,0.0000,0.000000
8951,0.006941,3.2431,0.000000
8952,0.000000,0.0000,0.000000
8953,0.000000,0.0000,0.000000
8954,0.000000,0.0000,0.000000
8955,0.000000,0.0000,0.000000
8956,0.000000,0.0000,0.000000
8957,0.000000,0.0000,0.000000
8958,0.016115,7.5299,0.062373
8959,0.019044,8.8985,0.072027
8960,0.020801,9.7196,0.077828
8961,0.021495,10.0438,0.080125
8962,0.026119,12.2041,0.095589
8963,0.023933,11.1829,0.088237
8964,0.023635,11.0435,0.087240
8965,0.026418,12.3439,0.096603
8966,0.024913,11.6408,0.091523
8967,0.026999,12.6154,0.098578
8968,0.026787,12.5166,0.097859
8969,0.024788,11.5825,0.091103
8970,0.030309,14.1622,0.110005
8971,0.030202,14.1122,0.109630
8972,0.030059,14.0451,0.109128
8973,0.034261,16.0088,0.124149
8974,0.033444,15.6270,0.121171
8975,0.034290,16.0223,0.124255
8976,0.034652,16.1916,0.125586
8977,0.033886,15.8335,0.122778
8978,0.032722,15.2895,0.118563
8979,0.032863,15.3554,0.119070
8980,0.036107,16.8715,0.130997
8981,0.033919,15.8487,0.122897
8982,0.037713,17.6217,0.137101
8983,0.033913,15.8463,0.122877
8984,0.037603,17.5705,0.136679
8985,0.037334,17.4447,0.135648
8986,0.035005,16.3563,0.126886
8987,0.032792,15.3222,0.118815
8988,0.034725,16.2256,0.125853
8989,0.033863,15.8227,0.122693
8990,0.033922,15.8504,0.122910
8991,0.031001,14.4855,0.112437
8992,0.031182,14.5698,0.113074
8993,0.032124,15.0101,0.116421
8994,0.035225,16.4590,0.127701
8995,0.034854,16.2860,0.126330
8996,0.033087,15.4601,0.119878
8997,0.033652,15.7240,0.121925
8998,0.035586,16.6276,0.129043
8999,0.031052,14.5091,0.112615
9000,0.031455,14.6974,0.114040
9001,0.031054,14.5101,0.112622
9002,0.027120,12.6719,0.098990
9003,0.030308,14.1618,0.110002
9004,0.030729,14.3582,0.111478
9005,0.024878,11.6244,0.091405
9006,0.028199,13.1762,0.102684
9007,0.027342,12.7758,0.099749
9008,0.023788,11.1153,0.087754
9009,0.021081,9.8500,0.078752
9010,0.024602,11.4954,0.090478
9011,0.022886,10.6938,0.084745
9012,0.017100,7.9902,0.065621
9013,0.020400,9.5322,0.076503
9014,0.017821,8.3269,0.067995
9015,0.012519,5.8494,0.050465
9016,0.015602,7.2900,0.060680
9017,0.022803,10.6548,0.084467
9018,0.018793,8.7811,0.071199
9019,0.021009,9.8165,0.078515
9020,0.021372,9.9861,0.079716
9021,0.023763,11.1032,0.087667
9022,0.025646,11.9834,0.093993
9023,0.024356,11.3806,0.089654
9024,0.024693,11.5381,0.090785
9025,0.024371,11.3873,0.089702
9026,0.027157,12.6892,0.099116
9027,0.022653,10.5850,0.083970
9028,0.021691,10.1355,0.080776
9029,0.017130,8.0040,0.065718
9030,0.018358,8.5780,0.069766
9031,0.017231,8.0511,0.066050
9032,0.000000,0.0000,0.000000
9033,0.002774,1.2961,0.056702
9034,0.003571,1.6685,0.067400
9035,0.005355,2.5024,0.089576
9036,0.007243,3.3845,0.111544
9037,0.007179,3.3543,0.110806
9038,0.007320,3.4204,0.112422
9039,0.006872,3.2109,0.107291
9040,0.006936,3.2409,0.108028
9041,0.006012,2.8090,0.097328
9042,0.006639,3.1022,0.104615
9043,0.005948,2.7792,0.096583
9044,0.006131,2.8648,0.098723
9045,0.004633,2.1649,0.080829
9046,0.003615,1.6890,0.067971
9047,0.003107,1.4517,0.061250
9048,0.000000,0.0000,0.000000
9049,0.000000,0.0000,0.000000
9050,0.000000,0.0000,0.000000
9051,0.000000,0.0000,0.000000
9052,0.000000,0.0000,0.000000
9053,0.000000,0.0000,0.000000
9054,0.000000,0.0000,0.000000
9055,0.006101,2.8509,0.040793
9056,0.013372,6.2480,0.075806
9057,0.013641,6.3738,0.077066
9058,0.009099,4.2516,0.055549
9059,0.012979,6.0643,0.073962
9060,0.016350,7.6399,0.089741
9061,0.017581,8.2148,0.095509
9062,0.019001,8.8784,0.102202
9063,0.020249,9.4617,0.108132
9064,0.022366,10.4507,0.118329
9065,0.020573,9.6130,0.109679
9066,0.021326,9.9648,0.113294
9067,0.024344,11.3748,0.128070
9068,0.023982,11.2059,0.126272
9069,0.021754,10.1646,0.115358
9070,0.021069,9.8445,0.112056
9071,0.020329,9.4987,0.108511
9072,0.019767,9.2363,0.105835
9073,0.021111,9.8641,0.112257
9074,0.020368,9.5169,0.108697
9075,0.017421,8.1403,0.094760
9076,0.016988,7.9378,0.092727
9077,0.017191,8.0328,0.093680
9078,0.017755,8.2960,0.096325
9079,0.018589,8.6856,0.100253
9080,0.017222,8.0471,0.093825
9081,0.017907,8.3670,0.097041
9082,0.015649,7.3120,0.086458
9083,0.016878,7.8866,0.092214
9084,0.014979,6.9991,0.083327
9085,0.010166,4.7500,0.060665
9086,0.011916,5.5678,0.068964
9087,0.010368,4.8446,0.061631
9088,0.000000,0.0000,0.000000
9089,0.000000,0.0000,0.000000
9090,0.057012,26.6392,0.090819
9091,0.061210,28.6009,0.097860
9092,0.071791,33.5448,0.116548
9093,0.075952,35.4893,0.124363
9094,0.077601,36.2598,0.127548
9095,0.075079,35.0814,0.122699
9096,0.077795,36.3503,0.127925
9097,0.070365,32.8783,0.113937
9098,0.068062,31.8022,0.109786
9099,0.062846,29.3650,0.100654
9100,0.068257,31.8935,0.110135
9101,0.073045,34.1309,0.118872
9102,0.078077,36.4822,0.128477
9103,0.080445,37.5887,0.133169
9104,0.080774,37.7424,0.133830
9105,0.080160,37.4552,0.132596
9106,0.076059,35.5393,0.124569
9107,0.073295,34.2478,0.119339
9108,0.073281,34.2410,0.119312
9109,0.077739,36.3241,0.127816
9110,0.079194,37.0040,0.130675
9111,0.078560,36.7080,0.129425
9112,0.072885,34.0560,0.118574
9113,0.077425,36.1776,0.127205
9114,0.076707,35.8421,0.125815
9115,0.080474,37.6021,0.133226
9116,0.086253,40.3023,0.145222
9117,0.085116,39.7708,0.142795
9118,0.083728,39.1225,0.139880
9119,0.073453,34.3213,0.119633
9120,0.075038,35.0619,0.122620
9121,0.076766,35.8696,0.125929
9122,0.073500,34.3436,0.119722
9123,0.074106,34.6264,0.120858
9124,0.073835,34.4997,0.120348
9125,0.075449,35.2540,0.123401
9126,0.079439,37.1186,0.131161
9127,0.072842,34.0361,0.118495
9128,0.074756,34.9304,0.122086
9129,0.076664,35.8220,0.125732
9130,0.077080,36.0164,0.126536
9131,0.074966,35.0282,0.122482
9132,0.078620,36.7360,0.129543
9133,0.081666,38.1589,0.135634
9134,0.075236,35.1548,0.122997
9135,0.066001,30.8396,0.106136
9136,0.064048,29.9269,0.102728
9137,0.068537,32.0246,0.110637
9138,0.073380,34.2873,0.119497
9139,0.066740,31.1846,0.107438
9140,0.072182,33.7275,0.117270
9141,0.080109,37.4316,0.132495
9142,0.083252,38.9000,0.138891
9143,0.084052,39.2741,0.140557
9144,0.226451,105.8108,0.161950
9145,0.243141,113.6096,0.167029
9146,0.233519,109.1134,0.165873
9147,0.191937,89.6841,0.163699
9148,0.191778,89.6096,0.164852
9149,0.179580,83.9100,0.164232
9150,0.232799,108.7768,0.172082
9151,0.094691,44.2449,0.164422
9152,0.094176,44.0044,0.163183
9153,0.096930,45.2910,0.169925
9154,0.093923,43.8860,0.162577
9155,0.094548,44.1784,0.164079
9156,0.092757,43.3413,0.159818
9157,0.094042,43.9419,0.162863
9158,0.099614,46.5456,0.176790
9159,0.095297,44.5282,0.165894
9160,0.095118,44.4445,0.165458
9161,0.092150,43.0577,0.158399
9162,0.092333,43.1431,0.158825
9163,0.090777,42.4163,0.155236
9164,0.090698,42.3794,0.155056
9165,0.088354,41.2842,0.149799
9166,0.093909,43.8794,0.162544
9167,0.092516,43.2286,0.159252
9168,0.090579,42.3235,0.154784
9169,0.087952,41.0962,0.148913
9170,0.088987,41.5796,0.151201
9171,0.085410,39.9084,0.143420
9172,0.086674,40.4990,0.146129
9173,0.088824,41.5036,0.150839
9174,0.086990,40.6466,0.146813
9175,0.084621,39.5398,0.141751
9176,0.079654,37.2189,0.131588
9177,0.073843,34.5035,0.120364
9178,0.071832,33.5640,0.116624
9179,0.069225,32.3459,0.111873
9180,0.069735,32.5842,0.112794
9181,0.074018,34.5852,0.120692
9182,0.070815,33.0890,0.114759
9183,0.066378,31.0157,0.106800
9184,0.070754,33.0602,0.114646
9185,0.068122,31.8304,0.109893
9186,0.070793,33.0783,0.114717
9187,0.078336,36.6032,0.128984
9188,0.086405,40.3735,0.145549
9189,0.089491,41.8153,0.152327
9190,0.091335,42.6771,0.156515
9191,0.090059,42.0808,0.153606
9192,0.086884,40.5972,0.146584
9193,0.085740,40.0624,0.144122
9194,0.083594,39.0601,0.139602
9195,0.086435,40.3875,0.145614
9196,0.088652,41.4233,0.150457
9197,0.089397,41.7716,0.152118
9198,0.090681,42.3715,0.155018
9199,0.089294,41.7234,0.151887
9200,0.091455,42.7331,0.156791
9201,0.090579,42.3236,0.154784
9202,0.093435,43.6584,0.161418
9203,0.094917,44.3505,0.163047
9204,0.092282,43.1194,0.156903
9205,0.093220,43.5578,0.158630
9206,0.092144,43.0548,0.156459
9207,0.090400,42.2400,0.153362
9208,0.088418,41.3138,0.149939
9209,0.089615,41.8732,0.152605
9210,0.093615,43.7422,0.161844
9211,0.091574,42.7886,0.157065
9212,0.091959,42.9686,0.157956
9213,0.090671,42.3666,0.154994
9214,0.094194,44.0127,0.163226
9215,0.181646,84.8754,0.163964
9216,0.189380,88.4893,0.164091
9217,0.170773,79.7947,0.162033
9218,0.087138,40.7157,0.147134
9219,0.087362,40.8203,0.147621
9220,0.085186,39.8037,0.142944
9221,0.084955,39.6960,0.142456
9222,0.083062,38.8112,0.138497
9223,0.085753,40.0689,0.144152
9224,0.082987,38.7765,0.138344
9225,0.161353,75.3935,0.149040
9226,0.085444,39.9243,0.143492
9227,0.084388,39.4309,0.141261
9228,0.078525,36.6912,0.129354
9229,0.081267,37.9724,0.134824
9230,0.100370,46.8984,0.155216
9231,0.103207,48.2244,0.159234
9232,0.099297,46.3972,0.153915
9233,0.091386,42.7008,0.144850
9234,0.095258,44.5098,0.149961
9235,0.085548,39.9730,0.143714
9236,0.077293,36.1156,0.126948
9237,0.073997,34.5759,0.120655
9238,0.078572,36.7134,0.129448
9239,0.079162,36.9889,0.130611
9240,0.084512,39.4889,0.141521
9241,0.079391,37.0961,0.131066
9242,0.081455,38.0603,0.135206
9243,0.080476,37.6032,0.133231
9244,0.079134,36.9759,0.130556
9245,0.079167,36.9913,0.130621
9246,0.081849,38.2447,0.136009
9247,0.085042,39.7363,0.140644
9248,0.084167,39.3278,0.138352
9249,0.078025,36.4576,0.128374
9250,0.076400,35.6984,0.125222
9251,0.078135,36.5094,0.128591
9252,0.077758,36.3329,0.127853
9253,0.075542,35.2975,0.123579
9254,0.079275,37.0417,0.130835
9255,0.071789,33.5441,0.116546
9256,0.071735,33.5185,0.116445
9257,0.073228,34.2163,0.119213
9258,0.072359,33.8105,0.117599
9259,0.066773,31.2000,0.107496
9260,0.063992,29.9007,0.102631
9261,0.061110,28.5541,0.097690
9262,0.057870,27.0404,0.092245
9263,0.055781,26.0639,0.088787
9264,0.057772,26.9942,0.092080
9265,0.061626,28.7954,0.098568
9266,0.067088,31.3475,0.108055
9267,0.067925,31.7386,0.109543
9268,0.064535,30.1545,0.103574
9269,0.066302,30.9802,0.106666
9270,0.066062,30.8677,0.106242
9271,0.073043,34.1297,0.118868
9272,0.072476,33.8650,0.117815
9273,0.070858,33.1089,0.114837
9274,0.067620,31.5959,0.108998
9275,0.072412,33.8350,0.117696
9276,0.072704,33.9715,0.118238
9277,0.071341,33.3344,0.115721
9278,0.071428,33.3754,0.115882
9279,0.065581,30.6434,0.105400
9280,0.051268,23.9556,0.081454
9281,0.055771,26.0594,0.088771
9282,0.050135,23.4262,0.079637
9283,0.058920,27.5308,0.093997
9284,0.060765,28.3927,0.097104
9285,0.062389,29.1518,0.099871
9286,0.065426,30.5707,0.105127
9287,0.060871,28.4425,0.097284
9288,0.065530,30.6194,0.105310
9289,0.066105,30.8880,0.106318
9290,0.068603,32.0551,0.110754
9291,0.071914,33.6023,0.116775
9292,0.074826,34.9628,0.122217
9293,0.069923,32.6720,0.113135
9294,0.070899,33.1280,0.114911
9295,0.071504,33.4106,0.116020
9296,0.073627,34.4028,0.119960
9297,0.067434,31.5091,0.108668
9298,0.066279,30.9691,0.106624
9299,0.063095,29.4816,0.101083
9300,0.050978,23.8200,0.080988
9301,0.046938,21.9322,0.074561
9302,0.063676,29.7532,0.102085
9303,0.062281,29.1014,0.099687
9304,0.058105,27.1499,0.092635
9305,0.062646,29.2719,0.100312
9306,0.058413,27.2940,0.093149
9307,0.051488,24.0583,0.081807
9308,0.041803,19.5325,0.066538
9309,0.049641,23.1950,0.078847
9310,0.061568,28.7683,0.098469
9311,0.052192,24.3872,0.082941
9312,0.056539,26.4181,0.090037
9313,0.057475,26.8554,0.091587
9314,0.059132,27.6300,0.094353
9315,0.053392,24.9478,0.084884
9316,0.059759,27.9226,0.095405
9317,0.056733,26.5088,0.090358
9318,0.062209,29.0675,0.099562
9319,0.066506,31.0755,0.107025
9320,0.074333,34.7327,0.121286
9321,0.079112,36.9656,0.130512
9322,0.073023,34.1206,0.118831
9323,0.068640,32.0727,0.110822
9324,0.069425,32.4395,0.112234
9325,0.068827,32.1598,0.111156
9326,0.073297,34.2485,0.119342
9327,0.070580,32.9790,0.114329
9328,0.075099,35.0905,0.122736
9329,0.080978,37.8374,0.134240
9330,0.080063,37.4100,0.132403
9331,0.078838,36.8378,0.129972
9332,0.081616,38.1356,0.135533
9333,0.080407,37.5707,0.133092
9334,0.085762,40.0727,0.144169
9335,0.091505,42.7563,0.156905
9336,0.091480,42.7445,0.156847
9337,0.092531,43.2357,0.159288
9338,0.091290,42.6558,0.156410
9339,0.090274,42.1814,0.154093
9340,0.092147,43.0564,0.158393
9341,0.187976,87.8332,0.164192
9342,0.091831,42.9085,0.157658
9343,0.089860,41.9877,0.153156
9344,0.090523,42.2975,0.154657
9345,0.087439,40.8565,0.147790
9346,0.087536,40.9020,0.148003
9347,0.085474,39.9383,0.143556
9348,0.085770,40.0766,0.144187
9349,0.085057,39.7434,0.142671
9350,0.087017,40.6593,0.146872
9351,0.090974,42.5082,0.154609
9352,0.087956,41.0981,0.148832
9353,0.086212,40.2830,0.145133
9354,0.080744,37.7280,0.133768
9355,0.079166,36.9907,0.130618
9356,0.081015,37.8547,0.134315
9357,0.077827,36.3652,0.127987
9358,0.080613,37.6671,0.133506
9359,0.077261,36.1008,0.126886
9360,0.082640,38.6140,0.137627
9361,0.087967,41.1031,0.148945
9362,0.085441,39.9230,0.143486
9363,0.083170,38.8617,0.138721
9364,0.125917,58.8358,0.140198
9365,0.080597,37.6595,0.133473
9366,0.165939,77.5362,0.135847
9367,0.212368,99.2305,0.141830
9368,0.202281,94.5174,0.139512
9369,0.183667,85.8199,0.139543
9370,0.076497,35.7437,0.125409
9371,0.077392,36.1621,0.127141
9372,0.078505,36.6821,0.129316
9373,0.182639,85.3396,0.142459
9374,0.143063,66.8474,0.135560
9375,0.138107,64.5313,0.137311
9376,0.081487,38.0752,0.135271
9377,0.078155,36.5184,0.128629
9378,0.078917,36.8745,0.130127
9379,0.083360,38.9504,0.139114
9380,0.095293,44.5262,0.148297
9381,0.085276,39.8457,0.143135
9382,0.081362,38.0169,0.135018
9383,0.077347,36.1408,0.127052
9384,0.077571,36.2457,0.127489
9385,0.079883,37.3261,0.132045
9386,0.078425,36.6448,0.129159
9387,0.078113,36.4990,0.128547
9388,0.078050,36.4695,0.128424
9389,0.082308,38.4590,0.136946
9390,0.082144,38.3825,0.136611
9391,0.085092,39.7599,0.142745
9392,0.082725,38.6540,0.137803
9393,0.101703,47.5213,0.148798
9394,0.085479,39.9405,0.143566
9395,0.100507,46.9627,0.145436
9396,0.085063,39.7464,0.142684
9397,0.084525,39.4947,0.141548
9398,0.086532,40.4329,0.145824
9399,0.087575,40.9199,0.148086
9400,0.086611,40.4695,0.145992
9401,0.141939,66.3220,0.152353
9402,0.138268,64.6065,0.147870
9403,0.136436,63.7505,0.143567
9404,0.083255,38.9017,0.138898
9405,0.085573,39.9844,0.143766
9406,0.080129,37.4409,0.132535
9407,0.081401,38.0352,0.135097
9408,0.079720,37.2496,0.131718
9409,0.082576,38.5843,0.137496
9410,0.078201,36.5399,0.128719
9411,0.079175,36.9950,0.130637
9412,0.079784,37.2795,0.131846
9413,0.077726,36.3182,0.127792
9414,0.080826,37.7667,0.133935
9415,0.081505,38.0837,0.135308
9416,0.079743,37.2604,0.131765
9417,0.075917,35.4726,0.124295
9418,0.079547,37.1688,0.131375
9419,0.078042,36.4655,0.128407
9420,0.078873,36.8540,0.130040
9421,0.081340,38.0069,0.134974
9422,0.078264,36.5694,0.128842
9423,0.082502,38.5499,0.137345
9424,0.082296,38.4535,0.136922
9425,0.078141,36.5118,0.128601
9426,0.073692,34.4330,0.120081
9427,0.076300,35.6518,0.125031
9428,0.080234,37.4898,0.132745
9429,0.086128,40.2439,0.144954
9430,0.087549,40.9078,0.148029
9431,0.175365,81.9404,0.159061
9432,0.175672,82.0838,0.158201
9433,0.147012,68.6923,0.155468
9434,0.083177,38.8650,0.138735
9435,0.088024,41.1298,0.149071
9436,0.114132,53.3289,0.157273
9437,0.107265,50.1203,0.151766
9438,0.112985,52.7932,0.156600
9439,0.088660,41.4270,0.150475
9440,0.088406,41.3084,0.149913
9441,0.234656,109.6446,0.155412
9442,0.258930,120.9869,0.159200
9443,0.235889,110.2209,0.152672
9444,0.220024,102.8078,0.149270
9445,0.226462,105.8159,0.147644
9446,0.289556,135.2971,0.164860
9447,0.281188,131.3873,0.160924
9448,0.269880,126.1034,0.156931
9449,0.271668,126.9389,0.157499
9450,0.274045,128.0494,0.157245
9451,0.244666,114.3221,0.146126
9452,0.256868,120.0234,0.148856
9453,0.263134,122.9513,0.150263
9454,0.284278,132.8311,0.156414
9455,0.270846,126.5546,0.152636
9456,0.270905,126.5823,0.155838
9457,0.266276,124.4195,0.154898
9458,0.235449,110.0151,0.150242
9459,0.197774,92.4115,0.147085
9460,0.230865,107.8736,0.148588
9461,0.256062,119.6469,0.158695
9462,0.240806,112.5184,0.156906
9463,0.231626,108.2287,0.154810
9464,0.088619,41.4078,0.150384
9465,0.092396,43.1727,0.158973
9466,0.085635,40.0137,0.143900
9467,0.081066,37.8785,0.134418
9468,0.077629,36.2729,0.127602
9469,0.077095,36.0232,0.126564
9470,0.080919,37.8100,0.134122
9471,0.086827,40.5705,0.138729
9472,0.081229,37.9549,0.132398
9473,0.085099,39.7632,0.137408
9474,0.078186,36.5327,0.128689
9475,0.077873,36.3866,0.128077
9476,0.079296,37.0516,0.130877
9477,0.086730,40.5254,0.136174
9478,0.083462,38.9983,0.132450
9479,0.088974,41.5738,0.140295
9480,0.081897,38.2670,0.136106
9481,0.082065,38.3453,0.136448
9482,0.085401,39.9041,0.143400
9483,0.089259,41.7069,0.151808
9484,0.088438,41.3234,0.149984
9485,0.090170,42.1326,0.153857
9486,0.087605,40.9341,0.148153
9487,0.092857,43.3882,0.160053
9488,0.091435,42.7238,0.156745
9489,0.091458,42.7343,0.156797
9490,0.090672,42.3673,0.154997
9491,0.087776,41.0139,0.148526
9492,0.087755,41.0044,0.148482
9493,0.088445,41.3264,0.149998
9494,0.081271,37.9743,0.134833
9495,0.081291,37.9837,0.134873
9496,0.077635,36.2756,0.127614
9497,0.077877,36.3884,0.128085
9498,0.079418,37.1087,0.131119
9499,0.077410,36.1704,0.127176
9500,0.077844,36.3732,0.128021
9501,0.079322,37.0636,0.130927
9502,0.074600,34.8575,0.121791
9503,0.078265,36.5697,0.128844
9504,0.077787,36.3466,0.127910
9505,0.080935,37.8174,0.134154
9506,0.079199,37.0062,0.130684
9507,0.082285,38.4484,0.136899
9508,0.083307,38.9258,0.139005
9509,0.081898,38.2675,0.136108
9510,0.082437,38.5195,0.137211
9511,0.079923,37.3445,0.132123
9512,0.077929,36.4130,0.128187
9513,0.076598,35.7911,0.125605
9514,0.067297,31.4451,0.108425
9515,0.075296,35.1826,0.123110
9516,0.071913,33.6018,0.116773
9517,0.073351,34.2737,0.119443
9518,0.073334,34.2661,0.119412
9519,0.071654,33.4808,0.116296
9520,0.070092,32.7510,0.113441
9521,0.062746,29.3187,0.100484
9522,0.063657,29.7441,0.102052
9523,0.065513,30.6115,0.105280
9524,0.067526,31.5519,0.108831
9525,0.069925,32.6730,0.113138
9526,0.066594,31.1165,0.107180
9527,0.067080,31.3436,0.108040
9528,0.065950,30.8156,0.106046
9529,0.068735,32.1167,0.110991
9530,0.075947,35.4866,0.124352
9531,0.073869,34.5160,0.120414
9532,0.073194,34.2006,0.119150
9533,0.056681,26.4847,0.090272
9534,0.050753,23.7146,0.080626
9535,0.046314,21.6403,0.073577
9536,0.049826,23.2814,0.079143
9537,0.054976,25.6879,0.087467
9538,0.064371,30.0777,0.103288
9539,0.070480,32.9323,0.114147
9540,0.072728,33.9825,0.118281
9541,0.074631,34.8721,0.121850
9542,0.080837,37.7718,0.133957
9543,0.079293,37.0501,0.130870
9544,0.080871,37.7876,0.134025
9545,0.076869,35.9177,0.126128
9546,0.076257,35.6314,0.124947
9547,0.076539,35.7636,0.125491
9548,0.075434,35.2471,0.123373
9549,0.076030,35.5258,0.124513
9550,0.074582,34.8490,0.121756
9551,0.076210,35.6098,0.124858
9552,0.078626,36.7386,0.129554
9553,0.082090,38.3573,0.136501
9554,0.083177,38.8649,0.138735
9555,0.086418,40.3793,0.145576
9556,0.091590,42.7962,0.157102
9557,0.093888,43.8698,0.162495
9558,0.091733,42.8628,0.157432
9559,0.095164,44.4659,0.165569
9560,0.091174,42.6016,0.156144
9561,0.087466,40.8690,0.147848
9562,0.087885,41.0648,0.148765
9563,0.084585,39.5230,0.141675
9564,0.085363,39.8867,0.143321
9565,0.084947,39.6919,0.142437
9566,0.085950,40.1609,0.144573
9567,0.086160,40.2591,0.145023
9568,0.084879,39.6604,0.142295
9569,0.085713,40.0502,0.144066
9570,0.087689,40.9732,0.148336
9571,0.090136,42.1168,0.153780
9572,0.089682,41.9045,0.152756
9573,0.093017,43.4628,0.160429
9574,0.091206,42.6167,0.156218
9575,0.091585,42.7935,0.157089
9576,0.090735,42.3968,0.155141
9577,0.088981,41.5770,0.151188
9578,0.085656,40.0234,0.143944
9579,0.193841,90.5737,0.159845
9580,0.181933,85.0095,0.157077
9581,0.089469,41.8050,0.152278
9582,0.089877,41.9956,0.153195
9583,0.091215,42.6210,0.156239
9584,0.089704,41.9147,0.152805
9585,0.087470,40.8708,0.147857
9586,0.087269,40.7769,0.147419
9587,0.084850,39.6466,0.142233
9588,0.087280,40.7820,0.147442
9589,0.090188,42.1408,0.153897
9590,0.091798,42.8932,0.157582
9591,0.090683,42.3722,0.155021
9592,0.090897,42.4721,0.155509
9593,0.090417,42.2479,0.154416
9594,0.088328,41.2720,0.149741
9595,0.083558,39.0431,0.139526
9596,0.078764,36.8029,0.129825
9597,0.082756,38.6681,0.137865
9598,0.085147,39.7855,0.142861
9599,0.085725,40.0556,0.144091
9600,0.082947,38.7574,0.138259
9601,0.084547,39.5053,0.141595
9602,0.085153,39.7884,0.142875
9603,0.082513,38.5549,0.137367
9604,0.082683,38.6342,0.137716
9605,0.085294,39.8540,0.143173
9606,0.082731,38.6566,0.137814
9607,0.077282,36.1105,0.126927
9608,0.082815,38.6959,0.137988
9609,0.083407,38.9724,0.139212
9610,0.080742,37.7271,0.133764
9611,0.075198,35.1366,0.122923
9612,0.080745,37.7286,0.133771
9613,0.083046,38.8038,0.138465
9614,0.081837,38.2391,0.135984
9615,0.085934,40.1532,0.144538
9616,0.083956,39.2292,0.140356
9617,0.084700,39.5767,0.141917
9618,0.086240,40.2961,0.145193
9619,0.088393,41.3023,0.149884
9620,0.087036,40.6684,0.146914
9621,0.087809,41.0292,0.148598
9622,0.092107,43.0379,0.158300
9623,0.089676,41.9020,0.152744
9624,0.084940,39.6887,0.142423
9625,0.082163,38.3914,0.136650
9626,0.079306,37.0562,0.130896
9627,0.080950,37.8245,0.134185
9628,0.081552,38.1056,0.135403
9629,0.083457,38.9961,0.139317
9630,0.078588,36.7208,0.129479
9631,0.073589,34.3849,0.119888
9632,0.071479,33.3989,0.115974
9633,0.069050,32.2640,0.111557
9634,0.076182,35.5964,0.124803
9635,0.077930,36.4134,0.128189
9636,0.080053,37.4051,0.132382
9637,0.079333,37.0689,0.130950
9638,0.079079,36.9501,0.130447
9639,0.088761,41.4741,0.135013
9640,0.097600,45.6044,0.138055
9641,0.089124,41.6438,0.132369
9642,0.073480,34.3339,0.119683
9643,0.072011,33.6477,0.116955
9644,0.069812,32.6202,0.112934
9645,0.069178,32.3238,0.111788
9646,0.067149,31.3757,0.108162
9647,0.070793,33.0784,0.114717
9648,0.068847,32.1694,0.111193
9649,0.065092,30.4148,0.104544
9650,0.071929,33.6092,0.116803
9651,0.070079,32.7449,0.113418
9652,0.066814,31.2194,0.107569
9653,0.065429,30.5724,0.105134
9654,0.070127,32.7672,0.113505
9655,0.069935,32.6775,0.113156
9656,0.075025,35.0560,0.122596
9657,0.075527,35.2905,0.123550
9658,0.078914,36.8730,0.130121
9659,0.076880,35.9226,0.126148
9660,0.074153,34.6486,0.120947
9661,0.073947,34.5522,0.120560
9662,0.202700,94.7130,0.133388
9663,0.223091,104.2407,0.138332
9664,0.229973,107.4565,0.140167
9665,0.233279,109.0012,0.138485
9666,0.220110,102.8479,0.135216
9667,0.246754,115.2977,0.142612
9668,0.219917,102.7576,0.133921
9669,0.225416,105.3271,0.131897
9670,0.249651,116.6512,0.138181
9671,0.232875,108.8127,0.129931
9672,0.255111,119.2025,0.135577
9673,0.279809,130.7427,0.146496
9674,0.270723,126.4973,0.147244
9675,0.255612,119.4367,0.141712
9676,0.269660,126.0006,0.148797
9677,0.246191,115.0347,0.139765
9678,0.222633,104.0266,0.134842
9679,0.193649,90.4839,0.127500
9680,0.154145,72.0252,0.117336
9681,0.188836,88.2350,0.123502
9682,0.217354,101.5603,0.130760
9683,0.229733,107.3442,0.136649
9684,0.239606,111.9577,0.140276
9685,0.268379,125.4020,0.151564
9686,0.261405,122.1435,0.150584
9687,0.232763,108.7602,0.142750
9688,0.235217,109.9068,0.146033
9689,0.238683,111.5264,0.149271
9690,0.248219,115.9822,0.152414
9691,0.244447,114.2198,0.154033
9692,0.230280,107.5998,0.148627
9693,0.226381,105.7779,0.143377
9694,0.223150,104.2683,0.140889
9695,0.226388,105.7816,0.142998
9696,0.209796,98.0287,0.136910
9697,0.224786,105.0326,0.134657
9698,0.187555,87.6366,0.130483
9699,0.237424,110.9381,0.139407
9700,0.200062,93.4803,0.130617
9701,0.172709,80.6996,0.123304
9702,0.195167,91.1934,0.124190
9703,0.204470,95.5402,0.125818
9704,0.193993,90.6447,0.122586
9705,0.193453,90.3923,0.125779
9706,0.225637,105.4303,0.134653
9707,0.241407,112.7993,0.141219
9708,0.243848,113.9398,0.140774
9709,0.248684,116.1993,0.143305
9710,0.290293,135.6414,0.157890
9711,0.288523,134.8144,0.157812
9712,0.310239,144.9615,0.170045
9713,0.326175,152.4075,0.176346
9714,0.322739,150.8020,0.175622
9715,0.380638,177.8559,0.183282
9716,0.326751,152.6768,0.180618
9717,0.332714,155.4629,0.181970
9718,0.341849,159.7312,0.182547
9719,0.325071,151.8918,0.174922
9720,0.345762,161.5598,0.183670
9721,0.344566,161.0009,0.184123
9722,0.346214,161.7711,0.182487
9723,0.348381,162.7837,0.184737
9724,0.353755,165.2947,0.184396
9725,0.370593,173.1624,0.190135
9726,0.376056,175.7146,0.191480
9727,0.370756,173.2384,0.191996
9728,0.384344,179.5875,0.201023
9729,0.392139,183.2300,0.208935
9730,0.403496,188.5362,0.212299
9731,0.411474,192.2640,0.214615
9732,0.412460,192.7248,0.215026
9733,0.410256,191.6950,0.214202
9734,0.399981,186.8941,0.210454
9735,0.406380,189.8838,0.213308
9736,0.385955,180.3403,0.205421
9737,0.399746,186.7841,0.210883
9738,0.398585,186.2419,0.210964
9739,0.399943,186.8761,0.214596
9740,0.399628,186.7288,0.214388
9741,0.391794,183.0684,0.211131
9742,0.371123,173.4099,0.202235
9743,0.376747,176.0377,0.203911
9744,0.401223,187.4742,0.212879
9745,0.386328,180.5147,0.205045
9746,0.369756,172.7711,0.198765
9747,0.358155,167.3504,0.194232
9748,0.357305,166.9533,0.193356
9749,0.342121,159.8585,0.187115
9750,0.359356,167.9115,0.194007
9751,0.371717,173.6874,0.197612
9752,0.355816,166.2575,0.189392
9753,0.331386,154.8425,0.176759
9754,0.313895,146.6696,0.169612
9755,0.309200,144.4758,0.170200
9756,0.279985,130.8248,0.158455
9757,0.284289,132.8359,0.160710
9758,0.296335,138.4647,0.165226
9759,0.267041,124.7767,0.151211
9760,0.254831,119.0715,0.147497
9761,0.257262,120.2077,0.149744
9762,0.258860,120.9541,0.149807
9763,0.264880,123.7671,0.151990
9764,0.279060,130.3929,0.160651
9765,0.311907,145.7407,0.175357
9766,0.294441,137.5797,0.168458
9767,0.297972,139.2297,0.170384
9768,0.311661,145.6258,0.174298
9769,0.315194,147.2768,0.176133
9770,0.311196,145.4084,0.176332
9771,0.315289,147.3209,0.177410
9772,0.321251,150.1070,0.180758
9773,0.314519,146.9612,0.176128
9774,0.318403,148.7762,0.176305
9775,0.398098,186.0143,0.178142
9776,0.467315,218.3561,0.180287
9777,0.451639,211.0315,0.186347
9778,0.546908,255.5467,0.190083
9779,0.541878,253.1966,0.188474
9780,0.476066,222.4452,0.185930
9781,0.599138,279.9513,0.192666
9782,0.582695,272.2682,0.191647
9783,0.578483,270.3001,0.193319
9784,0.594191,277.6401,0.193723
9785,0.588259,274.8683,0.192000
9786,0.608814,284.4728,0.196582
9787,0.668519,312.3703,0.205075
9788,0.627931,293.4054,0.202606
9789,0.615270,287.4893,0.203113
9790,0.560226,261.7695,0.195976
9791,0.549429,256.7246,0.196796
9792,0.432846,202.2502,0.191396
9793,0.480829,224.6707,0.196476
9794,0.414898,193.8642,0.192994
9795,0.439890,205.5417,0.197146
9796,0.421078,196.7515,0.196216
9797,0.405705,189.5685,0.195447
9798,0.316441,147.8595,0.193577
9799,0.300087,140.2179,0.188807
9800,0.287216,134.2037,0.186795
9801,0.269538,125.9437,0.182603
9802,0.268133,125.2871,0.182566
9803,0.263236,122.9990,0.178502
9804,0.267734,125.1005,0.178338
9805,0.278164,129.9742,0.181949
9806,0.293547,137.1617,0.186672
9807,0.304276,142.1752,0.189306
9808,0.298755,139.5953,0.189926
9809,0.295745,138.1891,0.190986
9810,0.294522,137.6173,0.186846
9811,0.283816,132.6153,0.183154
9812,0.277590,129.7057,0.180578
9813,0.245125,114.5364,0.172526
9814,0.257397,120.2708,0.177567
9815,0.251283,117.4139,0.177619
9816,0.243273,113.6711,0.176778
9817,0.257924,120.5166,0.182841
9818,0.261132,122.0159,0.181302
9819,0.250399,117.0008,0.178172
9820,0.242372,113.2500,0.176239
9821,0.247123,115.4700,0.176086
9822,0.237958,111.1875,0.174087
9823,0.202113,94.4386,0.165284
9824,0.194509,90.8859,0.164507
9825,0.227607,106.3512,0.165665
9826,0.226351,105.7642,0.166000
9827,0.228849,106.9315,0.167007
9828,0.209658,97.9643,0.164467
9829,0.176845,82.6322,0.156100
9830,0.226278,105.7301,0.167143
9831,0.238387,111.3878,0.170988
9832,0.256877,120.0277,0.175914
9833,0.266321,124.4406,0.180874
9834,0.274936,128.4660,0.183921
9835,0.249615,116.6344,0.174118
9836,0.238999,111.6742,0.168408
9837,0.246084,114.9845,0.170690
9838,0.236977,110.7293,0.167077
9839,0.265539,124.0751,0.175171
9840,0.223551,104.4559,0.165589
9841,0.234580,109.6092,0.168165
9842,0.211988,99.0530,0.165563
9843,0.155481,72.6494,0.157800
9844,0.089684,41.9054,0.152760
9845,0.092221,43.0908,0.158564
9846,0.095397,44.5747,0.166137
9847,0.096287,44.9908,0.168326
9848,0.094092,43.9651,0.162982
9849,0.095338,44.5476,0.165995
9850,0.095261,44.5113,0.165805
9851,0.091276,42.6494,0.156379
9852,0.091170,42.5997,0.156134
9853,0.090406,42.2428,0.154391
9854,0.090569,42.3189,0.154761
9855,0.093643,43.7552,0.161910
9856,0.091102,42.5682,0.155980
9857,0.094542,44.1754,0.164063
9858,0.097773,45.6851,0.172049
9859,0.097440,45.5296,0.171208
9860,0.097616,45.6117,0.171652
9861,0.098495,46.0226,0.173891
9862,0.098630,46.0856,0.174238
9863,0.098988,46.2530,0.175162
9864,0.098486,46.0184,0.173869
9865,0.097289,45.4589,0.170826
9866,0.096546,45.1120,0.168970
9867,0.098396,45.9765,0.173638
9868,0.096464,45.0734,0.168765
9869,0.099231,46.3666,0.175792
9870,0.097275,45.4522,0.170791
9871,0.095437,44.5937,0.166235
9872,0.095950,44.8334,0.167494
9873,0.096289,44.9917,0.168331
9874,0.095963,44.8394,0.167526
9875,0.092879,43.3985,0.160105
9876,0.096068,44.8884,0.167784
9877,0.097199,45.4170,0.170601
9878,0.096750,45.2071,0.169477
9879,0.098831,46.1795,0.174756
9880,0.100048,46.7480,0.177927
9881,0.100596,47.0044,0.179378
9882,0.100468,46.9446,0.179039
9883,0.101432,47.3950,0.181617
9884,0.100991,47.1889,0.180432
9885,0.100143,46.7923,0.178177
9886,0.096507,45.0936,0.168872
9887,0.095759,44.7439,0.167023
9888,0.092028,43.0007,0.158116
9889,0.091768,42.8790,0.157512
9890,0.091498,42.7530,0.156889
9891,0.095634,44.6859,0.166719
9892,0.092948,43.4308,0.160268
9893,0.097091,45.3664,0.170329
9894,0.098491,46.0208,0.173882
9895,0.093858,43.8557,0.162423
9896,0.093620,43.7445,0.161856
9897,0.096157,44.9301,0.168005
9898,0.095020,44.3989,0.165221
9899,0.095893,44.8065,0.167352
9900,0.099529,46.5058,0.176568
9901,0.099135,46.3216,0.175542
9902,0.093866,43.8596,0.162443
9903,0.097923,45.7551,0.172430
9904,0.099535,46.5082,0.176581
9905,0.099837,46.6496,0.177373
9906,0.100613,47.0120,0.179422
9907,0.100423,46.9235,0.178919
9908,0.098680,46.1089,0.174366
9909,0.101634,47.4890,0.182160
9910,0.102343,47.8204,0.184091
9911,0.103564,48.3912,0.187476
9912,0.103743,48.4745,0.187976
9913,0.104175,48.6764,0.189195
9914,0.101751,47.5436,0.182477
9915,0.100851,47.1233,0.180056
9916,0.099156,46.3315,0.175597
9917,0.098683,46.1104,0.174374
9918,0.098893,46.2087,0.174917
9919,0.099307,46.4019,0.175989
9920,0.097389,45.5058,0.171080
9921,0.096911,45.2825,0.169880
9922,0.098149,45.8606,0.173005
9923,0.095597,44.6682,0.166626
9924,0.092120,43.0437,0.158330
9925,0.091760,42.8755,0.157494
9926,0.091665,42.8310,0.157274
9927,0.088398,41.3044,0.149894
9928,0.088269,41.2444,0.149611
9929,0.082198,38.4078,0.136721
9930,0.080565,37.6447,0.133410
9931,0.074889,34.9924,0.122337
9932,0.067060,31.3344,0.108005
9933,0.058897,27.5203,0.093959
9934,0.065041,30.3909,0.104455
9935,0.069859,32.6419,0.113018
9936,0.068590,32.0494,0.110732
9937,0.060877,28.4451,0.097294
9938,0.051001,23.8304,0.081023
9939,0.050066,23.3935,0.079526
9940,0.000000,0.0000,0.000000
9941,0.067041,31.3253,0.067695
9942,0.074177,34.6597,0.075183
9943,0.000000,0.0000,0.000000
9944,0.000000,0.0000,0.000000
9945,0.000000,0.0000,0.000000
9946,0.000892,0.4167,0.064183
9947,0.000771,0.3603,0.058961
9948,0.001083,0.5062,0.071967
9949,0.001736,0.8111,0.095281
9950,0.002117,0.9892,0.107411
9951,0.002281,1.0659,0.112406
9952,0.002347,1.0965,0.114372
9953,0.002095,0.9789,0.106730
9954,0.002190,1.0234,0.109657
9955,0.002019,0.9436,0.104385
9956,0.001874,0.8756,0.099770
9957,0.002205,1.0303,0.110104
9958,0.001965,0.9181,0.102666
9959,0.002010,0.9394,0.104102
9960,0.001611,0.7525,0.091098
9961,0.000897,0.4191,0.064403
9962,0.001099,0.5134,0.072575
9963,0.001146,0.5357,0.074417
9964,0.001122,0.5242,0.073468
9965,0.000828,0.3870,0.061466
9966,0.001306,0.6103,0.080400
9967,0.000000,0.0000,0.000000
9968,0.077526,36.2247,0.069736
9969,0.080127,37.4400,0.072185
9970,0.077870,36.3854,0.070058
9971,0.090094,42.0972,0.081748
9972,0.103943,48.5681,0.095585
9973,0.113032,52.8151,0.105098
9974,0.112427,52.5323,0.104452
9975,0.116088,54.2427,0.108387
9976,0.122164,57.0821,0.115082
9977,0.112233,52.4419,0.104246
9978,0.106988,49.9908,0.098729
9979,0.099331,46.4130,0.090896
9980,0.093770,43.8145,0.085352
9981,0.104747,48.9438,0.096411
9982,0.102783,48.0262,0.094398
9983,0.113614,53.0870,0.105721
9984,0.105766,49.4201,0.097463
9985,0.110225,51.5033,0.102118
9986,0.110933,51.8341,0.102866
9987,0.107517,50.2381,0.099280
9988,0.104575,48.8634,0.096234
9989,0.102650,47.9641,0.094262
9990,0.109522,51.1749,0.101378
9991,0.104230,48.7021,0.095879
9992,0.097192,45.4135,0.088750
9993,0.078127,36.5053,0.070300
9994,0.088536,41.3691,0.080233
9995,0.071503,33.4104,0.064126
9996,0.000000,0.0000,0.000000
9997,0.000000,0.0000,0.000000
9998,0.000000,0.0000,0.000000
9999,0.000000,0.0000,0.000000
